{"type": "FeatureCollection", "features": [{"type": "Feature", "properties": {"OBJECTID": 315, "Basin_Number": "5-022", "Basin_Subbasin_Number": "5-022.12", "Basin_Name": "SAN JOAQUIN VALLEY", "Basin_Subbasin_Name": "SAN JOAQUIN VALLEY - TULARE LAKE", "Region_Office": "SCRO", "Date_Record_Last_Edited": "2016-06-28T00:00:00Z", "Record_Edited_By": "SErysian", "Comments": "Adjusted northern boundary to Fresno/Kings Co boundary and to South Fork Kings River; adjusted southern boundary to Kern Co bnd; adjusted eastern boundary as per basin boundary modification request.", "Date_Data_Applies_To": null, "GlobalID": "{44D22A10-EA8C-41F6-BA15-328EB8366EB9}", "Area_Acres": 535907, "Area_SqMiles": 837.356, "SHAPESTArea": 3327350154.263839, "SHAPESTLength": 360548.98010433686}, "geometry": {"type": "Polygon", "coordinates": [[[-119.52841628794081, 36.4598493183176], [-119.52856600745427, 36.445198027311484], [-119.52856600745427, 36.445197975282326], [-119.52864472233104, 36.430623845273914], [-119.52864472233104, 36.43062379323498], [-119.52872950263263, 36.416079465607176], [-119.52872950263263, 36.41607941355849], [-119.52879983802443, 36.40497305545904], [-119.52879983892275, 36.40497300340287], [-119.52882576250522, 36.4024704625861], [-119.52882576340353, 36.40247041052826], [-119.52883649108466, 36.40143508980217], [-119.52878060239925, 36.40143437616661], [-119.49308522532124, 36.40097355346942], [-119.49281728032986, 36.400969265122995], [-119.49261025728441, 36.40096734834554], [-119.49351708230922, 36.400222157952825], [-119.49471241745722, 36.39975629852702], [-119.49528210834914, 36.399540797315076], [-119.49529648049537, 36.399535360681824], [-119.49600288868534, 36.399268136566114], [-119.49715106497585, 36.39891804762934], [-119.4982785386923, 36.39849639132542], [-119.49918755740306, 36.398298137488226], [-119.50001204105227, 36.3982659097856], [-119.50005596687303, 36.398264192507284], [-119.50580077935328, 36.39819494169224], [-119.50911909492734, 36.39693066927112], [-119.50960455887993, 36.39674569728868], [-119.50986006310295, 36.396648343360816], [-119.51030260195797, 36.39656636995454], [-119.5110264805836, 36.3965542222038], [-119.51102844430083, 36.39637922496659], [-119.52027195765743, 36.39606097636564], [-119.52773092458303, 36.395821280533774], [-119.52779581259094, 36.395819193703886], [-119.52861378704762, 36.39595461843641], [-119.52887297975319, 36.39612729335938], [-119.53314864699354, 36.39696296621974], [-119.53339435598672, 36.39701098500254], [-119.53379562983085, 36.39694829137762], [-119.53614360769295, 36.396581421593574], [-119.53738993840294, 36.3964714923553], [-119.53859278167006, 36.39629221789664], [-119.54173010108748, 36.39597074542257], [-119.54276175510584, 36.39596035106225], [-119.54417500896534, 36.39578884210871], [-119.54503936883005, 36.39574133017867], [-119.54581085097918, 36.39559029863703], [-119.54598873537172, 36.395568706460665], [-119.54690759871964, 36.395457171975], [-119.54697073411445, 36.38988756111518], [-119.54700602712533, 36.3867738678274], [-119.54693181999467, 36.37217530318211], [-119.54702825144548, 36.36302374273381], [-119.54707371248706, 36.35870854622277], [-119.54707565374638, 36.35852433045853], [-119.5470861352891, 36.3575293953119], [-119.540952594836, 36.357588999786365], [-119.53999203169259, 36.357598305430415], [-119.53807658275836, 36.357616837860014], [-119.53794656509571, 36.342972218941775], [-119.54366753538996, 36.34296062069914], [-119.54441787389229, 36.342959079476415], [-119.54709789423619, 36.342953533245094], [-119.54709953455989, 36.34234055394706], [-119.54712177774465, 36.334027444288], [-119.54713726290352, 36.328238709740376], [-119.54715370117492, 36.32671425761096], [-119.54722981542893, 36.31965485467888], [-119.54729291848439, 36.3138009671144], [-119.54720990067739, 36.30812302835771], [-119.54711797697267, 36.3018351506848], [-119.54707240184506, 36.298717128076774], [-119.55792353035268, 36.29869435425656], [-119.56507167839332, 36.298678803677824], [-119.5651645632954, 36.2986785980647], [-119.56517301823884, 36.284251825857], [-119.565173092799, 36.28412580575925], [-119.57766416323142, 36.28409799790572], [-119.58303324456428, 36.28408563925883], [-119.60077871740037, 36.28399709170865], [-119.61842629902333, 36.28397400873428], [-119.61889618259562, 36.28397335846875], [-119.6189900331866, 36.283974795135556], [-119.61899255385931, 36.28397483351425], [-119.61997097191731, 36.28398980772286], [-119.62099003425035, 36.28400539671167], [-119.63693037396403, 36.28424807924013], [-119.6548449339911, 36.283872896724716], [-119.65484491782145, 36.2838430025694], [-119.65484464114034, 36.28335730475849], [-119.65484462317403, 36.283324898390234], [-119.6548366802703, 36.26932009096097], [-119.65492171030348, 36.26932017352687], [-119.66674834183601, 36.269331012836574], [-119.66734999658239, 36.269331532856874], [-119.67266540627196, 36.2693359928637], [-119.67266582488689, 36.26925419754382], [-119.67266924387486, 36.26858571879248], [-119.67266967865946, 36.268500705479646], [-119.67273971491225, 36.25480582475719], [-119.67272851741227, 36.240299266648925], [-119.6727450544983, 36.23710569289231], [-119.67275355884911, 36.23546311098164], [-119.67276869546166, 36.23253975848051], [-119.67277512560244, 36.231297539348695], [-119.67280338660127, 36.225838481573916], [-119.67275751772455, 36.218984991198695], [-119.67270553491403, 36.2112167121469], [-119.65489051271199, 36.21124708782204], [-119.64586908894476, 36.21129659748723], [-119.64586325708193, 36.21037463320205], [-119.64583768653738, 36.20633098261581], [-119.64577765751682, 36.19683674594929], [-119.64558357919464, 36.19683729109975], [-119.6370146018017, 36.196861045010714], [-119.63394664310403, 36.196826676614386], [-119.63237212009146, 36.19680900706705], [-119.63236982579421, 36.196808980969415], [-119.61885848838799, 36.196656490159825], [-119.60332621378201, 36.196499080354464], [-119.58271971995369, 36.19649268350837], [-119.56499568720848, 36.196786751579985], [-119.55357405213866, 36.19684066639268], [-119.55357401890099, 36.19684066639268], [-119.54715588138609, 36.19687047567455], [-119.54261646249009, 36.196752531762726], [-119.54261307673978, 36.20036182742434], [-119.53073368535401, 36.20027131835395], [-119.53020900724431, 36.20026729369641], [-119.53000505104725, 36.16733005083747], [-119.53167014220678, 36.167026312449714], [-119.53808252691057, 36.16710002856047], [-119.53810938923253, 36.164471092017756], [-119.5387213521468, 36.163468407315875], [-119.53906033321589, 36.16336392149997], [-119.54258297419462, 36.163409480581905], [-119.54257510764768, 36.16228045912839], [-119.54256804239796, 36.16126633293861], [-119.54255740544669, 36.15973957938744], [-119.54298044097861, 36.15974374465552], [-119.54392166069901, 36.15975300572172], [-119.54706740451714, 36.15978390397844], [-119.5470391138739, 36.15668461008513], [-119.54457124236244, 36.155665789077744], [-119.54453138501158, 36.15564933312716], [-119.54377762482635, 36.155001270706656], [-119.54330821556454, 36.154172641211154], [-119.53633077437732, 36.1379807148856], [-119.53633075281773, 36.13798066265111], [-119.53631474753433, 36.13794351523372], [-119.53635122632139, 36.13794367919193], [-119.53634149127866, 36.121660995992485], [-119.5363339463286, 36.10903499833654], [-119.53630816917152, 36.10472456894164], [-119.53630815479846, 36.10472192054843], [-119.53624662648969, 36.09443041919063], [-119.53622963485611, 36.08700050718279], [-119.53626397385615, 36.082250812189066], [-119.53627745217868, 36.0803867587171], [-119.53628282320577, 36.079643733245476], [-119.53635049060118, 36.070282055309434], [-119.53635049149948, 36.070282003029924], [-119.53635049509276, 36.07028132267039], [-119.53636196747726, 36.06772294766968], [-119.53640732161931, 36.05760965497669], [-119.53641522050557, 36.05584796604473], [-119.53643739541839, 36.05090199873829], [-119.53640322260667, 36.05063748531692], [-119.53633332199945, 36.050394346381], [-119.53632983114628, 36.05035569552245], [-119.53632981677322, 36.05035553065505], [-119.53629885813359, 36.0500126900192], [-119.5363156745957, 36.0490106516902], [-119.53633128731535, 36.043291248802106], [-119.53635069541704, 36.036180297751834], [-119.53635069541704, 36.03618024617609], [-119.53633372174976, 36.0315167146754], [-119.53630184503193, 36.022757076107794], [-119.53630183604874, 36.022754649455585], [-119.53630183694709, 36.0227545688094], [-119.53629828680505, 36.02177914376276], [-119.5363035203899, 36.020317354217624], [-119.53635020763187, 36.007275310995254], [-119.53635020853018, 36.00727525867395], [-119.5363330659796, 35.99995797157976], [-119.5363330659796, 35.99995791925354], [-119.53635048880454, 35.9924050416109], [-119.53635048880454, 35.992404990006506], [-119.53633261592367, 35.98502409263027], [-119.53632882682977, 35.983459213823814], [-119.53632882682977, 35.98345905027024], [-119.53632882593148, 35.98345897539908], [-119.53632881874495, 35.98345574576124], [-119.53632881874495, 35.9834555858422], [-119.53632881964327, 35.98345550370199], [-119.53631521286165, 35.977835690062776], [-119.5363368263274, 35.971801588603725], [-119.53636743192912, 35.963255279013644], [-119.53636743282745, 35.963255226663094], [-119.53746128978932, 35.96323944806387], [-119.53750254491877, 35.956896301247866], [-119.53752741477741, 35.95307203642384], [-119.53754379465828, 35.95055307985911], [-119.53763483442076, 35.93654954048876], [-119.53761718162711, 35.935938549908904], [-119.5376220882252, 35.93471481329688], [-119.53758684372333, 35.934716063617515], [-119.53754165217634, 35.934716277459486], [-119.5184197321529, 35.93463863170899], [-119.51849806973723, 35.9413940183332], [-119.51850050057841, 35.94194103460339], [-119.50060082563556, 35.94202517075606], [-119.50047783279845, 35.935577387292994], [-119.50046415145668, 35.934860086023875], [-119.48154499736253, 35.93478868255681], [-119.47800434695897, 35.93479565787007], [-119.47799996048545, 35.93479544039159], [-119.4745689943781, 35.93462514365147], [-119.47655116568005, 35.931372530749236], [-119.47768374092901, 35.929513865376336], [-119.47910135970247, 35.92753829062847], [-119.48108444279447, 35.92451731853572], [-119.48349257454292, 35.92091533784149], [-119.48567522915504, 35.91802471054948], [-119.48714436810668, 35.916078890465684], [-119.48717873944607, 35.916033364852126], [-119.49121736194422, 35.91246503368721], [-119.4990012926272, 35.90576783556192], [-119.50078060996498, 35.90428153819503], [-119.5040668377171, 35.901536264291614], [-119.50872101728899, 35.8982287064137], [-119.50997053611995, 35.897383346234314], [-119.51829810206006, 35.891422179293215], [-119.51908730347819, 35.89085716182153], [-119.52527576962272, 35.887473440899186], [-119.5359510592017, 35.881427579123404], [-119.53775920617184, 35.88040335696036], [-119.53775955471819, 35.880336585890284], [-119.53776247514118, 35.879777445388044], [-119.53783937631938, 35.86505276586381], [-119.5378460364289, 35.86377540430341], [-119.5378532418158, 35.85829180019539], [-119.53784194729774, 35.85536233179133], [-119.53784152059798, 35.85520376681757], [-119.53783994046137, 35.85461714923296], [-119.53782813120864, 35.850232807712636], [-119.53779698032955, 35.83866092057877], [-119.5378473892917, 35.822966844380666], [-119.53785935934286, 35.81923938633532], [-119.53785935934286, 35.819239333889456], [-119.53784488119544, 35.811411734690694], [-119.53782414089216, 35.80019576061862], [-119.53782414089216, 35.800195708888836], [-119.53784158527667, 35.7895766688083], [-119.53785910871291, 35.789576606869915], [-119.53789509701983, 35.789576479349776], [-119.59520264536144, 35.78935962191875], [-119.61131135990209, 35.78953049556798], [-119.6113233146819, 35.789530621630796], [-119.61132729062534, 35.78953066389465], [-119.61132734003269, 35.78953066389465], [-119.63271977619127, 35.789754142419675], [-119.63276386191215, 35.78975459857649], [-119.63276571513659, 35.789754618250996], [-119.634955422422, 35.78977727014894], [-119.63499058877044, 35.789777634491294], [-119.6349856444431, 35.789182193333865], [-119.63487429377206, 35.77577063107174], [-119.63488205701277, 35.77577063908865], [-119.65283504427273, 35.77578674075651], [-119.6528702025363, 35.77578676990903], [-119.65282982326428, 35.77697328178208], [-119.65237594048385, 35.79030745431759], [-119.65237593868724, 35.79030750678251], [-119.6523987253527, 35.790307549045956], [-119.65280714529496, 35.79030831926062], [-119.67892789718915, 35.790354559087596], [-119.67895560213083, 35.79035460572305], [-119.67898417394676, 35.790354653087206], [-119.730559494307, 35.79037564415407], [-119.73058303915059, 35.79037560553407], [-119.75097373878302, 35.79038838219562], [-119.7509772017884, 35.79038843903258], [-119.75100890423312, 35.790388456520844], [-119.75514188127713, 35.790457578996396], [-119.75515866180663, 35.79045785880897], [-119.76133949496622, 35.79038824957599], [-119.77262412797205, 35.79021894880667], [-119.79029879559747, 35.78998553526989], [-119.80805950026749, 35.789677293807046], [-119.83220960354987, 35.789359539576964], [-119.8621514859305, 35.78910980812868], [-119.87594373281429, 35.78916136590713], [-119.87995433955366, 35.789222946052924], [-119.88320815070047, 35.789228430901254], [-119.88562662026122, 35.7924046650619], [-119.88941154774335, 35.79515106502392], [-119.88946456361647, 35.797721541626515], [-119.89123126950594, 35.801520186365735], [-119.88852502374563, 35.80463989362885], [-119.88885026957402, 35.80597070593977], [-119.89095853290084, 35.80805912238684], [-119.89382244646828, 35.8095011353247], [-119.89490596292293, 35.811805669263826], [-119.89231465480658, 35.81227049088288], [-119.88986349016278, 35.81271011476815], [-119.88875129678928, 35.81413898048415], [-119.8886351536062, 35.81676813091011], [-119.89197829951307, 35.82021547620544], [-119.89401176102447, 35.823068582294916], [-119.89327938074304, 35.824846339832334], [-119.89183478107003, 35.82570016614792], [-119.89327078656072, 35.82876537253554], [-119.89312065022895, 35.83078357481743], [-119.89238570525735, 35.833674590457974], [-119.89270764798044, 35.835587301186095], [-119.89310491264351, 35.837947371791834], [-119.8928076969469, 35.84056279171349], [-119.89076216297636, 35.84293654786153], [-119.8901739075008, 35.845307281677066], [-119.89176598269565, 35.850296035588045], [-119.89444036341622, 35.851458506144894], [-119.89451576081464, 35.852564955019695], [-119.89474420778129, 35.855917156717915], [-119.89501777802298, 35.85993111353232], [-119.89567015883682, 35.85990414688983], [-119.89567600866594, 35.85994431801053], [-119.89652187850714, 35.85996128063267], [-119.89863211183938, 35.86000357032175], [-119.8989994590102, 35.861524743545125], [-119.8994164039645, 35.86325122247093], [-119.9031056743436, 35.86420059633095], [-119.90949750828865, 35.86477214263194], [-119.91097128703875, 35.86741634420615], [-119.90848796180943, 35.869907701900225], [-119.908626344584, 35.87358706916162], [-119.9077446041152, 35.877030192782215], [-119.9058460138639, 35.87857166192085], [-119.90307697317026, 35.87797623749113], [-119.89993238009403, 35.8754117846293], [-119.89729867508952, 35.872973008882816], [-119.89715348398342, 35.87283855808768], [-119.89523140009247, 35.87235692384778], [-119.89229602374759, 35.874164120645226], [-119.89345240614821, 35.878677254641005], [-119.8975277347072, 35.882007622409425], [-119.89879432691846, 35.88236805796515], [-119.90004986715677, 35.882725330908194], [-119.90121657030168, 35.88305731020267], [-119.90155090169085, 35.883152439516145], [-119.90288979211283, 35.883533390866376], [-119.90539586717668, 35.884748572014914], [-119.90538507661353, 35.889971004484465], [-119.9064359976981, 35.892424799287845], [-119.90902014624162, 35.89520127424597], [-119.91257802184076, 35.896399130865035], [-119.91443699099813, 35.89800727541372], [-119.91379924374029, 35.90244626097922], [-119.91421849826315, 35.904428791416585], [-119.91627473566028, 35.90714076791471], [-119.91843493867854, 35.90998961506216], [-119.92125333820374, 35.9143816111442], [-119.92244491030901, 35.91792295189172], [-119.92391895316378, 35.92230331690071], [-119.92549985511315, 35.92533660547354], [-119.9264519318721, 35.92681263103384], [-119.92947218104503, 35.93039903513015], [-119.93170395643521, 35.9321338816375], [-119.9332540731198, 35.93467376072713], [-119.93383132962305, 35.937991349997645], [-119.93419236792563, 35.94127546091395], [-119.9345488257186, 35.94451761046472], [-119.9352321552906, 35.94771310222601], [-119.93599490581518, 35.95127967486258], [-119.93640891687177, 35.95218694241684], [-119.9378830639311, 35.95541721616936], [-119.93949347194429, 35.959965977485645], [-119.94107550127939, 35.96443402110764], [-119.94296477420454, 35.9682320638395], [-119.9451464487547, 35.971672731418295], [-119.94747640731049, 35.97369243721246], [-119.9479875927246, 35.97372546893652], [-119.95001969059342, 35.973856758198366], [-119.95157886948263, 35.97521071468199], [-119.95300539595046, 35.9787413440376], [-119.95419824366341, 35.98026704234187], [-119.9573807142036, 35.98182085022242], [-119.95912790868513, 35.98384004192981], [-119.95999786235909, 35.98739747812274], [-119.9601401330422, 35.98989108669364], [-119.96203460541626, 35.991077610132585], [-119.96538532591761, 35.99404322395707], [-119.96669473453025, 35.99653277123146], [-119.96669086189306, 35.99937930059884], [-119.96887343206353, 36.00062357905627], [-119.97119614480825, 36.00194766315282], [-119.97322757522882, 36.00310562376694], [-119.9754373221316, 36.004365147259335], [-119.97704948994445, 36.00582028833627], [-119.97861867876085, 36.00724968152798], [-119.97126103191785, 36.007295564438074], [-119.9692876182916, 36.00730779164047], [-119.96766669998958, 36.00731781044568], [-119.96767670722184, 36.008169640402], [-119.96767232883312, 36.00829711107783], [-119.96768096793122, 36.00914950960741], [-119.96766873826695, 36.00956564075462], [-119.96767070378078, 36.00972418636329], [-119.96767255341196, 36.009873314122835], [-119.96767440214481, 36.01002244232691], [-119.96767640808284, 36.010184127634766], [-119.96765495272058, 36.01035957621966], [-119.96765887566343, 36.010675938724], [-119.96765935356717, 36.01081323841177], [-119.96766110528199, 36.010954506830274], [-119.96766320015321, 36.01122213062052], [-119.96768733698659, 36.01167766985848], [-119.96769691033255, 36.01271394558502], [-119.96769691033255, 36.012713974650374], [-119.96770648367855, 36.013750279624055], [-119.96771647743608, 36.01402727607956], [-119.96770115666892, 36.0167196046084], [-119.96769313740839, 36.018128544432706], [-119.96768303495469, 36.02183979117863], [-119.9676853517098, 36.02221806760139], [-119.96768850479646, 36.02266388970478], [-119.96769919654497, 36.02312274267318], [-119.9677083324114, 36.02348768027927], [-119.96771079559193, 36.02358608368189], [-119.9677087680943, 36.02389894424984], [-119.96770185196496, 36.02496636368159], [-119.96770745924893, 36.02541844517113], [-119.9677016723019, 36.025802391568945], [-119.96770217356182, 36.02652598939528], [-119.96770823180009, 36.02698448204793], [-119.96767473452148, 36.02908673520438], [-119.96767519086563, 36.0291289054206], [-119.96768023400763, 36.02953497903023], [-119.96768584308825, 36.02998661294792], [-119.96769664982112, 36.03088132685054], [-119.96771463319482, 36.032582278693695], [-119.96771556115449, 36.03269318821383], [-119.9677170245101, 36.03312839576949], [-119.96771865405402, 36.03330822313829], [-119.96771875825858, 36.0333197474649], [-119.96772103638614, 36.033570940172716], [-119.96772915356306, 36.03446613857469], [-119.96773214585126, 36.03477025691567], [-119.96773631672912, 36.035194151230776], [-119.96773636703479, 36.035199241310615], [-119.96773670480134, 36.03523356065863], [-119.96773752316656, 36.03531676852556], [-119.96774479413047, 36.0362150786745], [-119.96772200477004, 36.03638006629017], [-119.96718979967658, 36.03639051071193], [-119.96594880765429, 36.0364004633482], [-119.96213033079124, 36.03643100626021], [-119.95967181613177, 36.0364506071528], [-119.95966119445185, 36.03645069286992], [-119.9592934807684, 36.03645362032746], [-119.95880148157212, 36.03639549538401], [-119.9587472188374, 36.03663401251885], [-119.95874519942464, 36.03664288930446], [-119.9587406377796, 36.03666293834196], [-119.95866433847264, 36.0369427148639], [-119.95865497173916, 36.03765176070866], [-119.95870883292699, 36.04695856120979], [-119.95870332715259, 36.04828363252558], [-119.9586994778716, 36.04921010296968], [-119.95869346544742, 36.05065697373043], [-119.95861709966509, 36.05065503382263], [-119.95718473594458, 36.05061863602994], [-119.9571258684457, 36.050705242630784], [-119.95670713674232, 36.05132127641134], [-119.95343699332534, 36.05613175801372], [-119.95134891424462, 36.059210433967934], [-119.94971445204305, 36.06165316299247], [-119.94880917930705, 36.063046659484264], [-119.94627115116853, 36.06516700485005], [-119.94530448217613, 36.065926500989185], [-119.94452315538977, 36.069055684256966], [-119.94428937782024, 36.06999190793595], [-119.944051022436, 36.070253838173265], [-119.94312745730586, 36.071143732836994], [-119.94296629864557, 36.0712990119731], [-119.93982112795261, 36.07432930839009], [-119.93764407253964, 36.07641335948035], [-119.93586135777349, 36.078092290071496], [-119.934414226648, 36.07957000393925], [-119.93320759967689, 36.08097900125024], [-119.93200092599339, 36.08238798783223], [-119.92949299321351, 36.085766199287185], [-119.92833881258368, 36.087320772320666], [-119.9251437009508, 36.09162394866498], [-119.92496817373751, 36.09186033412664], [-119.92443656422712, 36.09240641447606], [-119.92439425447553, 36.09244987408524], [-119.92438771204534, 36.092456594461645], [-119.92395829308501, 36.09289769321674], [-119.92395155482205, 36.09290461535367], [-119.92324099641547, 36.09363448652403], [-119.92308602624918, 36.094026246098], [-119.92305423756622, 36.09413528191039], [-119.92304188573105, 36.09417764956078], [-119.92191374097308, 36.09603118341588], [-119.92082413304247, 36.097821305440476], [-119.9197406049097, 36.09960134913592], [-119.91971668996021, 36.099640636307534], [-119.9186245739333, 36.101434694223784], [-119.91822652414271, 36.102094958652245], [-119.91749759339193, 36.10330404262908], [-119.9163833168253, 36.105152221219804], [-119.91416675350615, 36.10878027552575], [-119.91415530447784, 36.10928921012342], [-119.91390211521336, 36.10989577359758], [-119.91357612737652, 36.11067672647113], [-119.91320835620088, 36.11155776189152], [-119.91281595501678, 36.11238375573504], [-119.91259175977639, 36.1128556738795], [-119.91161521290913, 36.11426987499613], [-119.91040647489712, 36.11603365865546], [-119.90964676966132, 36.11717635562988], [-119.90786859677723, 36.11965188793039], [-119.90537236006234, 36.12329151283597], [-119.90409492338897, 36.12487254837916], [-119.9013958093537, 36.12783418493359], [-119.89813709520207, 36.13142236560228], [-119.89810738611902, 36.137813322117076], [-119.89808388619117, 36.1379621375517], [-119.89755476681071, 36.13796407022721], [-119.89267586468739, 36.13796731892125], [-119.88816901511031, 36.13797105586231], [-119.88815686359948, 36.13797106601903], [-119.88731946217645, 36.13797174143969], [-119.88718625279961, 36.1379718364774], [-119.88290959202254, 36.137974818920405], [-119.88292412227226, 36.1426589572212], [-119.88290302264285, 36.143472023892556], [-119.88299763590352, 36.145154861393515], [-119.88268762999392, 36.14515175300174], [-119.8817721577862, 36.14514256783021], [-119.88122670433893, 36.14514662868883], [-119.87839467198096, 36.14515915003096], [-119.87839727080707, 36.14541128987257], [-119.87843596124637, 36.14916438839431], [-119.87837291927636, 36.14949608002279], [-119.8782115441221, 36.15034513732099], [-119.87830087978047, 36.15259140970807], [-119.87831468508975, 36.152842579812784], [-119.87832420274017, 36.1592070237844], [-119.8783242458593, 36.15923616344737], [-119.8782840839796, 36.16720206471893], [-119.87828490414145, 36.167343594080435], [-119.8739651817229, 36.16733563275699], [-119.87404698410931, 36.18163947303375], [-119.87413405062327, 36.189394284318226], [-119.87421023764084, 36.19617889523735], [-119.87421063739114, 36.19621443034621], [-119.87221164693212, 36.196387920580314], [-119.87177546904759, 36.19642577032101], [-119.87177551575999, 36.196508975021665], [-119.87080863835845, 36.19651564589268], [-119.86962194230856, 36.196523822457166], [-119.86962283792889, 36.19685869115049], [-119.86962980705886, 36.199464550163626], [-119.8696694766618, 36.200282492721655], [-119.86970350933636, 36.21084785502431], [-119.86971255087968, 36.21192723342091], [-119.86959880440178, 36.21207773174356], [-119.8695606664264, 36.21212819253578], [-119.8695759539559, 36.224749256167065], [-119.86957774609488, 36.22622837090375], [-119.87843665923735, 36.22618517814779], [-119.87837216648815, 36.22903514090505], [-119.87599207475299, 36.23681920890355], [-119.87573121926582, 36.237547691989505], [-119.87491703569964, 36.24096253758873], [-119.87409855549144, 36.24250696028825], [-119.87395000468617, 36.24279462539241], [-119.87366819060514, 36.24334862595205], [-119.87343609917338, 36.243802522249474], [-119.87328862454982, 36.244090929541144], [-119.8728664226545, 36.244916599552795], [-119.87285666605219, 36.24493567823428], [-119.87272147409352, 36.24520005811656], [-119.87205035442284, 36.246512467995714], [-119.87162969044329, 36.24733506532035], [-119.87130960094461, 36.24756779322657], [-119.87098979890683, 36.24793454143033], [-119.87092715219555, 36.248014692094586], [-119.87091652871901, 36.24802828441039], [-119.87058175535869, 36.24845658676413], [-119.87028956753275, 36.248957132697875], [-119.87005234941569, 36.24947640091751], [-119.86987190302794, 36.25001044067061], [-119.86982204742797, 36.25042472443669], [-119.86964346594274, 36.25065992288395], [-119.86964595876766, 36.253387072467], [-119.86976117758434, 36.2538726857957], [-119.86974988216795, 36.25677226247677], [-119.86969100209265, 36.257675944336924], [-119.86966994198912, 36.25870888889462], [-119.86963015470687, 36.26066049524065], [-119.86963275532962, 36.2614430682427], [-119.86964852974602, 36.26618872622493], [-119.86964134052882, 36.26727526151455], [-119.86962347573272, 36.269975858523004], [-119.86963084461303, 36.27263421113992], [-119.86964666035192, 36.27833956163713], [-119.86959104026275, 36.279701240336095], [-119.86954045702745, 36.28093956533786], [-119.86953964854368, 36.28153805869243], [-119.86953564834573, 36.28450447804868], [-119.86955401889327, 36.28555121109848], [-119.87097872806926, 36.28749054590146], [-119.87166842849328, 36.288429329299056], [-119.87254874603067, 36.28962753680904], [-119.87263795053502, 36.28985440767626], [-119.87265346084673, 36.28989385292863], [-119.87352147146474, 36.28973954662552], [-119.87375752087362, 36.2896975829682], [-119.87375309307758, 36.29190126172186], [-119.87373121730381, 36.293909109763476], [-119.87369191241685, 36.2975164276935], [-119.87368141200949, 36.29848009062527], [-119.87368139494151, 36.298481622591886], [-119.87577023848851, 36.298470294291576], [-119.87577704682005, 36.299164881780484], [-119.87577708454928, 36.29916864722868], [-119.8769264654806, 36.299175795136314], [-119.88651556162533, 36.299234997567375], [-119.88687232843876, 36.29923718544938], [-119.88692032272941, 36.2992366468047], [-119.88710832125376, 36.299237412780606], [-119.88725878547059, 36.299236811873264], [-119.88725852136591, 36.29927239571697], [-119.88725852136591, 36.29927244784381], [-119.88724403872688, 36.301218857915295], [-119.88724403872688, 36.3012189100409], [-119.88717725078213, 36.31019429812417], [-119.88717724808721, 36.31019435024377], [-119.88260104048538, 36.3101648049511], [-119.8826010431803, 36.31016475283147], [-119.88271126107578, 36.30274924411974], [-119.87115787639145, 36.302407002941656], [-119.87115783506894, 36.30240700149372], [-119.87091956592299, 36.302399930621476], [-119.8690767601525, 36.30234523359867], [-119.86905870940518, 36.30397023926863], [-119.86905870760854, 36.30397029139238], [-119.86922405062144, 36.30447714027395], [-119.86930666867813, 36.305015454430425], [-119.86935834695979, 36.305138524798565], [-119.86944205916448, 36.30533788907308], [-119.86908171256468, 36.30604394240755], [-119.86908169190342, 36.30604399018638], [-119.8690255849274, 36.30626981213199], [-119.86902557235098, 36.30626986425415], [-119.86899148667585, 36.30640705846013], [-119.86899147859101, 36.30640711058227], [-119.86905710950566, 36.307007498533], [-119.86905711399724, 36.30700754920689], [-119.86908854515072, 36.30823771973259], [-119.86908854604903, 36.30823777185344], [-119.8691029729925, 36.310449011888146], [-119.8691029729925, 36.31044906400757], [-119.86911331439804, 36.312033819637485], [-119.86911331529637, 36.31203387175586], [-119.8691426515786, 36.31251369280706], [-119.86914265517186, 36.31251374492505], [-119.86917776582472, 36.31308798505357], [-119.8691777631298, 36.31308803644731], [-119.86901934612777, 36.31341106818589], [-119.8690193254665, 36.313411117407895], [-119.86846580784294, 36.313975551473696], [-119.86804646438684, 36.31468207454302], [-119.8679997133645, 36.31498247610433], [-119.867999706178, 36.31498252822074], [-119.86797774147097, 36.315123676620445], [-119.86797773338616, 36.31512372873671], [-119.86829095256951, 36.31546720469927], [-119.86879768323816, 36.31598810655134], [-119.86889813734479, 36.31636883619604], [-119.86894308904161, 36.31702513997546], [-119.86894309263486, 36.31702519209051], [-119.86895638320948, 36.317219244997936], [-119.86895638410779, 36.317219297112835], [-119.86893598336769, 36.31748956732788], [-119.86893598157107, 36.317489619442604], [-119.86893313301329, 36.31756089784775], [-119.86893312762342, 36.31756094996243], [-119.86883415214373, 36.31793123529175], [-119.868834138669, 36.31793128740612], [-119.86854686283102, 36.31840696093725], [-119.8685303688641, 36.31843427233462], [-119.86851870064687, 36.31870853663041], [-119.86851869705362, 36.31870858874432], [-119.8686860801405, 36.319184283588655], [-119.8688825273201, 36.319623996387485], [-119.86898922292133, 36.32011463337714], [-119.86900678139186, 36.32019538379613], [-119.86877642101368, 36.320673946614896], [-119.86877639945412, 36.32067399583229], [-119.86798777565271, 36.32129976111096], [-119.86709601088364, 36.32192627553795], [-119.86690502007107, 36.3219753626073], [-119.86662509963864, 36.321977406544136], [-119.86624005835169, 36.32180137301367], [-119.86601840534352, 36.32174337615491], [-119.86559434842715, 36.32203262176863], [-119.86553960509373, 36.322084786252354], [-119.86514979644754, 36.32245622693927], [-119.86512501821706, 36.322593235604906], [-119.86512501103056, 36.3225932877162], [-119.86511773018516, 36.322894499080476], [-119.86511772838853, 36.32289455119158], [-119.86502548488357, 36.323872854759614], [-119.86502547949368, 36.323872906870015], [-119.8649235710146, 36.32438651503592], [-119.86492356113312, 36.32438656714602], [-119.86489992466137, 36.32450568782968], [-119.8648999147799, 36.32450574066347], [-119.86469577352989, 36.32469799524954], [-119.86429797975914, 36.32470089313799], [-119.86404576067515, 36.3247200398984], [-119.86342938793115, 36.32476683020398], [-119.86300477405929, 36.325008378467494], [-119.86249533047852, 36.32557246077306], [-119.86190904141509, 36.32585094829023], [-119.8602645809644, 36.326375567318095], [-119.85968763348158, 36.3265554212253], [-119.85816003486623, 36.32703160952386], [-119.85803259986002, 36.327071333425266], [-119.85713766403799, 36.32742356589616], [-119.85691072803766, 36.32761485073422], [-119.85650989975788, 36.32795270843068], [-119.85633664618061, 36.32827587324599], [-119.85634913635633, 36.328530951299626], [-119.85634913994959, 36.32853100340696], [-119.85636911668487, 36.32896147743612], [-119.85636912027812, 36.328961529543115], [-119.85637934310606, 36.32902504002891], [-119.85638982734373, 36.329105536602235], [-119.85652094544263, 36.32969690827845], [-119.85656009312439, 36.33004000665797], [-119.85670595706864, 36.33043956623522], [-119.8567184912618, 36.33047007287054], [-119.85681206247672, 36.33069780697929], [-119.8568500324672, 36.330790218134446], [-119.85688765840284, 36.33088178825112], [-119.85685545739318, 36.33116811966644], [-119.85685545110498, 36.33116817177202], [-119.85672746543149, 36.331243545317925], [-119.85660949058354, 36.33131302218999], [-119.85622129082005, 36.3313873614482], [-119.85565590734988, 36.33138510354707], [-119.85531517187104, 36.331487712061175], [-119.85510362670647, 36.33154646587893], [-119.8547504190182, 36.33158716372887], [-119.85448540972119, 36.331608148402424], [-119.8542199791143, 36.33159098188762], [-119.85402548487214, 36.331592382216876], [-119.8537194800588, 36.33163750609382], [-119.85352634586599, 36.33176289364115], [-119.85320553951173, 36.33207042781339], [-119.85294940467139, 36.332363189074364], [-119.85262013439052, 36.332437093124604], [-119.8522303050831, 36.3323635849258], [-119.85197654449004, 36.33233539624709], [-119.85174638174122, 36.3323098287188], [-119.85146384451636, 36.33234524043073], [-119.85095201950179, 36.33243475564947], [-119.85051008611121, 36.33244746123712], [-119.85010461084647, 36.33256005796734], [-119.84983557979194, 36.33275275149009], [-119.84962047819715, 36.33302613534497], [-119.84931811245904, 36.33340506377067], [-119.8492444775552, 36.33367738227261], [-119.84924446408047, 36.33367743437651], [-119.8492703858663, 36.33389186180364], [-119.84930110735073, 36.33395159581824], [-119.84943901311988, 36.3342197289317], [-119.84953626113929, 36.33438505682988], [-119.84955913134809, 36.33442394115717], [-119.84949035273668, 36.33460084495425], [-119.84949033477037, 36.3346008956102], [-119.84925629489277, 36.33475995295342], [-119.84896920770103, 36.33491938988994], [-119.84876562430479, 36.33516884296266], [-119.84843862945654, 36.33545256217093], [-119.84817114709755, 36.33578831553075], [-119.84815802810114, 36.33587978208071], [-119.84815802091461, 36.335879834183096], [-119.84814376644769, 36.33597922669427], [-119.84814375836284, 36.33597927879663], [-119.84838186581206, 36.336192191095], [-119.84864318662653, 36.336371551975944], [-119.84882246789934, 36.33656398858661], [-119.84886387753899, 36.3366084315353], [-119.84888395308897, 36.33682762037773], [-119.8488839548856, 36.33682767175582], [-119.84872141731135, 36.337057754285524], [-119.84834103828071, 36.33728418252038], [-119.8482997427271, 36.33730876500125], [-119.84823599198631, 36.3373356175048], [-119.84798875406057, 36.33743975517158], [-119.84765299165515, 36.33746122961326], [-119.84732875732973, 36.33745877578451], [-119.84696227523655, 36.33736600782972], [-119.846578423319, 36.33730197806353], [-119.84630770522836, 36.337342061438555], [-119.84595628518753, 36.337549641208156], [-119.84568862765704, 36.33787108378557], [-119.84564961651922, 36.33789378103601], [-119.8454894675653, 36.337986962275636], [-119.84511921793778, 36.3380897509601], [-119.84487186592601, 36.33811058915729], [-119.84459653408805, 36.338074415919046], [-119.84445864538688, 36.33805629998683], [-119.8441105724688, 36.33803015977825], [-119.84372222358493, 36.338094919806075], [-119.8435844588513, 36.33814813147434], [-119.84345806678914, 36.33819694999117], [-119.8430887981219, 36.33839034016661], [-119.84278994569489, 36.33855461430634], [-119.84250800315475, 36.33864723033278], [-119.84230614811716, 36.338515126370964], [-119.84222217989262, 36.33838218495534], [-119.84222218797746, 36.33838213285458], [-119.84226054693836, 36.33811483755245], [-119.84231272647996, 36.33801855862877], [-119.84238768550054, 36.337880247061314], [-119.8425215991566, 36.33772668263224], [-119.84252161891952, 36.3377266334256], [-119.84258498428301, 36.33759269133306], [-119.84252337782084, 36.337465679936585], [-119.84250660537617, 36.33743110055596], [-119.84235790455223, 36.337308157151014], [-119.84222600941067, 36.33710401833721], [-119.84205681262522, 36.336913208344676], [-119.84192762949745, 36.33676752457942], [-119.84163561324972, 36.336473906437845], [-119.84138625170664, 36.33630875230481], [-119.84108466840117, 36.33622027634472], [-119.84087263545138, 36.33623608573579], [-119.84084598962342, 36.33625503644946], [-119.84074394100713, 36.33632761037482], [-119.84065182506296, 36.336528519453985], [-119.84065180530004, 36.33652856938502], [-119.84048304060423, 36.3367300698806], [-119.84029520108169, 36.33680293715959], [-119.84004728492789, 36.33677130774976], [-119.83987014973027, 36.336743946335226], [-119.83970310351162, 36.33655913007981], [-119.83967036980097, 36.3364487795168], [-119.83967036261444, 36.336448754913086], [-119.83964971483763, 36.33637914947143], [-119.83962969408492, 36.33631165193239], [-119.83961302045493, 36.33616968294287], [-119.83959723436043, 36.33603526997602], [-119.83950629700593, 36.33580222399347], [-119.83929830467828, 36.335646311576035], [-119.83904946505639, 36.33552884192068], [-119.83871903594878, 36.33549779308286], [-119.83840726574797, 36.3355572248287], [-119.83813716749486, 36.33565451555814], [-119.83797340282193, 36.33577309003069], [-119.83779793310087, 36.33590013964564], [-119.83728310411995, 36.336261459486984], [-119.83672649898678, 36.336575380821365], [-119.83621652899323, 36.33684127900059], [-119.83563521030824, 36.33705044703338], [-119.83538437373147, 36.33729544005441], [-119.83520339554107, 36.33745886479098], [-119.83499207495531, 36.337541428742114], [-119.834785775952, 36.33754287961838], [-119.83448404262785, 36.337440079357826], [-119.83417611002994, 36.33730870638709], [-119.83386807502407, 36.337167796441996], [-119.83368530289803, 36.33716431070393], [-119.8333915124776, 36.33725221898809], [-119.83320453443945, 36.33740614472043], [-119.83307118941697, 36.33761210918064], [-119.83307116246752, 36.33761215476924], [-119.8328980894516, 36.33796147041198], [-119.8328980651971, 36.33796151889488], [-119.83259677923397, 36.338450088098604], [-119.83244633837333, 36.33871344793821], [-119.83228201135505, 36.33878136815947], [-119.83208124777052, 36.33874939221643], [-119.83194460503265, 36.33865019716981], [-119.83193524279076, 36.33857418459782], [-119.83191878026487, 36.338440534858286], [-119.83191879284126, 36.33844048275763], [-119.83200367105921, 36.33811086702884], [-119.83200367105921, 36.3381108149279], [-119.8319830816729, 36.33783916825345], [-119.83189231589658, 36.33762042294718], [-119.83165511664413, 36.33748854735808], [-119.83129546713698, 36.3374815295982], [-119.83125364067902, 36.33748478520788], [-119.8308242846008, 36.3375182125468], [-119.83041911116999, 36.33766412285087], [-119.83032075732446, 36.337836474192635], [-119.83032074295141, 36.33783650024314], [-119.8303583518191, 36.338046080240204], [-119.83050195560213, 36.338245380615746], [-119.83079947403094, 36.338505604254344], [-119.83110873254225, 36.33876097371944], [-119.83132911982415, 36.338974043398764], [-119.83137866640367, 36.339197822702175], [-119.83137867179353, 36.33919784730508], [-119.83128025416764, 36.33936545776451], [-119.83112852961447, 36.33950959610341], [-119.83099044238561, 36.33957379772132], [-119.83091676526098, 36.33959870148596], [-119.83057036410763, 36.33968201210438], [-119.83048686031206, 36.33967745987884], [-119.8300277223872, 36.33965242444238], [-119.82947375111442, 36.33966583509557], [-119.82913955087928, 36.339835090755585], [-119.82883599577173, 36.340113819629366], [-119.82885667319293, 36.340395007030835], [-119.82885667498955, 36.34039505913023], [-119.8288736504535, 36.34042105599543], [-119.82893451221231, 36.340514271115275], [-119.8289345301786, 36.34051429933573], [-119.82912635642441, 36.34080809327666], [-119.82913759255196, 36.34130872502864], [-119.82913759075534, 36.34130877712743], [-119.82883422968388, 36.341606584003266], [-119.82868744496646, 36.341648062417114], [-119.82821123815286, 36.341782621993616], [-119.82762295033791, 36.34189641579408], [-119.82710625825112, 36.342090783756284], [-119.82650658249332, 36.34224280485629], [-119.82610590153725, 36.34225990173033], [-119.82587717699118, 36.342135015882135], [-119.8258771419569, 36.342134995621706], [-119.82576053793805, 36.34207132795155], [-119.82572641722862, 36.342052697754895], [-119.8252167472724, 36.3417987081141], [-119.82479173005697, 36.341744430920976], [-119.82432697137337, 36.341833504803176], [-119.82376387321732, 36.342099717882135], [-119.82327800771779, 36.34242262141004], [-119.8232311237448, 36.34249593198495], [-119.82295326584426, 36.342930402598185], [-119.8229224455452, 36.343359792014596], [-119.82292244374855, 36.34335984411197], [-119.82293902934364, 36.34381274649203], [-119.8229390320386, 36.34381279931273], [-119.8229573828232, 36.34401579828756], [-119.82295738731479, 36.34401585038455], [-119.82297267214933, 36.34418494174752], [-119.82297267664092, 36.34418499384439], [-119.82299245035698, 36.344403753274065], [-119.82299245574684, 36.344403804647214], [-119.82315281670319, 36.34503709032151], [-119.82317087643364, 36.34510840503081], [-119.82318287433256, 36.34517748315661], [-119.82322680823816, 36.34543038585032], [-119.82322681542469, 36.34543043866987], [-119.82322682440785, 36.34543049655435], [-119.8232776034759, 36.34572283641982], [-119.82327760886581, 36.345722887068526], [-119.82325082379899, 36.34625478213576], [-119.82325082020571, 36.346254834231246], [-119.82305879543226, 36.346544864339094], [-119.82305876488954, 36.346544912093094], [-119.82305873165188, 36.346544965635445], [-119.82295344191405, 36.34670400582307], [-119.82284853396024, 36.34674359813796], [-119.82253506774013, 36.34686190248874], [-119.82216606587258, 36.346810805178244], [-119.8215165497862, 36.346713957445935], [-119.82126616057042, 36.34668043203402], [-119.82112816227476, 36.34666195488437], [-119.82071216773807, 36.346606252803305], [-119.82024712339019, 36.346531969311364], [-119.8198583478066, 36.34670157326828], [-119.81986136524763, 36.34698765117665], [-119.81986136434932, 36.346987703271644], [-119.82001457381766, 36.347382271780596], [-119.82010377113548, 36.347611982344915], [-119.82046080654517, 36.34792547156345], [-119.82081772158055, 36.348227038643856], [-119.82104104994674, 36.34857747444827], [-119.82121488473399, 36.34885024420023], [-119.82142703176982, 36.34970847496492], [-119.82144584698344, 36.34978459460238], [-119.82151309306896, 36.35035872794187], [-119.82159166152037, 36.3510294788635], [-119.82159166601193, 36.35102952878525], [-119.82156458270441, 36.35186184233247], [-119.82156458180611, 36.3518618944242], [-119.82155829629407, 36.35205507702724], [-119.82155829359911, 36.35205512911879], [-119.82145066644493, 36.35302753835124], [-119.82145066195336, 36.353027590442196], [-119.82144916176684, 36.35308237127427], [-119.8214491599702, 36.35308242336514], [-119.82144087480833, 36.35338510633743], [-119.8214408730117, 36.3533851584281], [-119.82141345014102, 36.35438700651412], [-119.8214134429545, 36.35438705788068], [-119.82126204898135, 36.35470401345423], [-119.82126202742178, 36.35470406265014], [-119.82100535718556, 36.35482506646499], [-119.82043828757762, 36.35486475593574], [-119.82027116051059, 36.35489601119881], [-119.81977629568857, 36.354988557147564], [-119.81932964614276, 36.35526586660423], [-119.81913496864428, 36.35567253861802], [-119.81913494888136, 36.355672587813366], [-119.81910924628443, 36.35603040047726], [-119.81910924179286, 36.356030452566145], [-119.8191649975276, 36.35610856637964], [-119.81931266978052, 36.356315454421754], [-119.81933366071375, 36.356344861399975], [-119.81967668599826, 36.356724025798094], [-119.8201530006097, 36.35716188377756], [-119.82045815022687, 36.35733205635607], [-119.82084990642058, 36.35755052347192], [-119.82103999262965, 36.357643713022064], [-119.82116489438675, 36.357704511811214], [-119.82116616640118, 36.35782490833577], [-119.82116616640118, 36.357824960423514], [-119.82115565431573, 36.35799417661288], [-119.82115565072249, 36.357994228700456], [-119.82115357291923, 36.35802768485444], [-119.82115356483438, 36.3580277362186], [-119.82108508985354, 36.35816304229063], [-119.8210850638024, 36.358163094378085], [-119.82108503595461, 36.358163157317136], [-119.82072718217972, 36.358401676451074], [-119.8207270743819, 36.3584017032182], [-119.82035250295955, 36.35849363152649], [-119.82033306611177, 36.358498401852685], [-119.81976653459466, 36.358591735678], [-119.81928854103198, 36.3586939951024], [-119.81878759820874, 36.358880202793515], [-119.81878197206012, 36.35888229350846], [-119.81836494805408, 36.35918132666047], [-119.81826991258524, 36.35924947210059], [-119.81784585117727, 36.35957431200945], [-119.81739804280475, 36.359744315819995], [-119.8169195623552, 36.35980126219187], [-119.81655125488535, 36.359821680058225], [-119.81612467549962, 36.35990807251708], [-119.81578691074945, 36.36002962238178], [-119.81540648949797, 36.36030050078198], [-119.81515691056258, 36.36039759710681], [-119.81467136755825, 36.36048438969876], [-119.81404535589127, 36.36053041412687], [-119.81376032763814, 36.36058497120744], [-119.81330242130353, 36.360672618665966], [-119.81283329950259, 36.36092025016283], [-119.812824237298, 36.36092975217663], [-119.81238128162468, 36.36139429614961], [-119.81189259631347, 36.3618864771306], [-119.81140934311483, 36.36219381422313], [-119.81063883653606, 36.362520994329586], [-119.81000086290273, 36.36283534294505], [-119.80970077080062, 36.36302059670073], [-119.80959073975471, 36.3630885203149], [-119.8090344508285, 36.36346192190291], [-119.80851432627901, 36.363769497277794], [-119.80779600373343, 36.36415591936435], [-119.80730528822968, 36.36445732663767], [-119.80686806201123, 36.364757081275734], [-119.80682224972836, 36.36478848881562], [-119.80639699356107, 36.365005990274696], [-119.80605581072122, 36.36509081666273], [-119.80597793127765, 36.36511017918702], [-119.80560984928493, 36.36526883495219], [-119.80531749706729, 36.36539484831894], [-119.80441531363758, 36.36582422451385], [-119.80376242258065, 36.36612671760385], [-119.80336006446996, 36.366421550575325], [-119.8030916694226, 36.366840665352825], [-119.80302271563973, 36.36730011057297], [-119.80302270755489, 36.36730016337774], [-119.80295240180749, 36.367628464906616], [-119.80295238743443, 36.36762851626444], [-119.80291202163716, 36.367725642506876], [-119.8029120000776, 36.367725690971234], [-119.80290002373823, 36.367754510619406], [-119.80290000217865, 36.36775455908375], [-119.80284291873393, 36.367891911953656], [-119.80284289717434, 36.36789196041792], [-119.80281575457803, 36.36795727066943], [-119.80281573301848, 36.36795731913366], [-119.80279596738727, 36.36799919870955], [-119.80279594582771, 36.3679992442803], [-119.8027959278614, 36.36799928406436], [-119.8026209971295, 36.36836992640582], [-119.80262097377329, 36.368369973423135], [-119.80233088980175, 36.368830966236835], [-119.80198717101784, 36.3690955911429], [-119.80139253391046, 36.369332101345854], [-119.80083370185368, 36.3694670217574], [-119.8004077288308, 36.36961893008782], [-119.79963673356853, 36.369910273510826], [-119.79885897489048, 36.370261269924235], [-119.79878744384105, 36.370285270567024], [-119.79800682582542, 36.37054718674779], [-119.79753777768636, 36.3708126405276], [-119.79729715405607, 36.370930150983995], [-119.79714170239278, 36.37100606686868], [-119.79659808240699, 36.37118855690937], [-119.79591404496256, 36.37133621746607], [-119.79520094612035, 36.371525799542255], [-119.79515646603903, 36.37153318529333], [-119.7943031410793, 36.37167488221326], [-119.79354447070273, 36.37173360643341], [-119.79288444612412, 36.371782194131605], [-119.79256478602018, 36.37180572487658], [-119.79165893476913, 36.371889265039655], [-119.79128466068916, 36.37192443163352], [-119.79090775095214, 36.37195984558321], [-119.79017276375971, 36.372173388587974], [-119.78944684056852, 36.37255378649388], [-119.78929296994012, 36.372790882184155], [-119.78922509144063, 36.37307385094772], [-119.78922507706758, 36.37307390230194], [-119.78901705958711, 36.37349372840774], [-119.78901703623093, 36.37349377686846], [-119.78876922877328, 36.373917493460446], [-119.78863696891568, 36.374394040229475], [-119.78863695633926, 36.37439409230608], [-119.78860309344633, 36.374675547190776], [-119.78860308715811, 36.37467559926724], [-119.7885676207724, 36.37497037380443], [-119.78856761358588, 36.3749704258807], [-119.7886556430938, 36.37536329605036], [-119.78875076030936, 36.37549995633065], [-119.78889354123555, 36.37570509384891], [-119.7892236316783, 36.37597831821982], [-119.78949981511913, 36.37616963278695], [-119.78973652029819, 36.376393400647565], [-119.78989668991332, 36.3764853330156], [-119.79013683833489, 36.37661250279932], [-119.79059293905574, 36.37680738656167], [-119.79072050162276, 36.37702710955261], [-119.79081205342493, 36.3773305296991], [-119.79066864457634, 36.3777248915966], [-119.79066862571169, 36.377724941501214], [-119.79058854719233, 36.377902651706385], [-119.79058852563278, 36.377902700164405], [-119.7904734649196, 36.37815804165532], [-119.79047344336003, 36.37815809011319], [-119.79040190242912, 36.378316848008915], [-119.79040187997126, 36.37831689574342], [-119.7899590599435, 36.37899348457792], [-119.78978640374592, 36.37941188288106], [-119.78978638937286, 36.37941193206133], [-119.78981938718817, 36.37975742516579], [-119.78981939167976, 36.37975747506917], [-119.78986949970633, 36.380335347716866], [-119.78986950419788, 36.380335400512735], [-119.78994045313904, 36.38078794528108], [-119.7899404585289, 36.380787995183724], [-119.78994415599463, 36.381151564940076], [-119.78994415689296, 36.38115161701215], [-119.78994060495432, 36.38152715870362], [-119.789940604056, 36.38152721077544], [-119.78993956650184, 36.38157726121555], [-119.78993956470521, 36.3815773132874], [-119.78993071270641, 36.382004138341856], [-119.78993070911315, 36.38200419041341], [-119.78988281184051, 36.382368103072224], [-119.78988280555231, 36.38236815514354], [-119.78984330662925, 36.38283335651996], [-119.78984329944275, 36.382833408590905], [-119.789758544294, 36.3831975661517], [-119.78975853081927, 36.38319761822246], [-119.78966525874331, 36.383448567678016], [-119.789665240777, 36.38344861757896], [-119.7829653897924, 36.38344652752413], [-119.78020606617518, 36.383445556263304], [-119.78024734466082, 36.3836911373277], [-119.78025310555672, 36.3837253830149], [-119.78025311274324, 36.38372543363889], [-119.78025718390812, 36.384130729654736], [-119.78025718390812, 36.38413078172486], [-119.7802031816848, 36.38462588303605], [-119.78020317629493, 36.384625935105795], [-119.78018489378226, 36.385007532627675], [-119.7801848910873, 36.38500758469722], [-119.78014971845067, 36.38517468285917], [-119.78014970677259, 36.3851747356518], [-119.78002647228864, 36.38611739533718], [-119.78002646510214, 36.38611744812916], [-119.77965172749145, 36.38624509753859], [-119.77910688310195, 36.38632021021437], [-119.778524219639, 36.386300184031555], [-119.7777719299959, 36.38627530605538], [-119.77720401148004, 36.38625517789314], [-119.77682171724119, 36.386364984175835], [-119.77644810432128, 36.386605883599344], [-119.77643642442595, 36.38661574044668], [-119.77617758385998, 36.38683418391763], [-119.77595340838249, 36.38727078481386], [-119.77595338592462, 36.387270832542875], [-119.7758240339136, 36.38760546569526], [-119.77582401504897, 36.38760551631671], [-119.77570179745796, 36.38791625769177], [-119.77570177949164, 36.38791630831302], [-119.77553476920558, 36.38817373939523], [-119.77530746759092, 36.38830041205909], [-119.77491731129675, 36.388362573184104], [-119.77429146671638, 36.388450114141044], [-119.77417026152668, 36.388477914416235], [-119.7739972145619, 36.38851760624681], [-119.77371776484671, 36.388590963800574], [-119.77351245848176, 36.388705569246795], [-119.77329412385029, 36.38899313575405], [-119.77319312536457, 36.38921431689505], [-119.77319310470334, 36.38921436679231], [-119.77318171945542, 36.38922169084236], [-119.77285609363965, 36.38943117082009], [-119.77236348448731, 36.3895714864673], [-119.7718922184078, 36.38963416434766], [-119.7714211894835, 36.389720684962924], [-119.77097221869103, 36.38980109781395], [-119.77092058532511, 36.389808295981844], [-119.77047889178478, 36.38986987449453], [-119.77016929281197, 36.389877843525994], [-119.76996326689651, 36.38992090882327], [-119.76990464014612, 36.389957056522235], [-119.76964075553983, 36.39011376336789], [-119.76928839406457, 36.390271042623695], [-119.76878025843085, 36.39033394555927], [-119.76842005106992, 36.390443581929276], [-119.76807494079563, 36.39058888827996], [-119.76779559708163, 36.390674154639434], [-119.76739858125194, 36.390789985619634], [-119.76702332800828, 36.39086990780338], [-119.7666043672345, 36.39100376328448], [-119.76647972509052, 36.391048925039904], [-119.76618558073388, 36.39115550011264], [-119.7657230867031, 36.391361169776204], [-119.76529786287519, 36.3916083282878], [-119.76461452611665, 36.391851184870944], [-119.76405529071629, 36.391968049609616], [-119.7635559783353, 36.392179909210135], [-119.76313150639724, 36.392504553049946], [-119.76289468084393, 36.39271591585369], [-119.76253361110032, 36.39288992199424], [-119.76239352332335, 36.393041047725774], [-119.76230567797005, 36.393105994828495], [-119.7617946147268, 36.39332388351574], [-119.76085885227175, 36.39354449120317], [-119.76029490520774, 36.39378417380918], [-119.75969584389759, 36.394052692335094], [-119.75941390225576, 36.394176107966224], [-119.75932197765273, 36.39420956229994], [-119.75889369595956, 36.39436542756118], [-119.75836982094376, 36.39450357512711], [-119.75836975806169, 36.3945035910353], [-119.75833767562963, 36.394512051299415], [-119.75804361751126, 36.39466954364769], [-119.75795917048468, 36.394714770521524], [-119.757519914972, 36.39503948837693], [-119.7570898519196, 36.39539991329658], [-119.75675704407313, 36.395752564073334], [-119.75657444532197, 36.39608279256153], [-119.7565529890614, 36.39660509812818], [-119.7565529890614, 36.39660515018995], [-119.75660105791225, 36.396998245844806], [-119.75660106330214, 36.39699829646019], [-119.75662245218906, 36.3973772526085], [-119.75662244949413, 36.39737730466977], [-119.75657645305664, 36.39752205503282], [-119.75657643598863, 36.39752210564783], [-119.75651085448133, 36.39772849455116], [-119.75651084100659, 36.39772854444294], [-119.75648698085433, 36.39794951128592], [-119.75648697546444, 36.39794956334675], [-119.75646214782662, 36.398179484726064], [-119.7564621406401, 36.398179536786785], [-119.75627054346472, 36.39849551858911], [-119.75622565464997, 36.39853992039213], [-119.75592454475662, 36.39883776279102], [-119.7558410831819, 36.39892031803291], [-119.75536598309273, 36.39920233272976], [-119.75498703058676, 36.399362122117594], [-119.75444866305047, 36.39950861640311], [-119.75403341052218, 36.399575635431134], [-119.75387420749428, 36.39958379941474], [-119.75370705707104, 36.39968501075984], [-119.75359592918218, 36.40008626922919], [-119.75359591391083, 36.40008632128865], [-119.75344227953939, 36.40066669207457], [-119.75344226516633, 36.40066674413358], [-119.75302314808566, 36.40124884659619], [-119.75279754608356, 36.40170806325177], [-119.75279752182902, 36.40170811169491], [-119.75265887854302, 36.402009395141675], [-119.75265885788176, 36.402009444307716], [-119.75161969843919, 36.40158546503992], [-119.75141745982097, 36.40183353315069], [-119.7507416680125, 36.4026624487333], [-119.75050759040568, 36.403057844766785], [-119.75050756525283, 36.403057891763126], [-119.75042742025813, 36.40330017609325], [-119.75042740319016, 36.40330022670448], [-119.75027097146489, 36.40368970668386], [-119.75027095799015, 36.40368975657182], [-119.75034881767077, 36.404423417897924], [-119.75034882306066, 36.40442346850842], [-119.75036709928511, 36.404595693703776], [-119.75036710287839, 36.404595743591145], [-119.75040918445787, 36.40474192579483], [-119.75044166933517, 36.40485476426773], [-119.75053288696405, 36.40517162050989], [-119.75072666614726, 36.4056295805521], [-119.7511250348398, 36.40615689084853], [-119.7515119473175, 36.40656417164158], [-119.75212569787918, 36.40721021741342], [-119.75261170082092, 36.40776051558135], [-119.75290756724796, 36.40822959846884], [-119.75300009102727, 36.40875878963032], [-119.7530000982138, 36.40875884023799], [-119.7529948385778, 36.408922036107896], [-119.75299483678117, 36.408922088161354], [-119.75297770770534, 36.40945359314], [-119.75297770051881, 36.4094536444702], [-119.75274924546733, 36.40992600297008], [-119.75274922211115, 36.40992605140814], [-119.75253439629915, 36.410304180353265], [-119.75208731735866, 36.410766194076814], [-119.75132001686715, 36.4112537813584], [-119.75040841549996, 36.41188356179547], [-119.74974294084255, 36.41235872062301], [-119.7493872232614, 36.413232186978], [-119.74938720619342, 36.41323223758276], [-119.74930572899716, 36.41384494397156], [-119.74930572091232, 36.413844996021744], [-119.74920865345428, 36.41435183472168], [-119.74920863997956, 36.41435188604864], [-119.749051392584, 36.41465895364425], [-119.74905137102445, 36.41465900135644], [-119.74873500144936, 36.41508485752153], [-119.74841726733338, 36.41536943480514], [-119.74824209046307, 36.41555497258618], [-119.74786930219659, 36.41594980854441], [-119.74716177740072, 36.41660182471807], [-119.74710165136212, 36.41664040194183], [-119.74669847668281, 36.41689908679858], [-119.74605935410428, 36.417091485483084], [-119.74537596344682, 36.417225285680495], [-119.74530874700565, 36.417228672411156], [-119.7445751315407, 36.417265628609314], [-119.74448755298702, 36.41725954623174], [-119.74402612345986, 36.41722749627227], [-119.74364218260911, 36.417200828203406], [-119.74270856083938, 36.417065378329866], [-119.7421863495035, 36.41708571899456], [-119.74169024141311, 36.4172130276659], [-119.74137983126161, 36.417350882326815], [-119.74058777409918, 36.41770263397565], [-119.74017135196439, 36.417878186074404], [-119.7388146560352, 36.41813753330338], [-119.7382314194471, 36.41808229010081], [-119.73777850325388, 36.41794381578302], [-119.73744133947659, 36.41772220315681], [-119.73732886680978, 36.41759364689821], [-119.73732118890904, 36.4175848710778], [-119.73720569700454, 36.417452864980056], [-119.73710392506936, 36.41726493246844], [-119.73710386039068, 36.417264813191935], [-119.73702776679787, 36.41712429886952], [-119.73692177637416, 36.41670109461466], [-119.7367711926814, 36.41618397573485], [-119.73637387411941, 36.41576257650207], [-119.73575308885076, 36.41558424873272], [-119.73535310498734, 36.41565115919481], [-119.73526459218577, 36.41568080109376], [-119.735264447557, 36.415680849528165], [-119.7352114783963, 36.41569858955302], [-119.73481581992098, 36.41583109237387], [-119.73436804568445, 36.4162341737416], [-119.73397931052504, 36.416719305732535], [-119.7337361527473, 36.41719171764121], [-119.73373613028943, 36.41719176535184], [-119.73335319375518, 36.41830718573454], [-119.73335317668717, 36.418307236336005], [-119.73319740073205, 36.41876097254049], [-119.73319738456239, 36.418761023141656], [-119.73305628797732, 36.41924457361384], [-119.73305627001103, 36.41924462276892], [-119.73300893688038, 36.41932949625378], [-119.73272678862608, 36.41983535293532], [-119.7322647464479, 36.42027383654721], [-119.73180070102661, 36.42050039997277], [-119.73133654241764, 36.420715188142964], [-119.73072648483009, 36.420907322929025], [-119.73002757936936, 36.42094694109172], [-119.72928408602952, 36.420892637429205], [-119.72861221716391, 36.42070837595129], [-119.72798405223519, 36.420523842964634], [-119.72751728402031, 36.42025383429311], [-119.72731301790448, 36.420135672630174], [-119.72731286519088, 36.42013558371827], [-119.72701731047925, 36.419964613888496], [-119.72583086775425, 36.419277204650456], [-119.7252056924188, 36.41898755700578], [-119.72520516061616, 36.41898731122937], [-119.72495082599966, 36.41886947510071], [-119.72472929965397, 36.41879149588111], [-119.72465089200101, 36.41875347850731], [-119.72408928235338, 36.41859522173612], [-119.72271067561609, 36.418206725863385], [-119.72252806159355, 36.41815526336966], [-119.72203905917708, 36.418019732752285], [-119.7219876629664, 36.418005486940814], [-119.72138943259787, 36.41790315586138], [-119.72137157139511, 36.417903263570764], [-119.72092329410202, 36.41790598377491], [-119.72027689966121, 36.41799530877789], [-119.72016757469115, 36.41802067466585], [-119.71951358140139, 36.418267746221886], [-119.71852662216163, 36.41866225755309], [-119.71787306724971, 36.41887813873075], [-119.7173789848603, 36.419010634681364], [-119.7167524898997, 36.4190026426138], [-119.71539579576714, 36.41879888653968], [-119.71460863262635, 36.418744754864846], [-119.71382869373711, 36.418672095877525], [-119.71382852754878, 36.418672079974286], [-119.713777552648, 36.418667331410624], [-119.71358961880236, 36.41867207708274], [-119.7131658448553, 36.41868277779528], [-119.71267153878536, 36.418791709851675], [-119.7121048267069, 36.418948166993886], [-119.71162648819114, 36.419210058765266], [-119.7113527319982, 36.41954136800463], [-119.711114111611, 36.41988854774202], [-119.71097894480512, 36.42008520318062], [-119.71075127847446, 36.42067520987973], [-119.71075126230477, 36.420675259756834], [-119.71073954198528, 36.420809664592156], [-119.71073953479875, 36.42080971591484], [-119.71067216115244, 36.421582273195156], [-119.71067215755917, 36.42158232524015], [-119.71066871970658, 36.42192048342955], [-119.71066872868974, 36.42192053619718], [-119.71066448953992, 36.4223358482278], [-119.71066448594665, 36.422335900272294], [-119.71058316505724, 36.42260472853827], [-119.71058314798924, 36.42260477263138], [-119.7105831264297, 36.42260482178439], [-119.71028270105258, 36.42359793995066], [-119.71028268667955, 36.42359799054868], [-119.7095061326423, 36.42470937594326], [-119.70905860634079, 36.42515945488689], [-119.70866816617895, 36.425479679008845], [-119.70787831797384, 36.42587957837215], [-119.70769972930208, 36.42596999648361], [-119.7076537849669, 36.42599325712259], [-119.70742097757784, 36.42611112508679], [-119.7060725380644, 36.42682557878575], [-119.70541909454357, 36.42706493683254], [-119.70486602068779, 36.427127088633874], [-119.70406293041704, 36.42693169279579], [-119.70350686696797, 36.426664186333596], [-119.70302821224523, 36.42624671097158], [-119.7028900845922, 36.42612623750035], [-119.70220121331322, 36.42567112690183], [-119.70138502560562, 36.4253990609351], [-119.70109061444934, 36.4253009210714], [-119.69983519189033, 36.42502574786934], [-119.69898980983434, 36.42498362723067], [-119.69740028495653, 36.424816357335324], [-119.69734441064418, 36.424804275440785], [-119.69734427410025, 36.42480424652809], [-119.69724314176557, 36.42478237767988], [-119.69639307050379, 36.42459855912376], [-119.69589722382314, 36.42454259625176], [-119.69522529477041, 36.42454652839246], [-119.69502313610224, 36.424547711648714], [-119.6945255152489, 36.424478896268326], [-119.69379783135975, 36.424378262230185], [-119.69317434575534, 36.424711570419994], [-119.69310142052055, 36.4247570342395], [-119.69244992724224, 36.42516320051026], [-119.69218993234115, 36.42525795127639], [-119.69169478993967, 36.4254383978008], [-119.69051747769124, 36.425751365218474], [-119.69047939271647, 36.42575383939273], [-119.69032103230829, 36.42576412929693], [-119.68932349810102, 36.42582894062751], [-119.68829399554777, 36.4258158570785], [-119.68741472185272, 36.42580467523582], [-119.68718726482953, 36.425853925205324], [-119.68718703575914, 36.425853974356286], [-119.68717834905036, 36.42585585582488], [-119.68635320603767, 36.42603451346024], [-119.6853279471258, 36.426310348066394], [-119.6853277342251, 36.426310405167875], [-119.68519043212379, 36.42634734403366], [-119.68450132548621, 36.42662110092215], [-119.68434836664782, 36.42668186530265], [-119.68382111755982, 36.42698366844178], [-119.68372502836715, 36.42703866968018], [-119.68326183814202, 36.42738277438191], [-119.68284105288987, 36.42794549675545], [-119.68275783745352, 36.428056781500736], [-119.68232656976036, 36.42871859451109], [-119.68187875869293, 36.42915679811638], [-119.6817108105657, 36.429250904351825], [-119.68128432101155, 36.42948987618759], [-119.68051308679742, 36.42960025958955], [-119.67949211374777, 36.42947658871051], [-119.6781662237446, 36.42947238939311], [-119.67698941185778, 36.42985586130143], [-119.67629516775506, 36.43009065222853], [-119.67600071168302, 36.430190235186316], [-119.67534559190588, 36.43041178693309], [-119.67534511759541, 36.430411947386965], [-119.67528973466152, 36.43043067712595], [-119.67486968243468, 36.43071563472263], [-119.67392461702654, 36.43094470240104], [-119.67284365178726, 36.43085771597147], [-119.67284352602314, 36.4308577058528], [-119.67283109693285, 36.43085670555132], [-119.67214715201489, 36.43095476828431], [-119.67141898932367, 36.43099420568969], [-119.67106698178463, 36.430725394907086], [-119.67071365372216, 36.4303035310637], [-119.67065382143264, 36.42999770271899], [-119.67059170832066, 36.42968020473657], [-119.6705917182021, 36.42968015269696], [-119.6706894180741, 36.42918515048591], [-119.6709771358832, 36.42875966653695], [-119.67135867463887, 36.42850823022869], [-119.67135885609854, 36.428508110246725], [-119.67166600446724, 36.42830569530612], [-119.67171597505155, 36.42827276521648], [-119.67233856234066, 36.42782183841885], [-119.67256921467136, 36.42753796089308], [-119.67256922365448, 36.42753790885203], [-119.67270785975398, 36.426724780099626], [-119.67270786694048, 36.42672472733527], [-119.67272161745257, 36.42660085165956], [-119.67272162374074, 36.42660079961788], [-119.67274840341767, 36.42635956085215], [-119.67261361210763, 36.42593646402782], [-119.67251212044684, 36.42579958811123], [-119.67227456096994, 36.425479201953415], [-119.67123460651834, 36.424837518535846], [-119.67082310715132, 36.4245962865793], [-119.6706742832582, 36.42450904149494], [-119.67018030597166, 36.42421945456559], [-119.6696982996346, 36.424079018603756], [-119.6689339671768, 36.42385632117539], [-119.66893379829351, 36.423856272023166], [-119.66879278345516, 36.42381518439239], [-119.66828765178774, 36.42358790130388], [-119.66802553955753, 36.423346048167176], [-119.66778376788027, 36.42308196064203], [-119.66750583631786, 36.42259133868545], [-119.6673738782942, 36.42236534373017], [-119.66737389087065, 36.4223652909628], [-119.66745463683829, 36.42205267926947], [-119.66745464132984, 36.42205262650189], [-119.66745836484671, 36.42196808271872], [-119.66745837023657, 36.42196802995109], [-119.66745979676128, 36.42193560677859], [-119.66745979765956, 36.42193555473385], [-119.66746044085332, 36.42192096556675], [-119.66746043726005, 36.42192091352198], [-119.66744503384788, 36.42174174187479], [-119.66744503025461, 36.421741690552714], [-119.66743700560417, 36.42166774119654], [-119.66742620695616, 36.421568140801455], [-119.66742620246458, 36.42156809092493], [-119.66741104069919, 36.42141693393082], [-119.66741103800427, 36.42141688188567], [-119.66740208359751, 36.42118163969066], [-119.66740209168235, 36.42118158764539], [-119.66741299094171, 36.421124125284614], [-119.66741300082316, 36.421124073239255], [-119.66743253828227, 36.42102106245041], [-119.66743254097722, 36.421021010404985], [-119.6674368591788, 36.42082075462876], [-119.66743686007712, 36.42082070258327], [-119.66743875911561, 36.42073258799864], [-119.66743875731898, 36.42073253595303], [-119.66742295685147, 36.42038979617251], [-119.66742295146157, 36.4203897455724], [-119.66739519711255, 36.420184118037355], [-119.66738862593625, 36.42013542758028], [-119.66736642856557, 36.420046770794556], [-119.66733537200956, 36.41992272471201], [-119.66733537111128, 36.41992267266586], [-119.66732614541327, 36.41975172116182], [-119.66732614271835, 36.419751668392735], [-119.66732548515155, 36.419739488846325], [-119.66732549054144, 36.41973943680004], [-119.66734517532426, 36.4196156482897], [-119.6673451834091, 36.41961559624334], [-119.66735503523282, 36.41955363288035], [-119.66735503613114, 36.419553580834005], [-119.66735413242596, 36.41948933460751], [-119.66735413152765, 36.41948928256106], [-119.66735208875869, 36.419344056993005], [-119.66735208875869, 36.41934400422358], [-119.66735193245181, 36.41921010719754], [-119.66735192885857, 36.41921005515091], [-119.66734224142655, 36.419088132249044], [-119.6669651430433, 36.4188032245032], [-119.66694808223943, 36.418790334223324], [-119.6661283776275, 36.41872350742759], [-119.66601700988848, 36.4188085434056], [-119.66543614215777, 36.41925206470809], [-119.66542957726968, 36.41954189352862], [-119.66542957637137, 36.419541945575034], [-119.66542766385811, 36.41962634959505], [-119.66542766295983, 36.41962640164141], [-119.66542618972275, 36.41969145374916], [-119.66542618882443, 36.41969150579542], [-119.66542539651034, 36.41972645414893], [-119.6654253938154, 36.419726504749455], [-119.66541923766077, 36.419998384576424], [-119.66541923586415, 36.41999843662248], [-119.66540804734728, 36.420492522270024], [-119.66540804555065, 36.420492575038615], [-119.6654063037173, 36.420569476216095], [-119.665406302819, 36.420569528984686], [-119.66540409655666, 36.42066692522677], [-119.66540409386171, 36.42066697727242], [-119.66519731785299, 36.4208333120585], [-119.66503613763311, 36.420962969642744], [-119.66459699890143, 36.420988538405915], [-119.6645593639826, 36.420961165400854], [-119.663734434769, 36.421019143999125], [-119.66373437098859, 36.42101914833621], [-119.66354492976993, 36.4210324625606], [-119.66349033555683, 36.42102437745315], [-119.66260558573182, 36.42089335739177], [-119.6625755379839, 36.420917944542516], [-119.66253102466491, 36.420954369856396], [-119.66229949827347, 36.42114382371685], [-119.66226323777705, 36.42117349460209], [-119.66092007047601, 36.422272559176214], [-119.66076405646737, 36.4224002164278], [-119.6607639998735, 36.42240026268953], [-119.66024751978911, 36.422822864124235], [-119.65959057463532, 36.423360390581124], [-119.65827995060206, 36.42443273620929], [-119.65825548139208, 36.42445275545754], [-119.65501295667849, 36.427105578946794], [-119.65428888311845, 36.427697931968076], [-119.65051740521274, 36.43078310023798], [-119.64632064508864, 36.43409484961455], [-119.64538914424125, 36.43482985711314], [-119.64386942205431, 36.436028960061805], [-119.64322680413099, 36.43653598569262], [-119.64322591659547, 36.436536685997], [-119.64233046334382, 36.437243182919495], [-119.64124809942771, 36.43809712259581], [-119.63725424537004, 36.441229920303186], [-119.6363912401648, 36.441906813444795], [-119.63257140774401, 36.444973382281944], [-119.63105909665812, 36.446187368358174], [-119.62559615125954, 36.450491723682475], [-119.62417829892412, 36.45160875528672], [-119.62144878949289, 36.45375901686429], [-119.62123886848237, 36.45372889744879], [-119.62083691910513, 36.45366423080381], [-119.62038329593777, 36.45358273954039], [-119.62038324742873, 36.45358273159237], [-119.620269376085, 36.4535622747667], [-119.62000863737885, 36.4535295107417], [-119.61983208608618, 36.4535073270069], [-119.61922943151488, 36.45344370065043], [-119.61861596032925, 36.45350412249647], [-119.61824958513559, 36.45345833880667], [-119.61805924111003, 36.45327810482518], [-119.6175253031664, 36.45294704723196], [-119.61717341240836, 36.452803152343336], [-119.61717348247694, 36.45280312416362], [-119.61722185585667, 36.452784316007445], [-119.61734575958552, 36.452628987053096], [-119.61743366871922, 36.45251878019422], [-119.61798699230668, 36.45188934958798], [-119.61812300712215, 36.45173462507491], [-119.61842790341443, 36.4513877835795], [-119.61842790521105, 36.45138773155449], [-119.61842815314608, 36.45136689480055], [-119.61842815314608, 36.45136684277553], [-119.61843433894512, 36.45084407303893], [-119.61843433894512, 36.450844021013566], [-119.61843603047281, 36.4507010883082], [-119.61843603137112, 36.450701035560144], [-119.6184444360089, 36.449990723812896], [-119.61844443690724, 36.44999067178695], [-119.61845570986571, 36.449037981419856], [-119.61845570986571, 36.44903792867061], [-119.61845748224178, 36.44888820965458], [-119.61845748224178, 36.44888815762785], [-119.61846988438258, 36.44784007306768], [-119.61846988438258, 36.44784002104025], [-119.61847290272195, 36.447584957642675], [-119.61847290272195, 36.44758490561506], [-119.61849048454867, 36.446098984846365], [-119.61849048544701, 36.44609893281781], [-119.6185003830848, 36.44526245387596], [-119.6185003830848, 36.44526240184685], [-119.6185152178634, 36.4423896279074], [-119.61851521876173, 36.44238957587631], [-119.61851831076295, 36.441790578827494], [-119.61851831166123, 36.44179052679606], [-119.61852538050421, 36.4404215839274], [-119.61852538050421, 36.44042153189499], [-119.61852850035321, 36.43981724916526], [-119.61852850035321, 36.439817196409805], [-119.61854023684239, 36.43754415002959], [-119.61854023684239, 36.43754409799524], [-119.6185463920987, 36.43635185601548], [-119.6185463920987, 36.43635180398034], [-119.6185521278418, 36.43524100370983], [-119.6185521278418, 36.43524095167394], [-119.61855310520882, 36.43505149535327], [-119.61855310520882, 36.435051443317256], [-119.61855681165771, 36.43433362079697], [-119.618556812556, 36.43433356876048], [-119.61857216925577, 36.431358747594025], [-119.61857216925577, 36.431358695555595], [-119.61857529359634, 36.43075364840807], [-119.61857529539297, 36.43075359636917], [-119.61861253415476, 36.429016732474345], [-119.61776579294774, 36.42911434507297], [-119.61776571748925, 36.429114353746286], [-119.61773570477561, 36.42911781440453], [-119.61751106756408, 36.42912717364846], [-119.61603834972438, 36.429188530189975], [-119.61524467200117, 36.42928286622968], [-119.61440589435912, 36.4295079086723], [-119.61370467393992, 36.42988106936492], [-119.61291790785455, 36.43055769360516], [-119.61154538181341, 36.43206748375004], [-119.6116385577696, 36.43256446019051], [-119.6116385622612, 36.432564501387], [-119.61120170794524, 36.433088473341385], [-119.61068507604558, 36.43343709218498], [-119.60993239294038, 36.433811471309525], [-119.60991578848066, 36.433818765860366], [-119.6095292011931, 36.43398859073114], [-119.60929056463617, 36.434142601163444], [-119.60878545542664, 36.43446858017085], [-119.60868137302458, 36.43450935139085], [-119.60859411067786, 36.43454353421149], [-119.60848485936964, 36.43458632974899], [-119.60845926726552, 36.434596353964615], [-119.6084131818948, 36.43461440694491], [-119.60802071243874, 36.4347681443909], [-119.60771975166573, 36.43481261507969], [-119.60734266675725, 36.43482385416559], [-119.60670735573044, 36.434729747458995], [-119.60659335502929, 36.43470824638299], [-119.60615781674528, 36.43462610137692], [-119.60568153267656, 36.43462013165905], [-119.60547800587422, 36.434617581158385], [-119.6050331098399, 36.43463345150113], [-119.60497691662557, 36.43465433105361], [-119.60467792316305, 36.43476542405475], [-119.60404259776318, 36.43496105674193], [-119.60367947896243, 36.43511127023364], [-119.60325112001412, 36.4354527200209], [-119.60209473941013, 36.4357764581672], [-119.60134272285487, 36.436176507571545], [-119.60100156157459, 36.43635799110074], [-119.60088810165924, 36.436439410841864], [-119.6006914568503, 36.43658052474844], [-119.60040598662604, 36.43701786876215], [-119.60031681446107, 36.43712892369047], [-119.59921992209182, 36.43849498474089], [-119.59892910240005, 36.43863724398502], [-119.59875152343469, 36.43867800072945], [-119.59804613034099, 36.438839895765476], [-119.59740468112584, 36.438728372815696], [-119.59740469909212, 36.4387283229502], [-119.59745807878294, 36.43859797812684], [-119.59629232425898, 36.437245528086606], [-119.59628185080106, 36.4371492345274], [-119.59614264966127, 36.435869360285025], [-119.59613493043804, 36.43579838534925], [-119.59613063110109, 36.435758848481846], [-119.59608399685972, 36.43533007099598], [-119.59573168389353, 36.43451587472622], [-119.59437720680307, 36.4344189331069], [-119.59386467032276, 36.43465664305354], [-119.59326863453848, 36.43493307507088], [-119.59301498713319, 36.43520609052569], [-119.59261553237748, 36.43563604238847], [-119.59246526399338, 36.43589766611719], [-119.59199770705769, 36.43669642316119], [-119.5919020301917, 36.436859860247935], [-119.59190200324224, 36.436859907946484], [-119.59190197629279, 36.43685995781313], [-119.59169488587371, 36.437213741490496], [-119.5913139507859, 36.43762498025], [-119.59120332415698, 36.43766037727625], [-119.59040082857095, 36.43834015907688], [-119.58950007166588, 36.43864314762925], [-119.58898314152553, 36.43876108889037], [-119.58866337991194, 36.43885436901407], [-119.5884958863323, 36.43883095468301], [-119.58800183358727, 36.43897902587152], [-119.58701284595162, 36.43907502591839], [-119.58646798988403, 36.439098870173076], [-119.58510843012569, 36.4391583528626], [-119.58461551105458, 36.43915382741587], [-119.58401408358196, 36.43920789355107], [-119.58337886687826, 36.43926499419427], [-119.58258276100885, 36.43946285657349], [-119.58209720722475, 36.43954040238142], [-119.58154552935088, 36.43962850501508], [-119.58113741753078, 36.43966275640364], [-119.58080160122644, 36.4396909394422], [-119.579977575718, 36.439859162296436], [-119.57970839194986, 36.439910760721354], [-119.57951447262946, 36.43994793159865], [-119.57897135839522, 36.43997230386151], [-119.5782803158882, 36.44006418993366], [-119.57798989594671, 36.44019611422826], [-119.57777563068346, 36.44019564449001], [-119.57767372579764, 36.440195421906346], [-119.5768016107771, 36.440426795838675], [-119.57665203768902, 36.44072359019494], [-119.57665201343451, 36.440723637891125], [-119.57650674507327, 36.44101188557949], [-119.57650672351372, 36.44101193399816], [-119.576060453057, 36.44145605184804], [-119.57577813951262, 36.44173700156449], [-119.57557055052858, 36.44206163921946], [-119.5755331365953, 36.44212015055591], [-119.57547616813493, 36.4424742173805], [-119.57547616005009, 36.44247426941154], [-119.57566355400827, 36.442767069797675], [-119.57590247353448, 36.44304436467379], [-119.57638689633964, 36.44350516540118], [-119.57649673334943, 36.443609643671486], [-119.57678055786009, 36.443951624062386], [-119.57700797895068, 36.44422563971563], [-119.57717194484623, 36.44456905976798], [-119.57729394684158, 36.44498460110793], [-119.57731319324655, 36.44505015370567], [-119.57740002440191, 36.44530150463218], [-119.57741122998678, 36.44564469663187], [-119.57741123358005, 36.44564474866072], [-119.57762360699128, 36.44678001293692], [-119.57762361507612, 36.44678006351982], [-119.57758504770604, 36.447858176439695], [-119.57758504680773, 36.44785822846707], [-119.5775843281555, 36.44787831754709], [-119.57758432276562, 36.4478783695745], [-119.57751396132265, 36.44812646108187], [-119.57751394694962, 36.448126513831674], [-119.57735804343373, 36.448676218560344], [-119.57735802995902, 36.44867627130982], [-119.57746583048805, 36.448945464312224], [-119.5775332472535, 36.44906220919948], [-119.57782521768715, 36.44956779482202], [-119.57789085219507, 36.44997917404516], [-119.57774369737173, 36.45102444924262], [-119.5777436892869, 36.45102450126792], [-119.57737018596143, 36.45161065202757], [-119.5771070855844, 36.45193395353284], [-119.57680985641309, 36.4522991897268], [-119.57680981419225, 36.452299241751234], [-119.57681371647384, 36.452299222242075], [-119.57690595369058, 36.45229877497652], [-119.57694576343073, 36.452298582052556], [-119.5769458200246, 36.452298581330034], [-119.57686979380546, 36.45235808786077], [-119.57681447555026, 36.4524013858692], [-119.57662702140496, 36.45254810815475], [-119.57654288339884, 36.45261396289404], [-119.57650181242407, 36.45264473304493], [-119.5760941255071, 36.4529501852903], [-119.57592376360671, 36.45303236942569], [-119.57549019712474, 36.4532415241567], [-119.57472201538593, 36.45361209383297], [-119.57462437570106, 36.45346738080577], [-119.57340096370888, 36.45350061090199], [-119.57170282532671, 36.45258714223755], [-119.57159021252266, 36.45232795489516], [-119.57159021162438, 36.45232790214821], [-119.57153747153404, 36.451443328960664], [-119.5715374679408, 36.45144327693564], [-119.57151218485711, 36.45101919613395], [-119.57151219384026, 36.45101914338611], [-119.57165008613468, 36.45050931268258], [-119.57165008793132, 36.45050926065693], [-119.57162242251552, 36.45001537545108], [-119.57134193704279, 36.449718364454874], [-119.57110101247683, 36.44961635265014], [-119.57084963331764, 36.449431389795215], [-119.57041801168822, 36.448660544745046], [-119.5703490623969, 36.448514214702115], [-119.57034906060028, 36.44851416267513], [-119.57032232224586, 36.448144012320455], [-119.57012613198445, 36.447793627020346], [-119.56995389530005, 36.447639121235824], [-119.56992817383852, 36.44761604773471], [-119.56949459747506, 36.44749433708884], [-119.56920194971171, 36.447308547569165], [-119.5691460197038, 36.447273039326625], [-119.56914598916107, 36.447273019816194], [-119.56905261467719, 36.44721374061938], [-119.56902942915968, 36.44719902179765], [-119.56874096395228, 36.44695632667608], [-119.56857256576914, 36.44681464776649], [-119.56852442145978, 36.44678595931845], [-119.56832630251547, 36.446667904519664], [-119.56805609017633, 36.4464283120958], [-119.56792336768635, 36.44622090362749], [-119.56788234881384, 36.4461866912647], [-119.5675519700119, 36.445911141186706], [-119.56678737344942, 36.44593096918216], [-119.56623006852861, 36.44594541798426], [-119.56569712412168, 36.44620247830827], [-119.56564621120465, 36.446227035042064], [-119.56557589647409, 36.44660732921262], [-119.56557588749094, 36.44660738196345], [-119.56571097614335, 36.44696992116082], [-119.56596792934891, 36.447659500859636], [-119.56584660288664, 36.44801709399222], [-119.56584658671697, 36.4480171438517], [-119.56578625406586, 36.44835697748626], [-119.56578624508272, 36.448357029513296], [-119.56557722059084, 36.4486933390079], [-119.56552727605765, 36.44877487515084], [-119.56530855784554, 36.44913194215395], [-119.56528574872216, 36.44916918087291], [-119.5651956854284, 36.44931621059198], [-119.56474686734953, 36.44968739081907], [-119.5646735217032, 36.449748049708845], [-119.56453517126796, 36.44986246666712], [-119.56404556518363, 36.450089333208965], [-119.5633440384389, 36.45017912771138], [-119.5628601016223, 36.45024106807472], [-119.56182092331511, 36.450082975208836], [-119.56173585016276, 36.450192264960116], [-119.5611671330446, 36.44995649071249], [-119.56090042952493, 36.449511464813064], [-119.5607374688442, 36.449206274333314], [-119.5600416913173, 36.44870163945741], [-119.55996122472573, 36.448643277603345], [-119.5590847205367, 36.448007549149764], [-119.55907267682367, 36.44799881434249], [-119.55884133189194, 36.448043974036935], [-119.55875629107892, 36.44812254675553], [-119.55821466355648, 36.44862297700089], [-119.55804118450204, 36.44871870064654], [-119.557855278154, 36.44882128159057], [-119.55727951195581, 36.44931143861209], [-119.55720069017951, 36.44949209224035], [-119.55720066861996, 36.44949214065374], [-119.55718232412353, 36.449534187295605], [-119.55718230436061, 36.44953423643151], [-119.55710261032019, 36.44955830797734], [-119.55688233263271, 36.44962484159584], [-119.55632240373298, 36.44979395987321], [-119.55627879771245, 36.44983400985056], [-119.55603271591846, 36.450060028886554], [-119.55552630145682, 36.45023508221612], [-119.55537711554267, 36.45038841441966], [-119.55503623902831, 36.45055936854749], [-119.55437413754477, 36.451153379349655], [-119.55384886744531, 36.451107509731266], [-119.5536574732892, 36.45109079517986], [-119.55260120363542, 36.45117040676129], [-119.5524141932579, 36.45128049342145], [-119.55184274526125, 36.45161688417564], [-119.55048408741146, 36.45216601863596], [-119.55002429461476, 36.45235184999178], [-119.54990845416393, 36.45239350562336], [-119.54940922712287, 36.45257302199165], [-119.54899345806331, 36.452943807293146], [-119.54880884439095, 36.45310843994511], [-119.54873428781562, 36.45325501060225], [-119.5487342644594, 36.453255056845585], [-119.54865801006821, 36.45340496468978], [-119.548657986712, 36.453405011655654], [-119.54849093420516, 36.45373341771016], [-119.54849091444221, 36.45373346539834], [-119.54849082730563, 36.45373463953908], [-119.54849082371237, 36.453734691562516], [-119.54848669685195, 36.45379043829892], [-119.54848669325872, 36.45379049032237], [-119.54847061790669, 36.45400761340987], [-119.54847061251681, 36.454007665433124], [-119.54832014470671, 36.45416368093367], [-119.54813676621787, 36.454381883176964], [-119.54811731679365, 36.45441777978311], [-119.54811729343744, 36.45441782747086], [-119.54788942857913, 36.45537916623251], [-119.5478894160027, 36.45537921825485], [-119.54786720336068, 36.45547293070464], [-119.54786719078426, 36.45547298344944], [-119.54782917497975, 36.45563336514415], [-119.54782916240333, 36.455633417888855], [-119.54774678868841, 36.45598094992087], [-119.54774677611199, 36.45598100194285], [-119.54780873381546, 36.45624270880478], [-119.54780843287983, 36.456245391539184], [-119.54780842659162, 36.45624544356099], [-119.54773990489839, 36.45685684375946], [-119.54773989861019, 36.456856895780795], [-119.54773637990921, 36.456888285614575], [-119.54773637272271, 36.456888337635945], [-119.54758989702573, 36.457006980182804], [-119.54709928662487, 36.45777900884942], [-119.54709916804727, 36.45777919742467], [-119.54647886247896, 36.45854751701942], [-119.54634000719055, 36.458675020684375], [-119.54614621183768, 36.45885297275029], [-119.54577863379983, 36.45919049677267], [-119.54535238499415, 36.459581886304626], [-119.54529314559272, 36.4597553228818], [-119.54529312852475, 36.45975537345623], [-119.54511995669417, 36.46026236252979], [-119.54511993872785, 36.460262411658945], [-119.54471310251546, 36.461121888650986], [-119.54471308724409, 36.46112193777961], [-119.54472402153775, 36.46139918221813], [-119.54472402153775, 36.46139923423647], [-119.54472917876579, 36.461408986226736], [-119.54488928010899, 36.46171167011363], [-119.544954544511, 36.46183505626165], [-119.54518235636873, 36.46199180449589], [-119.54530435117758, 36.46217272696973], [-119.5453168359634, 36.462559856962116], [-119.54531683865835, 36.46255990897968], [-119.54532304422034, 36.46259419214718], [-119.54534425703744, 36.46271127916793], [-119.54535367138162, 36.46276324385497], [-119.54536607442074, 36.462831705237754], [-119.5453357607715, 36.463019600396734], [-119.54533575268665, 36.46301965241394], [-119.5453054390374, 36.46320754783993], [-119.54530543095257, 36.463207599857014], [-119.54529302162521, 36.46327479148658], [-119.54529301174375, 36.46327484350362], [-119.54523661012031, 36.463580245934935], [-119.54523660113716, 36.46358029795181], [-119.54521101352462, 36.463718846905444], [-119.54521100364317, 36.46371889892223], [-119.54518019861543, 36.46388570062483], [-119.54518018963226, 36.463885752641445], [-119.54511839632052, 36.464178530006464], [-119.54511838554073, 36.46417858202294], [-119.54511333431388, 36.46420251681532], [-119.54511332622904, 36.46420256883174], [-119.54514374408288, 36.46470044262531], [-119.54514374677782, 36.464700494641434], [-119.54518037109197, 36.46529994331166], [-119.54518037199026, 36.46529999604979], [-119.54520410278514, 36.46538092377921], [-119.54523466077616, 36.465485132013434], [-119.54535043564996, 36.46587994084473], [-119.54538730071259, 36.46600565454316], [-119.54535295003444, 36.46650588199091], [-119.5453529464412, 36.46650593400578], [-119.54533080296945, 36.46682840836725], [-119.54533079757955, 36.46682846038189], [-119.54537317560307, 36.466934906910794], [-119.54541475592264, 36.467039354345886], [-119.54541928882156, 36.46705073902765], [-119.54541740235946, 36.46706205074285], [-119.54541739337631, 36.467062102757396], [-119.54536136635035, 36.467397928755595], [-119.5453613573672, 36.46739798149234], [-119.54535638249718, 36.46742779507191], [-119.54535637351401, 36.46742784708621], [-119.54531801634968, 36.46765775925391], [-119.54531800646824, 36.467657811268055], [-119.54535106177572, 36.46778532668175], [-119.54545106223317, 36.46817109940855], [-119.5454943349787, 36.46833802879067], [-119.5455344708073, 36.46863844326884], [-119.54554956160575, 36.46876146296869], [-119.54557781182481, 36.468991731661724], [-119.54559668992052, 36.46914560831724], [-119.54562904005053, 36.46940929564187], [-119.54573482925164, 36.46991580187737], [-119.54565398536765, 36.47007601644503], [-119.54565396380806, 36.47007606556798], [-119.54553939986324, 36.47044928038486], [-119.54553938459189, 36.47044933022992], [-119.54561456549634, 36.47095663368714], [-119.54577776782389, 36.47133249107988], [-119.5459223408891, 36.47141944513556], [-119.54613397498689, 36.47169484679914], [-119.54622082860013, 36.47193960058207], [-119.54628268479395, 36.47211391176475], [-119.54628892179696, 36.47213148935947], [-119.54633169148599, 36.47225201204237], [-119.54643014414617, 36.472552409907216], [-119.54655100887437, 36.47292118467678], [-119.54660534347434, 36.47376053865393], [-119.5466053407794, 36.473760590663964], [-119.54648039141156, 36.474120226911054], [-119.54648037164864, 36.4741202767538], [-119.546114458189, 36.47480556337541], [-119.54590837298474, 36.47516011377443], [-119.54582468144129, 36.475304093586836], [-119.54568865045614, 36.47553812215261], [-119.54545235131557, 36.475944640943354], [-119.54545074153461, 36.47594649519315], [-119.54531598795378, 36.4761016604206], [-119.54511836308284, 36.4763292194897], [-119.54452135172816, 36.47701665212821], [-119.54389431418511, 36.477738641901865], [-119.54386234943237, 36.47777544576894], [-119.5434679620732, 36.47930834756701], [-119.54346794770015, 36.47930839957335], [-119.54344488076029, 36.47939805695093], [-119.54344486638723, 36.47939810895719], [-119.54339464517298, 36.47959330404818], [-119.54339463169823, 36.47959335605431], [-119.54326017186649, 36.48019948857988], [-119.54326015929007, 36.480199540585616], [-119.54323116616428, 36.4803302438245], [-119.54323115358788, 36.48033029583014], [-119.54303379282165, 36.48121995233675], [-119.54303378024522, 36.4812200043418], [-119.54299152798585, 36.48141047034304], [-119.54299151630775, 36.481410522347964], [-119.5429788599437, 36.48147047024706], [-119.54297884826562, 36.48147052297419], [-119.54295083969336, 36.48160318291545], [-119.54295082891358, 36.48160323492023], [-119.54293149806698, 36.48169479142578], [-119.54293148638887, 36.48169484415282], [-119.54297826975053, 36.48174782681782], [-119.54306729908342, 36.48184865586267], [-119.5430795997146, 36.481862585149734], [-119.54307108727897, 36.48203064647792], [-119.54307108368573, 36.48203069848237], [-119.54306569828559, 36.48213699340048], [-119.54306569469233, 36.48213704540491], [-119.54308030848537, 36.48217938926106], [-119.54317202467924, 36.4824451246896], [-119.54318086859323, 36.482470751200566], [-119.54322003064803, 36.4825842228046], [-119.54299015536007, 36.48306585880639], [-119.5429901329022, 36.483065907198764], [-119.54261647596482, 36.48384878123216], [-119.54261645530359, 36.483848830346325], [-119.5422345994426, 36.48421295198394], [-119.54151729019664, 36.48489693740682], [-119.54124024527144, 36.48518576484546], [-119.54099113435832, 36.48544546854286], [-119.54013100196535, 36.486342155865664], [-119.53895313815136, 36.48676208631642], [-119.53838438599887, 36.48696485141566], [-119.53613016170974, 36.487768461748985], [-119.53387592394589, 36.48857201824581], [-119.53387588711496, 36.488572031968076], [-119.53399545108265, 36.48874690807195], [-119.53399548611694, 36.488746960794174], [-119.53401400937813, 36.48877405277492], [-119.53406825145157, 36.48885338877518], [-119.53411769113157, 36.48892570038117], [-119.53411772526756, 36.48892575093658], [-119.53364222273316, 36.48894589871002], [-119.533177556576, 36.48896558570198], [-119.53201540788959, 36.48897078929544], [-119.52835508572053, 36.488987106404515], [-119.52835508661882, 36.48898705368246], [-119.52835563728611, 36.48872406419194], [-119.52835563728611, 36.488724012191945], [-119.52836848229634, 36.48256545509729], [-119.52836848319468, 36.48256540309314], [-119.52837045948829, 36.48161752106185], [-119.52837045948829, 36.48161746905708], [-119.52838246547208, 36.4758605950568], [-119.52838246637039, 36.47586054304821], [-119.52838562664354, 36.474345068515746], [-119.52838562664354, 36.474345016506085], [-119.52840401066584, 36.46565445989082], [-119.52840401066584, 36.465654407875334], [-119.52841058453708, 36.462547588045005], [-119.52841628794081, 36.459849370336926], [-119.52841628794081, 36.4598493183176]]]}}, {"type": "Feature", "properties": {"OBJECTID": 450, "Basin_Number": "5-022", "Basin_Subbasin_Number": "5-022.08", "Basin_Name": "SAN JOAQUIN VALLEY", "Basin_Subbasin_Name": "SAN JOAQUIN VALLEY - KINGS", "Region_Office": "SCRO", "Date_Record_Last_Edited": "2019-01-04T00:00:00Z", "Record_Edited_By": "CBC", "Comments": "2018 BBIDS", "Date_Data_Applies_To": null, "GlobalID": "{598EA24F-097F-4659-92D1-BBA9D0E347C8}", "Area_Acres": 981323, "Area_SqMiles": 1533.319, "SHAPESTArea": 6178229386.964023, "SHAPESTLength": 705307.8438565223}, "geometry": {"type": "Polygon", "coordinates": [[[-119.70465263936678, 36.962822997941906], [-119.70428013676455, 36.96279783769632], [-119.70338412565911, 36.96307217888618], [-119.70267175265566, 36.96374012423899], [-119.70187319258888, 36.963804415451925], [-119.70178436268205, 36.9633407474811], [-119.70156589150662, 36.96310840784138], [-119.70130335257662, 36.96301621324886], [-119.70077834298858, 36.96302927173374], [-119.70051740485644, 36.9632618800621], [-119.70030870555472, 36.963437081785806], [-119.70030865524903, 36.96343712413434], [-119.7001999096923, 36.96352841454415], [-119.69973814509356, 36.9638060038722], [-119.69892437475242, 36.96381877726786], [-119.69859677982954, 36.963697556249954], [-119.69859672054072, 36.96369753399912], [-119.69839706907054, 36.96362365473057], [-119.69795758358912, 36.96338109560136], [-119.69780997152333, 36.96310267138793], [-119.69609413812668, 36.963116232300024], [-119.69596528288402, 36.96344159728515], [-119.69548522678944, 36.96381991205865], [-119.69508033273469, 36.964525278511815], [-119.6950639169212, 36.96456117947668], [-119.6950638926667, 36.96456123259097], [-119.69450109634454, 36.965792121288864], [-119.69267145628287, 36.96580812493956], [-119.69248042055453, 36.96715793466866], [-119.69155668294789, 36.96713791054237], [-119.69157065264889, 36.96652281079886], [-119.69133901037478, 36.96604725340218], [-119.69098190309987, 36.96572604312215], [-119.69049204728388, 36.96561368577533], [-119.68972296094158, 36.965614026706966], [-119.68876356021812, 36.96588085010225], [-119.68807636250052, 36.96612061282398], [-119.68731439620515, 36.96619292857328], [-119.68689633105173, 36.96587209285483], [-119.68663078276552, 36.96568966324955], [-119.68675153969589, 36.96539419510765], [-119.68711052265313, 36.964915432333825], [-119.68801263242099, 36.96433677771228], [-119.68931804083569, 36.96426496191645], [-119.69032330324931, 36.963912197552105], [-119.69144446989418, 36.96289440094084], [-119.6921300928651, 36.962173517414826], [-119.69288430759786, 36.960925046684956], [-119.69343045184958, 36.96055038476013], [-119.69411719951124, 36.95998358810283], [-119.69427467687548, 36.95985441487668], [-119.6942747819784, 36.95985432874005], [-119.69499935140844, 36.95925998307397], [-119.69485588147441, 36.959157493274034], [-119.69448482066822, 36.95889242003473], [-119.6943760283991, 36.95794339558955], [-119.6948175647343, 36.95762978807187], [-119.69474540396585, 36.95733090121688], [-119.69442553635106, 36.956892438580645], [-119.69447855042756, 36.95655357541432], [-119.69477852934195, 36.95614084502839], [-119.69527580254726, 36.955815229903976], [-119.69577295627663, 36.95537654892975], [-119.69655182976395, 36.95505089320923], [-119.69658699521405, 36.95469790238532], [-119.69613676678019, 36.95418478528343], [-119.69614398833676, 36.952378465928014], [-119.696302593985, 36.95168241489766], [-119.69690761921032, 36.95127046932445], [-119.69793794102712, 36.950718230632], [-119.69845214927216, 36.95069042598201], [-119.69882296573661, 36.95020812844436], [-119.69933687843594, 36.950120874593], [-119.69995679593201, 36.94977974503864], [-119.70064917333558, 36.94937955418439], [-119.70241314924495, 36.94813854247581], [-119.70362605454154, 36.94805231574592], [-119.70454549370957, 36.94782757098392], [-119.70454555659164, 36.94782755590765], [-119.70462445202979, 36.94780827046145], [-119.70493034635032, 36.94749040342007], [-119.70548785339209, 36.947257255138055], [-119.70625162799608, 36.94660240598991], [-119.70683927710886, 36.94603930699128], [-119.7069975467872, 36.94588764659408], [-119.70794262117847, 36.94591109584049], [-119.70831915182644, 36.94522073141033], [-119.70971480589292, 36.944116992977115], [-119.71059182481658, 36.94326900627874], [-119.71067903955259, 36.94253871323932], [-119.71096374441221, 36.94172235736358], [-119.71157488536798, 36.94110143913894], [-119.71258586286345, 36.94056214742221], [-119.7137604442334, 36.940008739036365], [-119.7148521191875, 36.93948077891546], [-119.71578514986578, 36.939022533826034], [-119.71628355225339, 36.93889446882806], [-119.71701112475148, 36.93872383028268], [-119.71750834226123, 36.93850999252041], [-119.71754396046224, 36.93821106223114], [-119.71718566022464, 36.93795790401411], [-119.71716739837322, 36.93743179006474], [-119.71766529051776, 36.937159952869386], [-119.71832141191646, 36.936776099670475], [-119.71827337001507, 36.936456490625034], [-119.7176759184859, 36.93591278317575], [-119.7167080268864, 36.93587487832366], [-119.7150604852143, 36.93588241549573], [-119.71452244825801, 36.935683716665736], [-119.7141826488237, 36.935458163530704], [-119.71307317824383, 36.93541858255796], [-119.71228486525952, 36.93566190784951], [-119.71121418123866, 36.93625217975272], [-119.70926526826348, 36.936384577453715], [-119.70897934439002, 36.936070828757416], [-119.7080249589608, 36.936155334290746], [-119.70700405058987, 36.936674260302524], [-119.70616348530041, 36.93676075480785], [-119.70558981217683, 36.93634784896398], [-119.70557190515993, 36.936333476223425], [-119.70530343555247, 36.935923754684595], [-119.70469113576998, 36.935925540426766], [-119.70402504846149, 36.93621323177495], [-119.70364288807166, 36.93593005612117], [-119.70328368233224, 36.93566388674866], [-119.70110823849691, 36.93528757976003], [-119.69991137531466, 36.93508052859103], [-119.69970311528905, 36.934843767926814], [-119.69950527122919, 36.934570166602036], [-119.69898089854672, 36.933844991748956], [-119.69878547724318, 36.933574732964665], [-119.69872730683696, 36.93349428659878], [-119.69870215939888, 36.93347739654199], [-119.69766104342564, 36.932778163430264], [-119.69702709783805, 36.93235238409609], [-119.69608863594559, 36.93235152816348], [-119.69544902378519, 36.9323509407869], [-119.6954489716829, 36.9323509407869], [-119.69502561365579, 36.93235054944186], [-119.69408533896306, 36.93178924584854], [-119.69388936160237, 36.931459069557356], [-119.69374184206303, 36.931253807482754], [-119.69283511854788, 36.929992141353324], [-119.69235604610851, 36.929325514311635], [-119.69244686758037, 36.92852945402553], [-119.69327976395226, 36.92806223643583], [-119.69329642231088, 36.928052895329415], [-119.69400782603213, 36.9275098783569], [-119.69437799750621, 36.92722732097742], [-119.69441896966634, 36.92713425784153], [-119.69500136004145, 36.92581137585189], [-119.69526683915734, 36.92447082911863], [-119.69554285730817, 36.92387718262362], [-119.69589977593688, 36.923109526506366], [-119.6957769232369, 36.922595864871404], [-119.6953631035215, 36.922574180860494], [-119.69438095655676, 36.922522708420296], [-119.69336225983805, 36.923440453519234], [-119.69336223648185, 36.923440475063664], [-119.69296270536937, 36.92380040436125], [-119.6920574470064, 36.923786058698624], [-119.69112117610491, 36.92264248324771], [-119.68928039783201, 36.92099165369304], [-119.6893084153874, 36.92045135643328], [-119.69007009781514, 36.920323933882244], [-119.69027104375768, 36.92056546308421], [-119.69094471194879, 36.920565534183545], [-119.69145381866134, 36.91957543978731], [-119.69209158208889, 36.91938415609809], [-119.69262938727984, 36.91948887909912], [-119.69377484167501, 36.91994433371282], [-119.69448204936559, 36.919811844256046], [-119.69485270592989, 36.919434827006846], [-119.6947187177137, 36.91881342628597], [-119.6942808950139, 36.91823736820655], [-119.69459474840788, 36.9177886078087], [-119.69491579101904, 36.91739175522309], [-119.69523621109774, 36.91721543492522], [-119.69629672349461, 36.917231331714135], [-119.69667611527676, 36.91723701631998], [-119.69725927011815, 36.917506531509225], [-119.69828454969128, 36.91777033532502], [-119.69836903534545, 36.91778379944983], [-119.69836911170225, 36.91778381165925], [-119.69909791668888, 36.91789995049974], [-119.70029379262265, 36.91769272857179], [-119.70114537664737, 36.91723730432085], [-119.70125895424202, 36.91621684003675], [-119.7006545479559, 36.91573841026497], [-119.6999902833292, 36.915458756132196], [-119.69993781183511, 36.915436665731875], [-119.69859628036626, 36.91536333434793], [-119.69849218448942, 36.91525704569629], [-119.69822599390783, 36.91498524721165], [-119.69823941563648, 36.91425587974162], [-119.6985210410713, 36.91342405165538], [-119.69858697831148, 36.913229295626785], [-119.69936412793177, 36.912289088526265], [-119.69957292604818, 36.910895586205754], [-119.69868034111727, 36.91000262360862], [-119.69820597046014, 36.90947498862408], [-119.69821983505821, 36.90869490553633], [-119.69821983595655, 36.90869482796134], [-119.6982418913934, 36.907453856962256], [-119.69776674099859, 36.90686953016253], [-119.69774682714538, 36.90684503526442], [-119.69698966324351, 36.90591388139108], [-119.69668798651324, 36.90552482397113], [-119.69649137673858, 36.904631437189224], [-119.69543441448373, 36.90369892163474], [-119.69540046086091, 36.90295211555109], [-119.69559270123003, 36.90270147513363], [-119.69606239795274, 36.90208908626259], [-119.69608566252198, 36.90159651544168], [-119.69557466934734, 36.90075998699614], [-119.69464472258544, 36.900518849082275], [-119.6940615902019, 36.90009206635999], [-119.69356125194483, 36.899236076419086], [-119.69328589225911, 36.898436965700164], [-119.6925484194283, 36.8969863973655], [-119.69244742004427, 36.89684471275945], [-119.69156069572226, 36.89560076230773], [-119.6908207210834, 36.89511192200329], [-119.69082061957376, 36.89511185519069], [-119.69042164092517, 36.894848279061414], [-119.6893841397726, 36.89469250875836], [-119.68779394205667, 36.89510690171937], [-119.68649962244584, 36.89627328411874], [-119.6864993448664, 36.8969015617789], [-119.6864993448664, 36.89690159769877], [-119.68649877443622, 36.898191569037635], [-119.68578658019749, 36.89938336350066], [-119.68536648035995, 36.8996419628888], [-119.68449261631953, 36.899693191438615], [-119.68444338864194, 36.90100734873308], [-119.68251070642728, 36.90105815540791], [-119.68171108724682, 36.900382512799354], [-119.68173685182751, 36.89923736159397], [-119.68120545791274, 36.89890716863021], [-119.68046882949831, 36.89887925887331], [-119.67973881537928, 36.899932959875656], [-119.6790864201924, 36.89989608595608], [-119.67882254816256, 36.89941059851959], [-119.67828828502877, 36.89790016023925], [-119.67800753455305, 36.89781149808892], [-119.67707831991808, 36.896448693756064], [-119.67686128784372, 36.89559642526428], [-119.6733601992453, 36.894105702654265], [-119.67029339488278, 36.89287779837344], [-119.66970962379708, 36.89238101048169], [-119.66963435665436, 36.89138658297506], [-119.6704355353102, 36.89115196269979], [-119.67167740588481, 36.89001169864042], [-119.67189618697901, 36.889793004666025], [-119.67211604874649, 36.88957323020916], [-119.6725916581804, 36.889281231691285], [-119.67328349030656, 36.88948444486789], [-119.67398730056875, 36.88996113391849], [-119.67398734997607, 36.889961167686245], [-119.67423379289279, 36.89012808021237], [-119.67558681920409, 36.8909476798731], [-119.67613492447805, 36.89112315850733], [-119.67697523015438, 36.89106451408046], [-119.6774501766316, 36.89085960740087], [-119.67796281551986, 36.89001214767977], [-119.6782546565961, 36.88922151389156], [-119.67842919566255, 36.88910985847984], [-119.67842930525703, 36.88910978806962], [-119.67880320294289, 36.88887059705174], [-119.67975608459231, 36.88869916544046], [-119.67998186805411, 36.88883805808913], [-119.67998193183452, 36.88883809832365], [-119.6802309160852, 36.88899126246004], [-119.68235191931937, 36.88893809044193], [-119.68319206419727, 36.88852810705222], [-119.68403236089044, 36.88838165544826], [-119.6845074726577, 36.888291742864354], [-119.68545438590036, 36.88772579904753], [-119.68571841064386, 36.88686403312057], [-119.68563106205889, 36.88585886758383], [-119.685439175626, 36.88510639104886], [-119.68543916754115, 36.88510636087144], [-119.68537980686719, 36.8848735815207], [-119.68544245537508, 36.88391119851683], [-119.68716684791974, 36.881580430852225], [-119.68724790829773, 36.881490130149515], [-119.6887642689889, 36.87980092499627], [-119.68887792294032, 36.87807147101287], [-119.6881549435283, 36.87721175834058], [-119.68788466381551, 36.87689035470379], [-119.68638741118875, 36.87573269455148], [-119.68403765735736, 36.87467639515889], [-119.68273744928987, 36.87449750485549], [-119.68108489591675, 36.874271758549405], [-119.67913437585553, 36.8737396050718], [-119.67569800638174, 36.873770411418484], [-119.67397996043455, 36.87461325686078], [-119.67210596605574, 36.87526846129895], [-119.67015472195236, 36.87582994370379], [-119.66971618419359, 36.87592676516789], [-119.66971596859791, 36.87592681259519], [-119.66842251586137, 36.876212371855175], [-119.66718996171454, 36.87648447229031], [-119.66626436459522, 36.8768058223039], [-119.66602320107742, 36.8768895477312], [-119.66613839743621, 36.87882420154639], [-119.66606967092709, 36.87980099613363], [-119.66601983059846, 36.88050934333435], [-119.66493402882972, 36.88237821990116], [-119.66432618648767, 36.88402993822817], [-119.6631043267843, 36.885428496575905], [-119.6609405924887, 36.8875879368394], [-119.65886177863183, 36.88960839126217], [-119.65701717173921, 36.89046305729605], [-119.6565192274924, 36.891699197184664], [-119.65519563627805, 36.89236677314168], [-119.65519539373291, 36.8923668952766], [-119.65502937967848, 36.892450625195345], [-119.65157778465895, 36.893515524038975], [-119.64867641134421, 36.89363943874303], [-119.64695317043974, 36.8948296907262], [-119.64586860295618, 36.89427718606361], [-119.64348348155373, 36.89183271614797], [-119.64392916271565, 36.891018388661735], [-119.64268890371864, 36.891017675237386], [-119.6421601023418, 36.890379743340596], [-119.64213367749942, 36.890197013005604], [-119.64213366851624, 36.89019695337333], [-119.64207299630198, 36.889777396730224], [-119.64109913809234, 36.88878486225467], [-119.6402596139503, 36.888394404126274], [-119.63928383783754, 36.888464848724716], [-119.6368036899494, 36.88764853606137], [-119.63680588992352, 36.88591237225724], [-119.63476777513894, 36.88488453019545], [-119.63410011667706, 36.88534626350846], [-119.63184298004978, 36.88530870786346], [-119.6285917452712, 36.88732424994801], [-119.62859153326879, 36.88732438071289], [-119.62510756027147, 36.88948398361149], [-119.62214355192353, 36.889517574853855], [-119.61975524240013, 36.88838318724402], [-119.61869133437149, 36.88721271749704], [-119.6186661617806, 36.886511223703636], [-119.61860754131843, 36.88487753405138], [-119.61849793337903, 36.88485930038834], [-119.61732433746091, 36.884664061894696], [-119.61710301593111, 36.884557555157826], [-119.6169702368473, 36.88441571527446], [-119.61683744428873, 36.88430929369471], [-119.61674893058883, 36.88416748855749], [-119.61670468945941, 36.88402572770516], [-119.61669952055325, 36.88379769089416], [-119.61667849099246, 36.881586905636674], [-119.6162678836525, 36.88099923209965], [-119.61529714349524, 36.87960983834771], [-119.61529706264685, 36.87960972337796], [-119.61511449354009, 36.87934840893497], [-119.6140560544549, 36.878642732668965], [-119.61378084838108, 36.87857590275987], [-119.6137807136338, 36.87857587042418], [-119.61316902380737, 36.87842732736906], [-119.61202097777257, 36.87832268597145], [-119.61147132829461, 36.87856916903464], [-119.61051847988288, 36.878996452939056], [-119.61034110483509, 36.87899599305639], [-119.61016349981857, 36.87895992100314], [-119.60998683623649, 36.878924598398484], [-119.60976450050872, 36.878852702831935], [-119.60958768241639, 36.87874639421856], [-119.60949997540362, 36.878605199595434], [-119.60949962236572, 36.87839232428275], [-119.60949925675142, 36.8782857304735], [-119.60932141907124, 36.87722170640872], [-119.60918592707525, 36.877053851627274], [-119.60918588126117, 36.877053794859066], [-119.6087552837112, 36.87652034718203], [-119.60761883762166, 36.876070282209035], [-119.60655068505329, 36.87588651087423], [-119.6053978896256, 36.876095656483116], [-119.60517321827813, 36.87655330602026], [-119.60502687014191, 36.87744988286052], [-119.60502686205707, 36.87744993459838], [-119.60483108322406, 36.878649314050925], [-119.60409598374223, 36.87896962524939], [-119.6034546656811, 36.87913830432606], [-119.60211042848658, 36.87884790351629], [-119.60146683139958, 36.878828296666704], [-119.60093096567137, 36.87910534372912], [-119.60093067192226, 36.87910549534646], [-119.60084600391009, 36.879149268913075], [-119.60036186227762, 36.879399569907164], [-119.59932140387113, 36.88072414061655], [-119.59880171500456, 36.88159407165824], [-119.59881431746966, 36.88181388704776], [-119.59886242135484, 36.88265300939029], [-119.59912340530107, 36.88264363326277], [-119.59912348255615, 36.88264363110718], [-119.60052407286511, 36.88259330580641], [-119.60052594944572, 36.88427090046732], [-119.59972801730133, 36.88507763127844], [-119.5983483667217, 36.88507608145364], [-119.59823713911985, 36.88697890491103], [-119.5969912378045, 36.887825947815124], [-119.5959413722404, 36.88633648817213], [-119.59500715309098, 36.88629382090138], [-119.59417640279433, 36.88699580023699], [-119.59324619192775, 36.88699510832982], [-119.59112197272486, 36.88554521636564], [-119.59107556935052, 36.884347667502844], [-119.59154172221945, 36.88313050632723], [-119.5930137079322, 36.88112621591331], [-119.59323394250053, 36.88082632918875], [-119.59325985799816, 36.880117150684725], [-119.59331453485623, 36.87862085795936], [-119.59386099800987, 36.877566762873705], [-119.59390060203579, 36.877490361246046], [-119.59492363851565, 36.87551687934693], [-119.59493503993325, 36.87486479363182], [-119.59498300907109, 36.87212094184207], [-119.59467385296774, 36.87178880194436], [-119.59319708103115, 36.8716636947729], [-119.59254920347183, 36.87197383858954], [-119.59160113679233, 36.87275735908077], [-119.59160106582543, 36.87275741728945], [-119.59037174920688, 36.87377333546611], [-119.58879262053186, 36.87406158104819], [-119.58741195305932, 36.87575491717076], [-119.58739360496963, 36.87577741931775], [-119.58739143733487, 36.8758136229402], [-119.58718339739654, 36.87928927905561], [-119.58640856902292, 36.8805855543998], [-119.58565404976129, 36.88051319118228], [-119.58488535328782, 36.88043946480108], [-119.58429429327192, 36.88109457973772], [-119.58427345954384, 36.88167951705403], [-119.58426786303961, 36.881836650395165], [-119.58498575798713, 36.883491817857326], [-119.58485718391717, 36.884299868192926], [-119.58455093925365, 36.88460987663245], [-119.58395792270704, 36.884155377217695], [-119.58328445304358, 36.883782339681964], [-119.58269075198075, 36.88363708465599], [-119.58176313994028, 36.883533174669225], [-119.58168143277527, 36.883535377663556], [-119.58029256458249, 36.88357282065409], [-119.57918222443344, 36.885057349910845], [-119.57901075670695, 36.88649679630438], [-119.57901075131706, 36.88649684372511], [-119.5786900276078, 36.88678415753898], [-119.5773011818729, 36.88802829262885], [-119.57643279306414, 36.888654280118594], [-119.57511869883898, 36.89001861025383], [-119.57260505457052, 36.89180297464024], [-119.57098589516983, 36.892254640974244], [-119.56932338487013, 36.892332943912145], [-119.56932320880033, 36.892332952533415], [-119.56799967328153, 36.89239527296453], [-119.56647939054582, 36.893215418718455], [-119.56588816254494, 36.89300573950302], [-119.56547701711412, 36.89245323672475], [-119.56542614192635, 36.89212396059923], [-119.5646026338475, 36.89208156382396], [-119.56122696443579, 36.89493571616175], [-119.56112165762998, 36.89648688904586], [-119.56145666275562, 36.89673463820165], [-119.56130269870245, 36.897701803517386], [-119.56052987806352, 36.89822661261584], [-119.56052977026566, 36.898226685891125], [-119.55994240142726, 36.89862554908144], [-119.55909848632011, 36.898656697395445], [-119.55909837942059, 36.89865670098731], [-119.55886494949908, 36.89866531581895], [-119.55816853327002, 36.89815049387166], [-119.55757412702967, 36.89819060927395], [-119.55527918480364, 36.90103186992956], [-119.55527910485358, 36.9010319704999], [-119.554989354157, 36.90139067874969], [-119.55453119898905, 36.901539246808845], [-119.55453107052996, 36.90153928847342], [-119.55233512983479, 36.90225134036135], [-119.54940302515413, 36.90392417364508], [-119.54844855438502, 36.9039859156929], [-119.54687281415522, 36.90511332853824], [-119.54573861385391, 36.90644709712028], [-119.54541836625175, 36.907339460613336], [-119.5444535388057, 36.90873157982985], [-119.54446361430992, 36.91009325905768], [-119.54560267629354, 36.91107481069294], [-119.54559177254262, 36.911645119338125], [-119.54559177164431, 36.91164516458842], [-119.54558535497824, 36.91198068575945], [-119.54506164345581, 36.91277935297137], [-119.54304638899856, 36.91431618773319], [-119.54091215897014, 36.9152658611931], [-119.54075219956074, 36.915337035842455], [-119.540763186855, 36.91643568380875], [-119.54076318775331, 36.91643574270235], [-119.54076532484535, 36.91664947145739], [-119.5411905953857, 36.91698684154938], [-119.54290381917643, 36.91834590855894], [-119.54453272080642, 36.91947387548545], [-119.54516794379832, 36.92031857555916], [-119.54516801207028, 36.92031866604952], [-119.54526123473889, 36.920442628435254], [-119.54526971753012, 36.920569296703896], [-119.54526972381834, 36.920569387912145], [-119.54528119260956, 36.92074062368598], [-119.54531543189663, 36.92125185245406], [-119.5451478062646, 36.92147421731223], [-119.54497752072102, 36.92170010699216], [-119.54441514031886, 36.92187885795678], [-119.54376960646412, 36.9216085416662], [-119.5432385557058, 36.92111513811977], [-119.54231004624839, 36.9211125024353], [-119.53799917133706, 36.92352862627148], [-119.5364407811687, 36.92355103031263], [-119.5358137984229, 36.9231469902984], [-119.53432327866918, 36.92318978705855], [-119.5324841470082, 36.924437434951805], [-119.53248406885477, 36.92443748737598], [-119.53155188349119, 36.92506984549814], [-119.52998741172834, 36.92511099593744], [-119.52825998467465, 36.92472728098127], [-119.52764175062138, 36.92454085549211], [-119.52764161856904, 36.92454081527641], [-119.52736279048801, 36.9244567356488], [-119.52641960525376, 36.92446576983258], [-119.52318424460456, 36.92449670508156], [-119.52104676716641, 36.92563697949642], [-119.51809173388645, 36.928883832824354], [-119.51747280723212, 36.930115539394436], [-119.51714397083754, 36.93099658625375], [-119.51662805489512, 36.93237882896283], [-119.51620551343662, 36.93437089996725], [-119.5154214674499, 36.935085021358255], [-119.51399410375225, 36.935819981236605], [-119.51324099125232, 36.93588464641808], [-119.51310067440498, 36.933824073507125], [-119.51269402055057, 36.933511261382165], [-119.5126090471112, 36.933445896238524], [-119.51158451044482, 36.933602250895795], [-119.51139941707211, 36.93390657386499], [-119.5111627792667, 36.93429563586159], [-119.51023907489771, 36.93484163103734], [-119.50921801830476, 36.935515131689876], [-119.50593826560917, 36.937331877295634], [-119.5059380670815, 36.93733198715227], [-119.50493459680685, 36.93788780236817], [-119.5041481397419, 36.937831658825075], [-119.50368457132605, 36.937722365013975], [-119.50367500696322, 36.93763630815289], [-119.50367500157333, 36.93763625717385], [-119.50360316958826, 36.93698999614967], [-119.5029890210729, 36.93656194984621], [-119.50293355639234, 36.93652329641699], [-119.50297515467821, 36.93635872060454], [-119.50306825607426, 36.935990287374096], [-119.50582940057653, 36.93349617723369], [-119.50578805381896, 36.93249621654413], [-119.50543218172756, 36.93212092146842], [-119.50537560493265, 36.93069788213032], [-119.50584207131362, 36.93011177375478], [-119.50700572557646, 36.929101663634086], [-119.50719465834871, 36.92848883467156], [-119.50745303268903, 36.92802842662309], [-119.5077535910168, 36.92762867662099], [-119.50853672970507, 36.92697327100144], [-119.51053634269657, 36.92598165911071], [-119.51070256246518, 36.92584811013706], [-119.51136176867855, 36.925318464132744], [-119.51138456253058, 36.924564594971784], [-119.51138456342889, 36.92456455619239], [-119.51140437397585, 36.92390935116431], [-119.51172498359907, 36.92340969235178], [-119.51303924311425, 36.922219520657755], [-119.5130393167761, 36.922219453150724], [-119.51323094269758, 36.92204591539997], [-119.51323242401946, 36.92194577132277], [-119.51323242401946, 36.92194573326017], [-119.51325201178423, 36.920621373729546], [-119.51354792941525, 36.92055915319569], [-119.51353139412579, 36.91987567053601], [-119.51390736692001, 36.919507564845745], [-119.51476963101513, 36.91916464138072], [-119.5149486499799, 36.91781694444203], [-119.51497468225851, 36.91762097006721], [-119.51520685453863, 36.917516360131934], [-119.51533416827228, 36.9174589957186], [-119.51533611312487, 36.9173658847493], [-119.5153389904287, 36.91722814287625], [-119.51533899312368, 36.91722801647186], [-119.51537825758642, 36.9153482695918], [-119.51556058774133, 36.91493306003931], [-119.51545085134285, 36.91313149366133], [-119.51506365230257, 36.91088039774361], [-119.51487499531312, 36.90978353583938], [-119.51394480331113, 36.90840069960438], [-119.51375458684633, 36.90811792344588], [-119.51369382569885, 36.908027591642835], [-119.5135126444892, 36.90764576101352], [-119.51346820393377, 36.9070273529421], [-119.51377735195229, 36.906835098957515], [-119.51502065803476, 36.90671287933153], [-119.51534819726207, 36.906831338632806], [-119.5160849487457, 36.90709779183629], [-119.51783062058284, 36.90723093763936], [-119.51783082899198, 36.907230954160234], [-119.51805766258437, 36.907248252998286], [-119.51832683018283, 36.907384797531684], [-119.52040547874968, 36.907320044247506], [-119.52084078347177, 36.906832921057934], [-119.5208236597858, 36.906301447771185], [-119.52082365798917, 36.90630140108107], [-119.52080582283753, 36.90574784381504], [-119.52080382857761, 36.90568594588194], [-119.52118651088861, 36.905033884369956], [-119.52187089957435, 36.90492542563874], [-119.52290203346818, 36.90477323304485], [-119.52357898410335, 36.904133355949185], [-119.52357904788373, 36.904133295609455], [-119.52393015890411, 36.90380140845107], [-119.5251057050647, 36.902559744388924], [-119.52523759212144, 36.90187986890166], [-119.52566220240006, 36.90109583117256], [-119.5271158031922, 36.900167127885844], [-119.52704501954109, 36.89850578610587], [-119.52743016772757, 36.898254365284984], [-119.52784740014273, 36.897869247966426], [-119.52771682732127, 36.89691115742194], [-119.52755837079337, 36.896451537911005], [-119.52712609519041, 36.89621882691851], [-119.52615600002352, 36.89587669748178], [-119.52542273040994, 36.895493071081646], [-119.52542838979622, 36.89414590926713], [-119.52557846953411, 36.89386955545886], [-119.52557850905998, 36.89386948289772], [-119.5258182577312, 36.893428010594924], [-119.52657476676121, 36.89245255061456], [-119.52789155413562, 36.89113524862511], [-119.52985675895681, 36.88995253391061], [-119.53059869910952, 36.88950599459192], [-119.53088798447878, 36.88947193131093], [-119.53119321135107, 36.88934071234937], [-119.53184765200187, 36.88845636781554], [-119.5328083930117, 36.88741429587304], [-119.53300154247589, 36.887435448858014], [-119.53347988638151, 36.88748783230576], [-119.53374191506843, 36.88719831537747], [-119.53407166145641, 36.88673079501979], [-119.53407945254486, 36.88599477571814], [-119.53407945254486, 36.885994736200566], [-119.53409593124043, 36.88443791668572], [-119.53452657370619, 36.883742961095976], [-119.53523137570843, 36.883108451115476], [-119.53582570199872, 36.882593795127214], [-119.53623292089343, 36.88240039675614], [-119.53670428578764, 36.882364795514256], [-119.53737427627597, 36.88256120175504], [-119.53781064101007, 36.88272691973403], [-119.53781069401067, 36.882726939852944], [-119.53844057921316, 36.882966148681504], [-119.54001313850851, 36.883006614083776], [-119.5402583031226, 36.882529584137316], [-119.5404424487727, 36.88220013946482], [-119.54093120864404, 36.88166332759652], [-119.54158622421662, 36.882054793048866], [-119.54319454185016, 36.8819929872724], [-119.54374945455736, 36.881608156520784], [-119.54566855154998, 36.87933188844407], [-119.54605927917268, 36.87875389248552], [-119.54609906555662, 36.87781829494805], [-119.54601775365036, 36.87776959692111], [-119.54425701976086, 36.87671504456162], [-119.54417768324993, 36.87666753150236], [-119.54415117845745, 36.87613004335006], [-119.54419135560856, 36.8760384075214], [-119.54419137087993, 36.87603836943589], [-119.54447827481536, 36.875384005897516], [-119.5452804137702, 36.87417087051778], [-119.5452369433953, 36.87327496015246], [-119.54262393557495, 36.87045097102037], [-119.54262390503223, 36.87045093868124], [-119.54076491162034, 36.868441679387956], [-119.54047192609042, 36.86798483359315], [-119.54047187129318, 36.8679847473527], [-119.53957350121183, 36.86658390035788], [-119.53883827416924, 36.86601350149417], [-119.53753715790498, 36.8652650093527], [-119.53535303814061, 36.86527132237637], [-119.53535737880007, 36.8648271318985], [-119.53197469713923, 36.86465714552221], [-119.53091022317197, 36.864830796549356], [-119.53091007135669, 36.86483082098513], [-119.52916932677888, 36.8651147715966], [-119.52705592149536, 36.86516735434176], [-119.52707793021985, 36.864227884739456], [-119.52705667877515, 36.86421270064558], [-119.52705659074026, 36.864212638118204], [-119.52625452095569, 36.8636395781328], [-119.52556740408644, 36.86362133508694], [-119.52504226334439, 36.86414716615666], [-119.5250422103438, 36.86414721934098], [-119.52424418836787, 36.86494627069194], [-119.52353139495287, 36.8649263785439], [-119.52334977356874, 36.86446738149273], [-119.52334586140567, 36.86418285566675], [-119.52334586050735, 36.8641828039199], [-119.52331811783641, 36.862164919669034], [-119.5227628053789, 36.861517414731175], [-119.52207546752412, 36.861278217068566], [-119.52152321742342, 36.861277036908476], [-119.52104310293834, 36.86155380551325], [-119.52044651199523, 36.861571697593476], [-119.51999609491513, 36.8610416240735], [-119.51982917535895, 36.86063340779627], [-119.51977663199968, 36.85970102033842], [-119.51936407621385, 36.85929560506391], [-119.5185639485869, 36.85925762188896], [-119.51822097001481, 36.85949616965735], [-119.51763883655788, 36.85949522521978], [-119.51763879433703, 36.85949522521978], [-119.51695738356649, 36.859494116907136], [-119.51586953184227, 36.858463453963566], [-119.51578947667907, 36.85780049510243], [-119.51617317408639, 36.85727249423594], [-119.51611244437994, 36.8558555304996], [-119.5147847227119, 36.85405162297195], [-119.51457592190053, 36.852376513742726], [-119.51647975831308, 36.85143830442023], [-119.51719128600188, 36.85178889654302], [-119.51781949404973, 36.85177378689163], [-119.5213149547029, 36.8516896493689], [-119.52207051151869, 36.85153887527726], [-119.52269069761108, 36.85140780032079], [-119.52317444398484, 36.851185896217075], [-119.52358953032478, 36.850833597698106], [-119.52419047450377, 36.85014846408087], [-119.52430696443653, 36.849687133327464], [-119.52430709738721, 36.8496508619738], [-119.52431100775365, 36.84858100744669], [-119.5249710646716, 36.84803487368629], [-119.52582428003689, 36.847243690339596], [-119.5262793647632, 36.84678490410943], [-119.5262794015941, 36.84678486529045], [-119.5267011417554, 36.84635968724924], [-119.52698177994172, 36.845749432303336], [-119.52705007795446, 36.845306899690954], [-119.52698119603679, 36.84486344865458], [-119.52649594408659, 36.84453019245747], [-119.52617265748385, 36.8444742368533], [-119.525898531185, 36.844436457667435], [-119.52527509229299, 36.84450937625289], [-119.52392542029098, 36.84505635256896], [-119.52392536998535, 36.845056373416625], [-119.52386868090103, 36.8450793468481], [-119.523125195646, 36.845374497713365], [-119.52243877317446, 36.845316904391815], [-119.52176198243941, 36.845092144449026], [-119.51997773155409, 36.84330031067001], [-119.51999841706017, 36.842653867345824], [-119.52108676465441, 36.841674458328335], [-119.5210867925022, 36.841674433166226], [-119.52110527713579, 36.84165779741026], [-119.52101906402136, 36.84058720053984], [-119.5207496161485, 36.83973915716067], [-119.51968958255368, 36.8388878878231], [-119.51854001836607, 36.838333150905015], [-119.5182998394018, 36.838258726701056], [-119.51793960598972, 36.83814710032469], [-119.51674773654211, 36.83816323429783], [-119.51650056239674, 36.838220701439376], [-119.51580229384156, 36.838383045233805], [-119.51465128336632, 36.8373853120816], [-119.51396115354763, 36.83692293156525], [-119.51264759651502, 36.83690275748026], [-119.50969431045827, 36.83818859743455], [-119.50948550515533, 36.83828335216391], [-119.50948541442548, 36.838283393144025], [-119.50851993210757, 36.83872151397348], [-119.50790415584491, 36.83870210388314], [-119.50787415480939, 36.838058708148694], [-119.50787415211444, 36.83805865422732], [-119.50785515544115, 36.83765124482208], [-119.5082247861294, 36.836969579982274], [-119.5082737703635, 36.8359373422089], [-119.50779123671539, 36.835069251008974], [-119.50634400587691, 36.83412751693386], [-119.50387342594486, 36.83311805749448], [-119.50250790227139, 36.83290804218401], [-119.49933767037858, 36.832830927952415], [-119.49765735367338, 36.832714957354554], [-119.49669271397518, 36.83238206524078], [-119.49621041209238, 36.83199327021492], [-119.49561412208489, 36.83140223923334], [-119.4953902457464, 36.831106974045724], [-119.49529399575529, 36.830980038684196], [-119.49488211370594, 36.83035415310118], [-119.4945625075009, 36.82956191967592], [-119.4946561173434, 36.828917398701854], [-119.49495536143591, 36.82807003198477], [-119.49522916973112, 36.82750184873858], [-119.49569010877815, 36.82688047338702], [-119.49615287140519, 36.826366511508326], [-119.4965686368715, 36.82594397253318], [-119.49712247788855, 36.82548453288523], [-119.49707855476275, 36.824786034630165], [-119.49671036946376, 36.82401776525931], [-119.49675889645542, 36.82277134737877], [-119.49715267385852, 36.82219856065424], [-119.49796114773277, 36.821441431612676], [-119.49932297124562, 36.82125206009093], [-119.50154605633374, 36.82078533785102], [-119.5017291015476, 36.82101651897985], [-119.50215466583703, 36.821553990598076], [-119.5021404059802, 36.82186349135871], [-119.50264993759588, 36.82235087897262], [-119.50347433141359, 36.822515244032765], [-119.50469302904717, 36.82344072438558], [-119.50469404144849, 36.82368633891263], [-119.5046940423468, 36.82368639500138], [-119.50469751523369, 36.82452799004227], [-119.50536023655476, 36.82475037778161], [-119.50683369999618, 36.82483048863784], [-119.5068426759625, 36.82483671223997], [-119.50699013441637, 36.82508516262694], [-119.50740235962216, 36.82522485763986], [-119.50740252850544, 36.82522491516565], [-119.50820445366126, 36.82549666574923], [-119.50824799679971, 36.82576048549479], [-119.50824800578287, 36.82576054517737], [-119.50828661447544, 36.825994463138265], [-119.51068533816793, 36.82827207200263], [-119.51139258538437, 36.82840472968223], [-119.51255466579883, 36.82835448226599], [-119.5131348606914, 36.82794558667647], [-119.51416095683311, 36.827981504487965], [-119.51448026030593, 36.82814924559276], [-119.51518640978108, 36.828130042061716], [-119.51563689692976, 36.82804573974724], [-119.51614407765435, 36.82772173776887], [-119.51661901964, 36.82740810386424], [-119.51674512424127, 36.82678660119723], [-119.51674244277014, 36.82639316927153], [-119.51674244187183, 36.82639311965627], [-119.51674112045005, 36.82619926408679], [-119.51673831321479, 36.825787405209546], [-119.51750793764793, 36.82534096111478], [-119.51815938601051, 36.82496306096195], [-119.51830115273877, 36.823687660593976], [-119.51877592404452, 36.82229008773533], [-119.51955311229237, 36.821349692817776], [-119.52056722041661, 36.82071808628306], [-119.52135753664399, 36.82011006168566], [-119.52205009460891, 36.819374996382074], [-119.52205014311795, 36.81937494532408], [-119.52209524483341, 36.819327075167344], [-119.52252784382985, 36.818606625224746], [-119.52311243148414, 36.8174991897265], [-119.52307574608459, 36.8161016275501], [-119.5223270856352, 36.81482869152521], [-119.52216590002546, 36.81465622431174], [-119.52150353982714, 36.81394748465335], [-119.52065802931202, 36.81340790563125], [-119.52065794846366, 36.81340785385004], [-119.51964284500608, 36.81276002590856], [-119.51855768373612, 36.811798694543135], [-119.51855754449726, 36.811798570841006], [-119.51822793285659, 36.81150656422508], [-119.51772369501288, 36.81120100165844], [-119.51684132392671, 36.81066628239218], [-119.51637171074732, 36.81043312669274], [-119.515142964559, 36.810394778340296], [-119.51514279926899, 36.81039477330584], [-119.5148204630838, 36.81038471153499], [-119.5141215423517, 36.810362890649316], [-119.51296395620861, 36.80990290795304], [-119.51239164582933, 36.809641035847925], [-119.51213299660449, 36.80952268400868], [-119.51177696191805, 36.809154095928285], [-119.51177687747641, 36.809154008183064], [-119.51148737381654, 36.808854292884966], [-119.51090016038665, 36.80818317435103], [-119.50970856492522, 36.80814243845739], [-119.50970847329705, 36.808142435580464], [-119.50915729398818, 36.808123588083966], [-119.50853766125802, 36.80810239732131], [-119.50852446410818, 36.8073246844353], [-119.50852446320987, 36.80732462401912], [-119.50852353974176, 36.80727022353048], [-119.50797976524578, 36.806363656671664], [-119.5073251548134, 36.80563169098076], [-119.50644723038789, 36.805102334470895], [-119.5056443898488, 36.80504288102752], [-119.5046757499527, 36.80508617986026], [-119.50467570503692, 36.805086181298755], [-119.50436597491009, 36.80510002564205], [-119.5037819460079, 36.804747657987704], [-119.50316216685236, 36.804131831917935], [-119.50315156224043, 36.802080188413136], [-119.50315156134211, 36.80208011504558], [-119.50313987965016, 36.79982020655764], [-119.50313825729276, 36.79950632164797], [-119.50215329321128, 36.798625285133234], [-119.50102092637144, 36.798125248873475], [-119.500291232951, 36.79789179315106], [-119.49961101783809, 36.79784402681136], [-119.49936980581126, 36.79782708731962], [-119.49936972047131, 36.79782708156498], [-119.4985342890537, 36.79776840870142], [-119.49810401130398, 36.79709348267046], [-119.49784620829216, 36.796059343113676], [-119.49761190880143, 36.795432482095904], [-119.49766054179429, 36.79488192756604], [-119.49818513097075, 36.79444814166034], [-119.4991066344673, 36.79372884237755], [-119.49923218750297, 36.793669137677625], [-119.50010422257348, 36.7932544471261], [-119.50102614917652, 36.79265912803683], [-119.50187935735529, 36.7925903813508], [-119.5031783014932, 36.791019282199215], [-119.50459588523233, 36.79097590922954], [-119.50510069979445, 36.79034625994504], [-119.50616360889651, 36.78902048728908], [-119.50549971168071, 36.788881634827575], [-119.50476184898108, 36.788908476865096], [-119.50476179238723, 36.788908479742744], [-119.50423113598933, 36.788927780882055], [-119.50332583001565, 36.788960703381406], [-119.50215170049826, 36.788848119497146], [-119.50080555887536, 36.788265390541326], [-119.50015694020591, 36.78765502259964], [-119.49981535761577, 36.78712842747657], [-119.4997845256386, 36.7866298420911], [-119.49985680588297, 36.78596556637444], [-119.499893435587, 36.78543971146188], [-119.50020912873067, 36.784913216226684], [-119.5005594267757, 36.78438656556897], [-119.50100969563375, 36.783951824510424], [-119.50104711585526, 36.78391569250513], [-119.50122772214311, 36.783757527636894], [-119.50174249003858, 36.7833067058248], [-119.5012298134211, 36.78330470930665], [-119.50102632165306, 36.78330391645515], [-119.50064062459593, 36.783302411332244], [-119.50012336028226, 36.78288574368537], [-119.49967596513483, 36.78249638643425], [-119.49884020134056, 36.782360375587814], [-119.49843027492358, 36.781969120561136], [-119.49828866540051, 36.781308169473206], [-119.49811586547246, 36.77915428680936], [-119.49672170081274, 36.778807860217015], [-119.49677679089588, 36.77797878440732], [-119.4970894306659, 36.77731912570678], [-119.49692667210608, 36.77612579174807], [-119.49605874592969, 36.775442548578326], [-119.49625255296068, 36.77435915286769], [-119.49696643243885, 36.77278362013424], [-119.49903664043532, 36.77037377787084], [-119.49996862188134, 36.770079343738345], [-119.50014623318604, 36.77002323151787], [-119.50086500848255, 36.769193658442866], [-119.50086503812695, 36.7691936246217], [-119.50102026970298, 36.76901446094833], [-119.50062573502008, 36.76897025949734], [-119.50062566045993, 36.76897025086209], [-119.49968775552293, 36.76886516752183], [-119.49934302254107, 36.768826540740896], [-119.49744380885893, 36.76920746249872], [-119.49744343875305, 36.769207535897756], [-119.4974117147488, 36.76921389930546], [-119.49739815917115, 36.76922255031531], [-119.49739800106767, 36.769222651059046], [-119.4959995649188, 36.77011510304247], [-119.49496926645817, 36.77043935887754], [-119.49496911284626, 36.77043940780946], [-119.49425694016713, 36.77066353501165], [-119.49369130966026, 36.771178327025844], [-119.49279484490562, 36.77160447036912], [-119.49176025159967, 36.77253412072183], [-119.49117709496159, 36.77305811057245], [-119.49101630101732, 36.774108313019966], [-119.49203380656998, 36.774788585563755], [-119.49218302033191, 36.77488834622623], [-119.4928324816211, 36.77532254003843], [-119.49285557191715, 36.77651073970551], [-119.49225039307993, 36.77657344598029], [-119.49103490333023, 36.77669938003375], [-119.49054937290231, 36.77674968078103], [-119.49057484642883, 36.77740179372487], [-119.49057484732714, 36.777401827542356], [-119.49058133226517, 36.777567843976826], [-119.49136727549377, 36.7778074868844], [-119.49225292273574, 36.778226860169795], [-119.49232026404272, 36.77825874685031], [-119.49235423563182, 36.778865290621525], [-119.49189272345966, 36.77968167205807], [-119.49007909047803, 36.78065399892349], [-119.48579988207881, 36.78200185035222], [-119.4829746248147, 36.78228769851956], [-119.48297448467753, 36.782287712189564], [-119.48257422772626, 36.782328203543116], [-119.47880381342587, 36.78232548248797], [-119.4766392526802, 36.7828399947372], [-119.47359533020459, 36.783169043800186], [-119.47320659594345, 36.78322908188155], [-119.47229076710457, 36.78337052315001], [-119.47040373547603, 36.78448411076873], [-119.47040356569444, 36.78448421077294], [-119.46991400362752, 36.784773103755946], [-119.46728236834144, 36.787339228838604], [-119.46551811485269, 36.789059435543464], [-119.46456337458893, 36.79083861420557], [-119.46300024580744, 36.79202417202122], [-119.46246989753168, 36.79242640237186], [-119.46238166051292, 36.79284583018322], [-119.4623320726109, 36.79308153781897], [-119.46011720081944, 36.79315773533514], [-119.45727263696325, 36.79355975111692], [-119.45396122673873, 36.79478732914603], [-119.45214330609826, 36.794559899402834], [-119.45192732235785, 36.793941529022575], [-119.45185197346846, 36.793675023551955], [-119.45185195190889, 36.7936749465795], [-119.4515716110649, 36.79268336388347], [-119.45014090383778, 36.78985421761969], [-119.44857170693652, 36.78771612982845], [-119.44519726642012, 36.782912748984465], [-119.44516473123717, 36.78204829697471], [-119.4451173019868, 36.78078807809062], [-119.4442533364825, 36.781904183278854], [-119.44369547640285, 36.782624829629114], [-119.44284057579812, 36.78267168021732], [-119.44215966179588, 36.78318659160495], [-119.44185568448017, 36.783416457403405], [-119.44185534312035, 36.783416716410834], [-119.4414294132166, 36.78373879932592], [-119.4407400370844, 36.7843961451229], [-119.43994618329144, 36.78530253889584], [-119.43932084176764, 36.785686810531764], [-119.43874056063682, 36.78604338611137], [-119.43767443646435, 36.7862888911184], [-119.4370892523287, 36.78659039763025], [-119.4360923496371, 36.78667069302586], [-119.43540330947485, 36.787192072553246], [-119.43473551626568, 36.78737181748661], [-119.43412258137427, 36.78572458491044], [-119.43408123012512, 36.785613452426574], [-119.43408120048072, 36.78561337112939], [-119.43387315066092, 36.78505423278933], [-119.43293667943509, 36.784649149953545], [-119.43225324565852, 36.78432673200059], [-119.43088121638573, 36.78441673522423], [-119.43019456035222, 36.784749861848724], [-119.42903975090165, 36.78478692659006], [-119.42784195796305, 36.78617493925189], [-119.42720149330147, 36.786723957771734], [-119.42459801570799, 36.788330480705426], [-119.42427429162565, 36.78963386442229], [-119.42309916767326, 36.79050815784054], [-119.4230940688357, 36.79137950760878], [-119.42288416399482, 36.79197323097527], [-119.42285284962234, 36.79206180371514], [-119.42270148619193, 36.79212149312198], [-119.42184456617441, 36.792459411851574], [-119.42180773345115, 36.792846852417135], [-119.42177959013158, 36.79314287955186], [-119.4221972411617, 36.793545018423835], [-119.42249869960138, 36.79392290607008], [-119.4224174622553, 36.794275845067354], [-119.42206480164104, 36.79465160412071], [-119.42141256815091, 36.79486220782198], [-119.42020425504204, 36.79509489299692], [-119.4191273115603, 36.79541707860732], [-119.41789013019142, 36.79589083103681], [-119.41731724309372, 36.79621041071], [-119.4166869455645, 36.79656200982476], [-119.41654289981038, 36.79670676781677], [-119.4161497548212, 36.79710185718585], [-119.41541666576902, 36.79831348136925], [-119.41492250253123, 36.79907620239849], [-119.41492246210703, 36.79907626354047], [-119.41392970963201, 36.800032044768514], [-119.41282914225495, 36.800122440987494], [-119.41185046638044, 36.80011694259635], [-119.41113783556051, 36.800113396407184], [-119.41090066056258, 36.80006460428024], [-119.41030864833246, 36.79982360098578], [-119.40674059032959, 36.797758219388626], [-119.40595544480496, 36.797647925835605], [-119.40502916047447, 36.79770989188765], [-119.40500828362727, 36.79771457257263], [-119.40189819394277, 36.79841180297242], [-119.39756737822879, 36.80060588354439], [-119.39508627812644, 36.802333116145505], [-119.39374008799447, 36.80336869370637], [-119.39204303387888, 36.80509193107465], [-119.3912671481882, 36.806124640353396], [-119.39028593726795, 36.80812868672598], [-119.39028591481011, 36.808128736353034], [-119.38902693761746, 36.81122264538106], [-119.38902692593938, 36.811222696444524], [-119.38883537008653, 36.81396701177775], [-119.38883536200167, 36.813967064277726], [-119.38821583078115, 36.81671350988168], [-119.38821581191655, 36.816713560222325], [-119.38702305852667, 36.819119975466364], [-119.38702304145869, 36.81912002580544], [-119.38581236308566, 36.820337231455824], [-119.38570156847179, 36.82044863141024], [-119.3855375540672, 36.82061346078999], [-119.38376213182451, 36.82153682479902], [-119.38069858475319, 36.82189497515652], [-119.38042592091162, 36.82189438692981], [-119.37643864072523, 36.82188571094501], [-119.37263987739111, 36.821877370780655], [-119.37225925222207, 36.821930129244215], [-119.37093021542046, 36.8221143366587], [-119.37036313413444, 36.822381224236246], [-119.3695803412975, 36.822749630697366], [-119.36823611218783, 36.82412785687854], [-119.36774505173105, 36.82515892515761], [-119.36774503556137, 36.82515897549276], [-119.36747311732148, 36.826874862587445], [-119.36747310833833, 36.82687491435949], [-119.3677009857731, 36.828645636539036], [-119.36745627570656, 36.82971126596634], [-119.36745626223181, 36.829711317736525], [-119.3674251167426, 36.82984712801911], [-119.36742510506451, 36.82984718050825], [-119.36679087021939, 36.83082190126074], [-119.3663633395178, 36.83088109524961], [-119.36611347222322, 36.8308073806575], [-119.36521960449807, 36.83054367178672], [-119.36371518421365, 36.829693636784604], [-119.36277790180912, 36.828383620752525], [-119.36132582815296, 36.82507559822887], [-119.36060914503275, 36.82462181035312], [-119.35782432363455, 36.82417784172918], [-119.35731013515243, 36.82426281201727], [-119.35604376752, 36.824472070139876], [-119.35376784262856, 36.82528298598049], [-119.34900797716183, 36.827705893527245], [-119.34588516553629, 36.82972079455247], [-119.34361194726878, 36.83093162286175], [-119.34211852146512, 36.831510107105096], [-119.33955265992583, 36.83175050662802], [-119.33952705165203, 36.83173784700162], [-119.3389800018985, 36.83146740993336], [-119.33847432764865, 36.83061243113608], [-119.33840861588563, 36.83034051896598], [-119.33803284431407, 36.82878555514403], [-119.33803285329724, 36.82878550265416], [-119.33843941013356, 36.825925931896855], [-119.33843942630324, 36.82592588228135], [-119.3392832237311, 36.824321768750636], [-119.34040711137294, 36.82326636235834], [-119.34062878055076, 36.82305819755479], [-119.3415512173969, 36.82242516117091], [-119.34403844490778, 36.82127064475679], [-119.35136557957384, 36.81889302573306], [-119.35459400612737, 36.81816918600046], [-119.36126062483638, 36.81667422546199], [-119.36188282225667, 36.816399664014405], [-119.36374793678891, 36.81557636067224], [-119.36509965425479, 36.81516974056684], [-119.36756012095339, 36.81482885333845], [-119.36809125076344, 36.81475526064361], [-119.37529987788058, 36.81557739482849], [-119.38079708502408, 36.81549967845004], [-119.38150294434341, 36.81548968063653], [-119.38150295961478, 36.81548962885678], [-119.38215546888773, 36.81370481196349], [-119.38215548775233, 36.81370476162086], [-119.38254958226072, 36.812626713254694], [-119.38254959483716, 36.812626662192145], [-119.38268211610449, 36.811368684610656], [-119.38268211520618, 36.81136863354728], [-119.38236145797224, 36.80850761794573], [-119.3822980665576, 36.80794134359351], [-119.38229807733738, 36.807941291808646], [-119.38238254592355, 36.80754558443021], [-119.38238255670333, 36.80754553264503], [-119.38259978461039, 36.80652813446112], [-119.38259979539019, 36.80652808267525], [-119.38284776723953, 36.80536659781127], [-119.3828477834092, 36.805366547463166], [-119.38361780399937, 36.80359100626249], [-119.38609502248138, 36.801349617493656], [-119.39092526735735, 36.79915346429568], [-119.39109317506038, 36.79904344321544], [-119.39252770192411, 36.79810381365007], [-119.39312351312955, 36.79771354680706], [-119.39608852130243, 36.79415486538232], [-119.3997028712885, 36.79156451511698], [-119.40296517331137, 36.7897472924535], [-119.40353456326768, 36.789430113102036], [-119.40353458033569, 36.7894300641823], [-119.40402423942064, 36.788476113956044], [-119.40402426277686, 36.788476067193876], [-119.4044464143665, 36.7876535542529], [-119.40398657485741, 36.78700010190302], [-119.40372516421142, 36.786628562216606], [-119.40321859613786, 36.78619797065077], [-119.40178691513694, 36.78498098343499], [-119.40166416574327, 36.78472370830952], [-119.40113407708063, 36.78361265524377], [-119.40069227843738, 36.781900218229175], [-119.40013263789685, 36.781119420333255], [-119.40007147879567, 36.78103408990481], [-119.39852913613151, 36.778882094721354], [-119.39794021859757, 36.77868106046026], [-119.39783398922198, 36.778644784946124], [-119.39653221898416, 36.77820024679369], [-119.39638487102307, 36.77814992829095], [-119.39481585827646, 36.77714967084904], [-119.39300546821302, 36.77599543449265], [-119.39122637186082, 36.774861086978426], [-119.38936694186769, 36.77407030985444], [-119.38775862243752, 36.77310282271433], [-119.38757651596313, 36.77299336002251], [-119.38757653123447, 36.77299330893355], [-119.3883137282825, 36.77118049008277], [-119.38834511362188, 36.77110330719438], [-119.38834512529998, 36.771103256104155], [-119.38846405595541, 36.76922062179211], [-119.38847315858418, 36.76907652067804], [-119.38847316217745, 36.76907646886685], [-119.38859209462947, 36.76719214334203], [-119.38859209822276, 36.76719209152957], [-119.38859775221914, 36.76710120525789], [-119.38994425047325, 36.76617996407473], [-119.39179003146394, 36.76531329470889], [-119.39229861535698, 36.765170233322465], [-119.39612470364543, 36.76409347008204], [-119.3963401924141, 36.764032821145136], [-119.39774665860331, 36.7640579087511], [-119.39833482514568, 36.76406839688067], [-119.39848994083904, 36.764071162482324], [-119.39883464687144, 36.76407723126122], [-119.39968788199968, 36.763844274868845], [-119.40146360158472, 36.7631492782285], [-119.4021556744594, 36.762646049779654], [-119.40280943059393, 36.76217074316993], [-119.40280944406868, 36.762170692073745], [-119.40294867485287, 36.761769914263304], [-119.40293865863745, 36.76167614792706], [-119.40274517949155, 36.759864868640626], [-119.40271688166179, 36.75959923567842], [-119.4027168951365, 36.75959921192867], [-119.40362941727686, 36.7579369848346], [-119.40502880294498, 36.75666164852061], [-119.40596305173878, 36.755810193079185], [-119.41212175490134, 36.75103433140514], [-119.41544077655124, 36.7475304497824], [-119.41727073731144, 36.744891605575305], [-119.41727076336261, 36.74489156022622], [-119.41742009031226, 36.744576772989], [-119.42007019406228, 36.73898985044192], [-119.42169683912425, 36.73760941785131], [-119.42247650133241, 36.73714805534778], [-119.42482023824802, 36.73633539079801], [-119.42702746537643, 36.73595981886714], [-119.42759431310047, 36.73586335947417], [-119.42952245343305, 36.73642454903278], [-119.42986643542334, 36.736574400174156], [-119.43159605706126, 36.73732786793256], [-119.43248679146272, 36.73753442637709], [-119.43336896941106, 36.73773897432309], [-119.43352331524822, 36.737774760942926], [-119.4345928431373, 36.737888054773656], [-119.4360901101371, 36.738046631732985], [-119.43701530840443, 36.73804160257662], [-119.4375147788889, 36.73803888570907], [-119.43753628455683, 36.738034220097035], [-119.43886570943063, 36.73774580611252], [-119.44031798969931, 36.73709981705424], [-119.44120737483118, 36.736704185882175], [-119.44276080270592, 36.73515246769051], [-119.44276081618065, 36.7351524158564], [-119.44301769572438, 36.734258593102226], [-119.44301771099572, 36.734258541267515], [-119.44310637561259, 36.73395023729806], [-119.44305645533393, 36.73354172829389], [-119.44295282208948, 36.732693664960436], [-119.44288974239024, 36.732497109334446], [-119.44254459708166, 36.73142163627042], [-119.44236693636958, 36.73086790490404], [-119.44164257714532, 36.72950009854816], [-119.43945248717759, 36.72708462689661], [-119.43890953733501, 36.72648578440542], [-119.43554067355987, 36.72404640969586], [-119.43422756388827, 36.72327560218071], [-119.43110232860808, 36.72144117060758], [-119.42953939745594, 36.720741598456684], [-119.42895735652547, 36.72048105982607], [-119.4282874819198, 36.72040326356501], [-119.4266048538493, 36.720207821371154], [-119.42595544106918, 36.72026746950642], [-119.42197917422816, 36.720632609729044], [-119.42189340308482, 36.720625420710114], [-119.42005485353219, 36.720471308115656], [-119.41602075584812, 36.72049263399513], [-119.41514099885946, 36.720497217146644], [-119.41044266170147, 36.7207503651005], [-119.41037877441681, 36.720766336590906], [-119.40586216733911, 36.7218953039466], [-119.40390404034406, 36.72238463364272], [-119.39906782706132, 36.72320971300349], [-119.39848868948586, 36.72326157529124], [-119.39636337613494, 36.72345209624713], [-119.39324797471217, 36.72569704513427], [-119.39112804137149, 36.727765371210914], [-119.39100288898442, 36.72790961544547], [-119.38943449966862, 36.729717212637794], [-119.3886640550736, 36.73132136694004], [-119.38866403800563, 36.731321417336794], [-119.38767606456796, 36.732469505286325], [-119.38257201049842, 36.735524227305454], [-119.38080410715467, 36.73713337300443], [-119.38028663083861, 36.73783301827912], [-119.38015300374516, 36.73801369456838], [-119.37664593506187, 36.74275514672657], [-119.37368860928133, 36.745845430898726], [-119.37318376597312, 36.74637295815085], [-119.37198981692563, 36.74855074249172], [-119.37157679042262, 36.75038166887355], [-119.37157678503274, 36.75038172141711], [-119.37159121556945, 36.7522105967032], [-119.3715912191627, 36.75221064780601], [-119.37160681301773, 36.75230583427756], [-119.37187984696517, 36.75397252415308], [-119.37204028966818, 36.754951928158576], [-119.3724032503655, 36.75580745884751], [-119.37304508765284, 36.756358318553815], [-119.37326414632643, 36.75654627939057], [-119.37684845664941, 36.75762719766207], [-119.37778688710087, 36.757910157860195], [-119.37867591021168, 36.758178214150334], [-119.37997807301326, 36.75857087526145], [-119.3801484852193, 36.75866795528159], [-119.38176764282335, 36.7595907757398], [-119.38241391419496, 36.76021625308328], [-119.3829904637241, 36.76101356308966], [-119.38328692753078, 36.76244092412496], [-119.38328693292067, 36.76244097450129], [-119.38329002851513, 36.76282525280109], [-119.38329002851513, 36.7628253046165], [-119.38329829391405, 36.76386031655534], [-119.3833006519917, 36.764155522999786], [-119.3833006412119, 36.764155573374985], [-119.38260054997501, 36.76570226212605], [-119.38260053380532, 36.765702312500224], [-119.38203500301148, 36.76627659333301], [-119.37976018214952, 36.76697372840537], [-119.37959903426902, 36.767034808946434], [-119.3739583634797, 36.76917098749027], [-119.37272623333767, 36.769637481737284], [-119.36568337144159, 36.771214941397375], [-119.36276863389035, 36.77214342573181], [-119.35914028545719, 36.77296099408133], [-119.35636973649221, 36.774117203808004], [-119.35559108668541, 36.77480684547889], [-119.35381418491743, 36.775443893398176], [-119.35182217616477, 36.7759105322395], [-119.35127266412907, 36.77597199852725], [-119.34968594289327, 36.7761491873726], [-119.34965884790766, 36.776124041123325], [-119.34936593064972, 36.775852200920745], [-119.34717377815008, 36.7738175874252], [-119.34644680123505, 36.77343892711857], [-119.34445493621287, 36.77240141012695], [-119.34137874265896, 36.77157854188899], [-119.34088435843563, 36.771446338381125], [-119.33988078036315, 36.77065079044672], [-119.33908743950819, 36.76939700806081], [-119.33908744669469, 36.76939695553023], [-119.33915024252633, 36.768253648417875], [-119.33972025501514, 36.76774477068802], [-119.33985811407189, 36.767621696059855], [-119.34028569597746, 36.76761964372297], [-119.3403832404409, 36.767665991118335], [-119.34278884433013, 36.76880835495957], [-119.34296478476843, 36.768857294361034], [-119.34400284646972, 36.769145642501464], [-119.34535764246209, 36.76925365637956], [-119.34720475655266, 36.769121561120365], [-119.34792183313495, 36.76907027095566], [-119.3490584930235, 36.768607646166245], [-119.34948090153136, 36.76791987728638], [-119.34948091320948, 36.767919825474465], [-119.34954534038162, 36.76768044166137], [-119.34954535295805, 36.76768038912966], [-119.34989665531958, 36.76637467755113], [-119.34766953679582, 36.76398460982624], [-119.34759393458152, 36.76341336675508], [-119.34787277793392, 36.7632322752954], [-119.34794849153931, 36.763183103453656], [-119.34836849076558, 36.7631811603855], [-119.34894604011963, 36.76317848470863], [-119.34993696811627, 36.762832249317945], [-119.35157295026731, 36.76190870717219], [-119.35276946580156, 36.75995974262754], [-119.35281078740633, 36.759921844000594], [-119.35439688970288, 36.75846601445163], [-119.35629181213291, 36.75618079104623], [-119.35658549924702, 36.75582655888235], [-119.35658545882286, 36.75582656823876], [-119.35575399616218, 36.7560138473621], [-119.35573548457911, 36.756018015992545], [-119.35295786138127, 36.7566438564181], [-119.34989768928048, 36.757115546180344], [-119.34947105599585, 36.75712257488543], [-119.34505297254529, 36.75719527509144], [-119.3445174634482, 36.75724449251527], [-119.3417776575272, 36.75749626701526], [-119.34165034379355, 36.75749416978548], [-119.33906968250997, 36.75745163429705], [-119.33842659476774, 36.75733572369398], [-119.33814212975827, 36.757284473147344], [-119.3381422061151, 36.757284433563306], [-119.34119397627303, 36.75567005188514], [-119.34431941367414, 36.754398159251444], [-119.34836504572645, 36.75232160990797], [-119.3499940650357, 36.751056566501006], [-119.34999403988289, 36.7510565413091], [-119.3491796506025, 36.75020750184823], [-119.34862962562877, 36.74963410695207], [-119.34656143255353, 36.74935798297277], [-119.34599824007435, 36.74906062643503], [-119.34570303301074, 36.74890476352209], [-119.34512707187811, 36.74810728087088], [-119.3449047622015, 36.746965137029335], [-119.34490477837117, 36.74696508664284], [-119.34523224573327, 36.74620627601173], [-119.34523226819114, 36.74620622778417], [-119.34526847119542, 36.74612228805272], [-119.34526849275498, 36.746122239105276], [-119.3453248009536, 36.74599160770195], [-119.34611174490544, 36.7452817318121], [-119.3465985653141, 36.74484257673948], [-119.34773949489522, 36.74435104206972], [-119.34893629789036, 36.74383542284961], [-119.34901280470817, 36.74380246009536], [-119.35069456231113, 36.74375240335615], [-119.35129198778914, 36.74373461545826], [-119.35335356656896, 36.743153339584794], [-119.35725754687739, 36.741305776094826], [-119.35981537118982, 36.74043632846382], [-119.3647854235684, 36.73829768311293], [-119.36747966334494, 36.73668426687646], [-119.36854094739468, 36.7357646415958], [-119.36871951540518, 36.73553638017808], [-119.36952836747014, 36.73450241083684], [-119.3695283827415, 36.734502359722235], [-119.37001756571935, 36.73329980093782], [-119.37001758099072, 36.73329974982242], [-119.37132262199445, 36.72717771695396], [-119.37132262738434, 36.727177665114475], [-119.3713052395937, 36.72495662939737], [-119.37130523869538, 36.72495657755643], [-119.37129881843605, 36.72414858722133], [-119.37082749935593, 36.72388420010191], [-119.36958185945035, 36.72318533783133], [-119.36898288258183, 36.722990773235075], [-119.3683680351772, 36.722791079345924], [-119.36786913063133, 36.72273639564644], [-119.36754382371751, 36.72283140698329], [-119.36687423297946, 36.723026971387064], [-119.36446130512572, 36.724124604758735], [-119.36251689091344, 36.72450406579752], [-119.36175897242677, 36.72465197384063], [-119.3615888925974, 36.72459668881204], [-119.36117663505226, 36.724462683492], [-119.35677970333337, 36.723033349425776], [-119.35627069723212, 36.72301083403946], [-119.35572856216152, 36.72298690018372], [-119.35126334859957, 36.72278939662713], [-119.35063377960407, 36.722761508995916], [-119.35040794942985, 36.72116221981948], [-119.3504079458366, 36.72116216797599], [-119.35060556801254, 36.719046529092424], [-119.35060556801254, 36.71904647724745], [-119.35058788108294, 36.71860857767222], [-119.35058787838797, 36.71860852582695], [-119.35051779542279, 36.71687499624449], [-119.34858813783572, 36.715969601916456], [-119.34387608519998, 36.7143911950128], [-119.34030829759, 36.7134360376842], [-119.33794374491261, 36.71318145706404], [-119.33734580380163, 36.71311708301131], [-119.33674486411422, 36.71305233876042], [-119.33662188565013, 36.713067880496574], [-119.33619188458152, 36.71312220597608], [-119.33439707040678, 36.7133489396714], [-119.33277232707827, 36.715128106311276], [-119.3324378798064, 36.71532220403389], [-119.3312831017969, 36.71599225906568], [-119.32886609289677, 36.716574768161195], [-119.3282443419392, 36.716603850510545], [-119.32480822579033, 36.71676451504433], [-119.32388001008195, 36.716425762983384], [-119.3220193134643, 36.71517659892325], [-119.32201931795588, 36.71517654707572], [-119.32201748808764, 36.714925445301155], [-119.32201748718931, 36.71492539273333], [-119.32201486590533, 36.71454788916154], [-119.32556204616266, 36.71270300893046], [-119.32755084253986, 36.71200825267724], [-119.33174466247807, 36.7109604335794], [-119.33327031354591, 36.70972160419929], [-119.3350715192339, 36.70825897173111], [-119.33702324842749, 36.70556316422889], [-119.33772313125526, 36.70459640702129], [-119.33810230654342, 36.70407263813948], [-119.33810231822153, 36.70407258556423], [-119.33888804046458, 36.70091856867971], [-119.33888805393929, 36.70091851682251], [-119.3394849862422, 36.698522119961524], [-119.33948499522538, 36.698522068102754], [-119.33988908079637, 36.6954338035035], [-119.3398890951694, 36.69543375380344], [-119.34020596061454, 36.694730314554725], [-119.34020598217408, 36.69473026629483], [-119.34037928875195, 36.69434554118477], [-119.34334411726175, 36.69095957913056], [-119.34367745152097, 36.69064503182679], [-119.34553538402253, 36.68889176480615], [-119.34553540198881, 36.68889171438155], [-119.34566995614364, 36.68861685229353], [-119.34592378500865, 36.688098335442604], [-119.34592380926314, 36.688098287178555], [-119.34595602284925, 36.68803243554898], [-119.34595603901892, 36.68803238512383], [-119.34629731618189, 36.68608753628955], [-119.34377197854337, 36.68158392535899], [-119.34333456637367, 36.680214208468385], [-119.34295724790319, 36.67735808804584], [-119.34113126578134, 36.67113642811508], [-119.34061255068852, 36.668395346335444], [-119.33974535304586, 36.666627481595526], [-119.3387312161755, 36.665772265205895], [-119.33859945128965, 36.665661107439476], [-119.33763454030026, 36.665212820742035], [-119.3365284617589, 36.664698935809895], [-119.3360267679441, 36.664850815476704], [-119.3346112979408, 36.66527930943767], [-119.33298042720372, 36.666086909902596], [-119.33201321473057, 36.666872699264594], [-119.33121168213853, 36.66752387377544], [-119.33015634942758, 36.6691862185659], [-119.33002205847912, 36.670272782685416], [-119.33002206027578, 36.670272833842745], [-119.33003935643826, 36.67040745099362], [-119.33070117225752, 36.675528173584176], [-119.33070117225752, 36.67552822473801], [-119.33049810269766, 36.67695796618221], [-119.33049809281619, 36.676958018776], [-119.32951127910353, 36.678277100582406], [-119.32661384759625, 36.681147985834244], [-119.32594576153629, 36.68172602371773], [-119.32335984510827, 36.68396333657394], [-119.32137667128647, 36.68534390629366], [-119.31613106698266, 36.68845361631109], [-119.31237732810888, 36.69115649892258], [-119.3118489812796, 36.69271782320499], [-119.31184896331328, 36.69271787362705], [-119.30923920649596, 36.70042949623109], [-119.30923919302123, 36.70042954736838], [-119.30832369655897, 36.70186244147411], [-119.30676526237316, 36.703012311541514], [-119.30553218181359, 36.70344908860777], [-119.30513166974079, 36.70359097443222], [-119.30193320649356, 36.70440492103862], [-119.30138021348613, 36.70459411965259], [-119.29838149603225, 36.70562035634773], [-119.29827071129985, 36.705639547372186], [-119.2976048467736, 36.705755043432184], [-119.29703024569031, 36.705854773587234], [-119.29681972370685, 36.705819490630674], [-119.29603218686692, 36.70568749862527], [-119.29597275342942, 36.70564974100404], [-119.29567465648552, 36.70546037646285], [-119.29567466816363, 36.705460324608715], [-119.2957438725765, 36.705174287372635], [-119.29742606496406, 36.702721508849784], [-119.29778814351575, 36.70219354915557], [-119.29778815699046, 36.70219349801946], [-119.29862474543813, 36.69961791028209], [-119.29862476430277, 36.699617861305065], [-119.29953640070424, 36.69761361965754], [-119.2995364168739, 36.69761356995895], [-119.29980903400308, 36.69633180985466], [-119.29995011441844, 36.69566847726075], [-119.29988330671077, 36.69519526178042], [-119.29942605434968, 36.69195559952706], [-119.29942605255304, 36.691955548384215], [-119.29955931043892, 36.69064038422543], [-119.29955931762545, 36.69064033164099], [-119.29983096457411, 36.68875311144655], [-119.29983097984547, 36.68875306102188], [-119.30109162341292, 36.68577552568765], [-119.30109163778594, 36.685775475981416], [-119.30129680850526, 36.684574421453156], [-119.30048801393248, 36.68086265420801], [-119.29899999149526, 36.67155249784623], [-119.2982115338822, 36.670755707796346], [-119.29776681840922, 36.67064416958683], [-119.2966430277854, 36.67036229931268], [-119.29535798866976, 36.66979621106161], [-119.2944985138436, 36.66899960241497], [-119.29176595193702, 36.66489581762925], [-119.29011914418851, 36.66341674026144], [-119.28712019047771, 36.66194314204564], [-119.28418397061476, 36.66148418166628], [-119.28320209673787, 36.66133070425056], [-119.28248011535413, 36.66105706960917], [-119.28222788549033, 36.66096147892143], [-119.28188259465466, 36.66083061766295], [-119.2818824608057, 36.66083056721991], [-119.28187168192059, 36.660826481337544], [-119.2815611127673, 36.66070877756545], [-119.28084192604241, 36.65956863104925], [-119.2793938930084, 36.655859341440575], [-119.27857519091633, 36.654186906179035], [-119.27766266158947, 36.65232272595423], [-119.27652665118286, 36.651324586682485], [-119.27630282515004, 36.65112791951725], [-119.27601735312916, 36.65101485091269], [-119.27551164923489, 36.651093144773355], [-119.27540912091827, 36.65110901758537], [-119.2748801057424, 36.65119091703449], [-119.27352435753582, 36.65160561210698], [-119.27273837118808, 36.6518460972395], [-119.27260775524748, 36.65188604481294], [-119.27132961159998, 36.65229127559118], [-119.27090875987248, 36.652250716358374], [-119.27087601448378, 36.652247561157935], [-119.27019047056459, 36.65218152100968], [-119.26791132970443, 36.6518478225911], [-119.26591497669907, 36.65122699981205], [-119.26591502430976, 36.65122695873192], [-119.27001855368046, 36.6476668758901], [-119.27349245566515, 36.64576663990024], [-119.27476512138604, 36.6445611847698], [-119.27496617871967, 36.644266885181565], [-119.2751175376585, 36.64404533194667], [-119.27511754753998, 36.644045279330335], [-119.27546263266144, 36.64197833765424], [-119.27546264074628, 36.6419782857573], [-119.2755280704383, 36.64158587121633], [-119.27508954884922, 36.63981581295553], [-119.27380029843154, 36.63850636748803], [-119.27279529832597, 36.6371386994962], [-119.27219643464515, 36.63676835331115], [-119.27215249534969, 36.63674118054619], [-119.26958779623037, 36.63617995008542], [-119.26854364035817, 36.636059303629054], [-119.26624172001904, 36.63579331893079], [-119.2655273383826, 36.63533888029591], [-119.26225096514912, 36.63472317157258], [-119.25954296587736, 36.633990813355474], [-119.25842952115069, 36.633586133630715], [-119.25783171209206, 36.6333688266063], [-119.25675627508504, 36.63205846489671], [-119.25675628047493, 36.63205841299309], [-119.25675166133773, 36.631315427315094], [-119.26178962725012, 36.629352184273394], [-119.26267665340606, 36.6287350212094], [-119.26278102057411, 36.62866237245786], [-119.26383687071464, 36.62694344926348], [-119.26374944128132, 36.62680471745201], [-119.26347756346561, 36.626373305154], [-119.26127001024877, 36.62598197184612], [-119.25493523818885, 36.62532092807652], [-119.25237460214957, 36.62533091967256], [-119.25214727717871, 36.625381344085376], [-119.24896510667581, 36.626087146143625], [-119.24747535318505, 36.626721570813096], [-119.24705033237636, 36.62700905253858], [-119.24679592769125, 36.6276063564063], [-119.24679590523337, 36.62760640470829], [-119.24536776539134, 36.63095931169783], [-119.24536775011997, 36.630959362160375], [-119.2450365646309, 36.63317811269725], [-119.24468482119659, 36.63553445748395], [-119.24468480502689, 36.63553450794355], [-119.24370172381424, 36.63759588325471], [-119.24370170584793, 36.63759593299213], [-119.24348227796675, 36.637878046504646], [-119.24321553222629, 36.63822113870493], [-119.24285479036776, 36.638685129244465], [-119.24186376894632, 36.63948905861832], [-119.24051552526562, 36.64006580632723], [-119.2389111817789, 36.64038153638136], [-119.23873917775819, 36.64041538540232], [-119.2387220810217, 36.64033110160087], [-119.23866485204988, 36.640048969680464], [-119.2385190563776, 36.63933020765072], [-119.23843388620719, 36.639144910300935], [-119.23827078538925, 36.63879006491328], [-119.23794222298085, 36.63807497456471], [-119.23771904912489, 36.63647538994591], [-119.23749443257462, 36.63464715628691], [-119.23749442898136, 36.63464710438502], [-119.23761821772582, 36.631617417790004], [-119.23559614775053, 36.62665226241365], [-119.23559615314042, 36.626652210506386], [-119.23559098333597, 36.625794920065005], [-119.23559099321744, 36.62579486959907], [-119.23579083962207, 36.62536357060468], [-119.23579086118163, 36.62536352230128], [-119.2377672033157, 36.62109984773323], [-119.23776721768876, 36.621099797985224], [-119.23810400237696, 36.6180120577125], [-119.2381040050719, 36.618012005799464], [-119.23809702695878, 36.616871949682334], [-119.23809491052798, 36.61652605568917], [-119.23771579902021, 36.61566620831494], [-119.23771577207076, 36.61566614197957], [-119.23701306404142, 36.61407229038743], [-119.23642984631793, 36.612123007915834], [-119.23614189404857, 36.611160554626], [-119.23591737541466, 36.60933232978822], [-119.23591737361802, 36.609332278590394], [-119.23597876358623, 36.607731666188066], [-119.23597877167107, 36.607731614989184], [-119.23639706499661, 36.606358314787094], [-119.23816188442399, 36.60423687217877], [-119.24187642081878, 36.60239261840225], [-119.24197988338331, 36.60234120899217], [-119.24199000021004, 36.602336182497616], [-119.24312558301857, 36.60198895189198], [-119.24542683950271, 36.60160981380825], [-119.24561182417928, 36.601579335072294], [-119.24577889914404, 36.60157244719217], [-119.24847782004151, 36.601461172974545], [-119.25151531776623, 36.601335816296945], [-119.25172547952526, 36.601327140612725], [-119.25655806630915, 36.6009082373186], [-119.25806366338662, 36.600545877903436], [-119.25897197332658, 36.60032714643751], [-119.26379568924709, 36.59853617354835], [-119.26468190422432, 36.598382520233955], [-119.26514515643319, 36.59830219817075], [-119.27093839080216, 36.59895993830265], [-119.27098003220715, 36.59896466500098], [-119.27524398721286, 36.598604436246355], [-119.280923090625, 36.59720931275178], [-119.28390010567992, 36.59582527662348], [-119.2843319716511, 36.59547438894927], [-119.28460728552272, 36.59525076400075], [-119.28460730169242, 36.59525071351482], [-119.28477475574621, 36.59488566330059], [-119.28481743650197, 36.59479261001904], [-119.28445201621744, 36.59330799399714], [-119.28366488002614, 36.59256817910386], [-119.28173882558168, 36.59160449440579], [-119.2781041754668, 36.59030477207526], [-119.27667993700801, 36.58996770276856], [-119.27262907047253, 36.5902128269179], [-119.27253845471486, 36.59022703963432], [-119.26724030525517, 36.591057921089416], [-119.26701814380056, 36.59109275826748], [-119.26662695624043, 36.59109431764557], [-119.26616500479209, 36.59109615759624], [-119.25811646995228, 36.58884177325792], [-119.25427307202662, 36.58817091382072], [-119.25360323155694, 36.5882302546364], [-119.25306794973363, 36.58827767171656], [-119.24617278344665, 36.58888809649123], [-119.24613631094782, 36.58888042704545], [-119.24510492283075, 36.58866353714028], [-119.2442486810413, 36.588152350601995], [-119.24231710375444, 36.58621635967159], [-119.24158310740378, 36.58603362731321], [-119.2396612211422, 36.585555197178415], [-119.23847222181193, 36.58525919791098], [-119.2339090038491, 36.58304708611418], [-119.23373381979228, 36.58285538500413], [-119.23333648865393, 36.58242046634094], [-119.23283267750996, 36.581393479949746], [-119.23283269098471, 36.58139342945475], [-119.232857047007, 36.58131330611563], [-119.23285706227837, 36.58131325562058], [-119.23318111963565, 36.58024902760269], [-119.23364831814357, 36.57963195413891], [-119.2343094503449, 36.57875871351888], [-119.2374659416071, 36.57687386290879], [-119.23912564017992, 36.57588274115575], [-119.24217407668985, 36.57455653044746], [-119.24365298032863, 36.5723217617158], [-119.24365299110839, 36.57232170977196], [-119.24371992997013, 36.5719884368216], [-119.24371993985157, 36.57198838487755], [-119.24381013968926, 36.571539463716775], [-119.24385983628738, 36.57129211808102], [-119.2437839214594, 36.57109582098485], [-119.24306521443485, 36.56923740559827], [-119.24284499513789, 36.568095061613164], [-119.24284500232442, 36.56809500894504], [-119.242911034786, 36.56729458185241], [-119.24298574946482, 36.567183129786635], [-119.24333358971924, 36.56666423397912], [-119.2431190019608, 36.56643643323334], [-119.24240718591282, 36.56626763814283], [-119.24214922659415, 36.566231619490715], [-119.2416041854736, 36.56615551215781], [-119.2404153900609, 36.56598944300583], [-119.24001192163249, 36.56573950238604], [-119.23913126093866, 36.565194058361755], [-119.23672580616976, 36.56282093736307], [-119.23434064613976, 36.56046783798357], [-119.23341501039292, 36.56018548961333], [-119.23163146109185, 36.559048899740105], [-119.22906595977696, 36.557858089748386], [-119.22701524162895, 36.55760805427047], [-119.2267901390901, 36.557580632087884], [-119.22647443426834, 36.55768075118484], [-119.2261731492035, 36.55777629607108], [-119.22604963624184, 36.557815440209204], [-119.22600252589338, 36.557830371086276], [-119.22551343005212, 36.55798539530065], [-119.22452327819987, 36.55878922002716], [-119.22175905876436, 36.56005678570184], [-119.22108492075435, 36.56018543549669], [-119.21870661486996, 36.560639439592535], [-119.21863196846311, 36.560641287484565], [-119.21820447369412, 36.560651866142486], [-119.21600642285634, 36.56070623570237], [-119.21577605169837, 36.56074651984816], [-119.21354438769929, 36.56113673092647], [-119.21312042061442, 36.561210858953565], [-119.21266949329124, 36.561289739004394], [-119.21210298962194, 36.56163469514409], [-119.21177837261423, 36.562215984975964], [-119.21175130367979, 36.56226462877032], [-119.21175128212023, 36.562264677113234], [-119.21167605360506, 36.56253667326325], [-119.21105500602833, 36.56478203409661], [-119.21105499345191, 36.56478208676699], [-119.21085834684632, 36.564941703879356], [-119.20985240081475, 36.565758093360444], [-119.20864647183463, 36.56616242340079], [-119.2080867495474, 36.56616438948662], [-119.20807794156606, 36.56616442051108], [-119.20679571238065, 36.56565444863891], [-119.20529798274846, 36.56474513522787], [-119.2050823295881, 36.56455034460932], [-119.20493403480268, 36.5644163967783], [-119.20422633753026, 36.56377715430914], [-119.1993865830887, 36.5580590926847], [-119.19785901771098, 36.55625419081495], [-119.19693984803754, 36.555570148943], [-119.19678859959146, 36.55545761415993], [-119.1960693544761, 36.55546471036783], [-119.19598700950726, 36.55551016678097], [-119.19430671346326, 36.556437708743395], [-119.1922681827587, 36.55814675462628], [-119.19069604567153, 36.55946470237558], [-119.19006238305326, 36.55999588270821], [-119.18878724606702, 36.560743187008775], [-119.18708257064453, 36.560920407424916], [-119.18704013782376, 36.560903521748486], [-119.18594301279084, 36.56046692594109], [-119.18543163244232, 36.55999473687571], [-119.18518012751899, 36.559762504127924], [-119.18458591082316, 36.55921391301107], [-119.18362058121885, 36.557677641181016], [-119.18343902810663, 36.557388633964145], [-119.18330678801199, 36.55701378020892], [-119.18170696933934, 36.552478616305834], [-119.18126964700117, 36.55042234980464], [-119.18126964071297, 36.55042229928941], [-119.18119054405219, 36.5489364995279], [-119.18119054405219, 36.5489364475684], [-119.18125397678934, 36.54750733126309], [-119.1812539866708, 36.547507280024256], [-119.18167347834893, 36.54624839893552], [-119.18259256717397, 36.54538800302846], [-119.18365069723872, 36.54395557848898], [-119.18613249263711, 36.54303274963714], [-119.18726465376272, 36.542171631580864], [-119.19044020368199, 36.53821702596716], [-119.19157194888761, 36.53729868225837], [-119.19724762343031, 36.53585044299755], [-119.2017129564682, 36.53501771380202], [-119.20193167557863, 36.53497692037482], [-119.20484412062926, 36.53490969638028], [-119.20606816773035, 36.53500387130846], [-119.20750314644667, 36.53511426905976], [-119.20768718699387, 36.53512842623368], [-119.21421850684469, 36.53430512603579], [-119.2148246666422, 36.5341401166045], [-119.21528255590883, 36.53401546769706], [-119.21669772048493, 36.533038710829175], [-119.21761488242372, 36.53194941953435], [-119.21827846972073, 36.531410530092835], [-119.21874619733633, 36.53103083032004], [-119.22077800684593, 36.52968458594988], [-119.2214352780882, 36.529249139815185], [-119.22413168190626, 36.528724939232795], [-119.22718417071643, 36.52842461629162], [-119.2277524988641, 36.5283686915306], [-119.2325196227183, 36.52850659911456], [-119.23253570346021, 36.528501764156616], [-119.23364763632223, 36.52816737245089], [-119.23442208650512, 36.527021273272275], [-119.23442209908151, 36.527021222019854], [-119.23477032111994, 36.52587676545122], [-119.23477033100141, 36.525876714198056], [-119.23490718574168, 36.52483954034129], [-119.23490719202988, 36.52483948836554], [-119.23531360693242, 36.52175919927082], [-119.2353136177122, 36.521759146571064], [-119.23628783704456, 36.51844024287222], [-119.2362878568075, 36.51844019305803], [-119.23706385209263, 36.51682104287008], [-119.23706387634716, 36.51682099449875], [-119.2381814281713, 36.514489039389325], [-119.23818144793425, 36.51448898885055], [-119.23901586066233, 36.5115706987292], [-119.23900541056062, 36.51148675286542], [-119.2387171160331, 36.50917109428512], [-119.23829825317569, 36.50844990433655], [-119.23716468079675, 36.506498067078944], [-119.23699462791684, 36.50620525247843], [-119.23549413776182, 36.50429361080908], [-119.23536927912384, 36.504041261865076], [-119.23520783120603, 36.50371495719119], [-119.232424061735, 36.501463928346055], [-119.22948191927941, 36.49908462295527], [-119.22346450763632, 36.49851360160177], [-119.22346450943294, 36.498513549608326], [-119.22346311884091, 36.4983945618641], [-119.22346311794259, 36.49839450987064], [-119.22346287449915, 36.49837364025659], [-119.22346287360082, 36.49837358826307], [-119.22345781878072, 36.49794116137278], [-119.22104567246126, 36.49741890139322], [-119.2187300025084, 36.49692723953768], [-119.21814060527404, 36.496537155744], [-119.21753209368713, 36.49616446375663], [-119.21644635480045, 36.495499469501546], [-119.21631125087666, 36.49541496386832], [-119.21449084100453, 36.49427629602817], [-119.21449084280114, 36.49427624330976], [-119.21453980098414, 36.48590918294679], [-119.21390679593267, 36.48590189040544], [-119.2139067986276, 36.48590183840359], [-119.21420478867199, 36.471838515924425], [-119.21550758298919, 36.47183961105169], [-119.21574436452502, 36.47183980826128], [-119.2233754935748, 36.47184591959103], [-119.24141351805454, 36.471819219722164], [-119.25946156413958, 36.472024076923496], [-119.26834671078326, 36.47204147755607], [-119.26834671347824, 36.472041425544916], [-119.26838746285614, 36.470177523835034], [-119.26838746465278, 36.47017747182263], [-119.2685586179689, 36.462347877225646], [-119.26855861886725, 36.46234782520799], [-119.26866294920434, 36.45757426790023], [-119.26866295010264, 36.457574215879326], [-119.26883063771842, 36.44309804870858], [-119.26883063771842, 36.44309799667796], [-119.26896752210311, 36.42861479729164], [-119.27791191533473, 36.428623600776824], [-119.29585913181735, 36.428751753533135], [-119.31388758295108, 36.428996858235855], [-119.33200456485271, 36.429007272750866], [-119.35006658513029, 36.42904328951425], [-119.35003537406408, 36.430900714468706], [-119.35003537316574, 36.43090076723021], [-119.35001988890522, 36.431822254310525], [-119.35001988890522, 36.43182230634865], [-119.3499993183835, 36.43304641055994], [-119.34999931748519, 36.4330464625973], [-119.34998790618614, 36.43372561700383], [-119.34998790349118, 36.43372566976343], [-119.35049429280001, 36.43380405244785], [-119.35073946909218, 36.433842001742995], [-119.36653336993984, 36.43628548663342], [-119.36795970865974, 36.43650604532638], [-119.37712745541036, 36.436472427805754], [-119.37733028332343, 36.43647167546573], [-119.38582023232755, 36.43643989722516], [-119.39133184575327, 36.43645116642924], [-119.40272450835855, 36.436473649906475], [-119.40374152792262, 36.436475604111344], [-119.40374152971926, 36.43647555207629], [-119.40360606467272, 36.429258871513014], [-119.4036060637744, 36.42925881947312], [-119.40360341284602, 36.429117480481366], [-119.41496018056917, 36.42914682596104], [-119.41624493941042, 36.429150078458], [-119.41650362097457, 36.42915073040294], [-119.41650362995775, 36.42915067836302], [-119.41654244346623, 36.42888764487874], [-119.41654245514431, 36.42888759283864], [-119.41658394832729, 36.42870437017746], [-119.41658396359865, 36.428704318859985], [-119.41665814377987, 36.428454214462604], [-119.41665816713605, 36.42845416675888], [-119.41673994347133, 36.42830131956585], [-119.41684537873623, 36.428154064993], [-119.41694142301313, 36.42801638057274], [-119.4169414391828, 36.42801633070035], [-119.41699952065582, 36.42784640096926], [-119.41699953323223, 36.427846348205605], [-119.41702714205418, 36.42771467974765], [-119.41702714564745, 36.42771462770671], [-119.41703976967212, 36.427428495397216], [-119.41703977596033, 36.42742844335609], [-119.4170603455837, 36.42730442930391], [-119.41706036265168, 36.427304379431135], [-119.41706134271368, 36.42730184459156], [-119.4170613624766, 36.42730179399597], [-119.4171232051957, 36.42714206351851], [-119.41712322765359, 36.427142015813985], [-119.4172305206345, 36.42693404333408], [-119.41723054488901, 36.42693399707499], [-119.41723066795822, 36.42693375710618], [-119.41723069311105, 36.42693370940153], [-119.41731715775376, 36.42677512308072], [-119.41738732695723, 36.426654698134236], [-119.41748358143992, 36.42655707232377], [-119.41760814273555, 36.42645553241682], [-119.41771900202811, 36.42643988085679], [-119.4179480284081, 36.42645052195192], [-119.41823147023646, 36.42648386192041], [-119.41846769032527, 36.42651545919984], [-119.41863448052405, 36.42654939545146], [-119.41874417380342, 36.42657171338426], [-119.4189829513958, 36.42663954462388], [-119.41919335300501, 36.42669793892903], [-119.41941063031943, 36.426718155640295], [-119.41965853030355, 36.42672681839466], [-119.41978764785428, 36.42672404428953], [-119.41987095222385, 36.42672225246913], [-119.420115997362, 36.42663936103257], [-119.42056613416773, 36.42650614373194], [-119.42075517743275, 36.42643773630225], [-119.42097605788975, 36.426357808054675], [-119.4212469412704, 36.426251929617166], [-119.42149655883337, 36.426142311964625], [-119.42177442032714, 36.42601733163451], [-119.42200520381184, 36.425917316867626], [-119.4222902581161, 36.42581329472364], [-119.42247632705923, 36.425738236842285], [-119.42258699051906, 36.42567726644535], [-119.42265754240485, 36.42563839735867], [-119.42275373849705, 36.42553122916846], [-119.42275374388696, 36.4255311764033], [-119.42276489647121, 36.42541291868586], [-119.42271933032673, 36.42528145571674], [-119.4226167373314, 36.42517874824243], [-119.4225959134848, 36.42515790155905], [-119.42244638621081, 36.42500773241387], [-119.42242951045985, 36.42494293413131], [-119.42242951944304, 36.42494288208858], [-119.42244785495629, 36.42484367332441], [-119.42252968968204, 36.42470031252228], [-119.42267250115097, 36.4244842465861], [-119.4228483670291, 36.42426996903444], [-119.42311844102768, 36.42401720409013], [-119.42327123098278, 36.423900297197015], [-119.42342427066953, 36.42382917036617], [-119.42349191201382, 36.423803967565846], [-119.42361036566379, 36.423759833190495], [-119.42369256241061, 36.42368323659176], [-119.42385686247944, 36.42351287524421], [-119.4239482606697, 36.423392369340625], [-119.42405862499056, 36.423287058619074], [-119.42418568809424, 36.42321411619449], [-119.42433864333937, 36.42312772755998], [-119.42443017537859, 36.423032020776205], [-119.42450040207423, 36.422924944402766], [-119.42450040926079, 36.42292489235862], [-119.4245107794124, 36.4228426647683], [-119.4245107848023, 36.422842612724104], [-119.42451171366031, 36.422835246303926], [-119.42451171096536, 36.42283519642827], [-119.42449929624814, 36.42272274259966], [-119.42444860252002, 36.42251690294504], [-119.42437939092063, 36.422377895127426], [-119.42434769925575, 36.4221929707136], [-119.42434769925575, 36.422192918668976], [-119.4243540269886, 36.422055601724324], [-119.42435404315826, 36.422055552571024], [-119.42439829416915, 36.42195052483699], [-119.42448300889372, 36.42190253230963], [-119.42461752621762, 36.421898236444235], [-119.4247710725542, 36.42192057956787], [-119.42488666507002, 36.421908720581726], [-119.42499255667907, 36.42184920587904], [-119.42511710988985, 36.42174956596015], [-119.4253425726531, 36.42154273848412], [-119.4256171067871, 36.42124607751826], [-119.4258233707561, 36.4210860851986], [-119.42604386403923, 36.42094222519557], [-119.42630389577128, 36.420745464944716], [-119.42652441869878, 36.420607564986575], [-119.4267377946299, 36.42051141849063], [-119.42701778333429, 36.42045676104602], [-119.42705826681087, 36.42043895632795], [-119.42720909754034, 36.42037261598911], [-119.42745154834395, 36.42019886872862], [-119.42766436462466, 36.42000138084055], [-119.42794372540665, 36.419833460477854], [-119.42820823613869, 36.419647708829466], [-119.42823053322236, 36.419631983610536], [-119.4284800870049, 36.41945596922677], [-119.42885529623112, 36.419281739207605], [-119.42933393029259, 36.41913694046774], [-119.42945790947991, 36.419101674508745], [-119.42969478084729, 36.41903429426152], [-119.4299968240902, 36.41896762887613], [-119.43077091135369, 36.4188992509485], [-119.43077331883865, 36.418899216973514], [-119.4313314331415, 36.41889125670088], [-119.43243041768707, 36.41888726210683], [-119.43288787845728, 36.41891540281052], [-119.43351484772835, 36.41891907861646], [-119.43428933294551, 36.41892221226798], [-119.43473911850994, 36.41889672234039], [-119.43518852588367, 36.41880375075501], [-119.43574767414745, 36.4185513287323], [-119.43623252634731, 36.418203796757766], [-119.43671757707484, 36.41789202998689], [-119.43706992866862, 36.41759267100391], [-119.43755490393771, 36.41726897919388], [-119.43800896009301, 36.4166950259278], [-119.43817068289528, 36.416599048805395], [-119.43845108662134, 36.41662185899722], [-119.43874624158268, 36.416644615688234], [-119.43901162457887, 36.416619790075345], [-119.43916422319278, 36.416583941043605], [-119.43952723509408, 36.41649865756844], [-119.44007180549738, 36.416282037481935], [-119.44043976801417, 36.416137603996056], [-119.44086727266462, 36.416088329068515], [-119.44125106798829, 36.41613459457068], [-119.44159074704835, 36.41620486747836], [-119.44200384002671, 36.41621525407039], [-119.44201487582998, 36.4162135400804], [-119.44247546273742, 36.41614196451807], [-119.44282975648882, 36.41618833480844], [-119.44302260771234, 36.416378375721195], [-119.4433036249877, 36.416508475925895], [-119.44359953094063, 36.41666236344474], [-119.44374806288128, 36.416840646811046], [-119.44375438252929, 36.41685241404096], [-119.4438415155186, 36.41701466110236], [-119.44388225411673, 36.417090518257126], [-119.44409020152858, 36.41734011420231], [-119.44437074718844, 36.41738675558273], [-119.44479812068487, 36.417313621110786], [-119.44512100574072, 36.41702627216173], [-119.44539983921165, 36.4167748542423], [-119.44606281385761, 36.41662929757324], [-119.44648059514343, 36.41651499643652], [-119.44654884374883, 36.41649632406379], [-119.44743280215808, 36.41630223883273], [-119.44794764012215, 36.416049926512066], [-119.44858179142392, 36.41602368816395], [-119.4492162176102, 36.41604513658288], [-119.44954094600898, 36.41607967597073], [-119.44996816769012, 36.415982679522266], [-119.45058632179331, 36.415741886329236], [-119.45105744863393, 36.415585106096096], [-119.45126437466133, 36.41565585589382], [-119.45169339746464, 36.4158688299698], [-119.4520041372978, 36.41603456418299], [-119.4523877996708, 36.41605694947598], [-119.45291897170168, 36.41607877090149], [-119.45327257554698, 36.41600588748981], [-119.45353753364002, 36.415909496739715], [-119.45365540158846, 36.415885200778014], [-119.45381870632396, 36.41606341580708], [-119.45417328573964, 36.41615744104382], [-119.4547636019505, 36.416202873726725], [-119.45495571386053, 36.41626175154695], [-119.45504529475897, 36.416445013690485], [-119.45500484541837, 36.416588187323306], [-119.45500483194365, 36.41658823937164], [-119.45485857723223, 36.41680340486827], [-119.45484522018226, 36.41684872151073], [-119.4548452058092, 36.416848772836055], [-119.45480652255645, 36.416980006467824], [-119.45480650908173, 36.41698005779305], [-119.45489604955601, 36.417156168872296], [-119.4550501321868, 36.417270034609885], [-119.4552449866534, 36.41729313375963], [-119.45545720735105, 36.41725893683731], [-119.45568682033094, 36.41717221483218], [-119.45589861971872, 36.41706648435092], [-119.45625175015186, 36.41691251956059], [-119.45662861856636, 36.41678230943021], [-119.45701723245324, 36.41664251351384], [-119.45727035973401, 36.41654139076386], [-119.4575344159185, 36.41629238647301], [-119.45773351043324, 36.41603409285272], [-119.45798576275489, 36.41578513247821], [-119.45832044718199, 36.415507239243446], [-119.45853754842659, 36.415301334197075], [-119.4587491421002, 36.41516221587089], [-119.45899063170646, 36.41508974799418], [-119.45927406994151, 36.41512680497137], [-119.4595693102428, 36.4151638156648], [-119.45988171465422, 36.41511014773182], [-119.46025797580761, 36.414879778364444], [-119.46043348595286, 36.414626340908804], [-119.46060399787187, 36.41452553072399], [-119.46076714719885, 36.41443227847565], [-119.460780410824, 36.41442469655221], [-119.46096283620035, 36.41434291612068], [-119.4610983147216, 36.41430423871638], [-119.4612757185155, 36.41437031676048], [-119.46151844959346, 36.41450767548804], [-119.4618033071667, 36.41478317151227], [-119.46194716157964, 36.415065785759644], [-119.46197047286125, 36.41511158342665], [-119.4621194845023, 36.41536376072061], [-119.46236792167893, 36.415467713006194], [-119.46263942130388, 36.41548096384385], [-119.46283362000037, 36.41539436491601], [-119.46312208161449, 36.41528355504461], [-119.4633452662502, 36.41511099931719], [-119.46343314573949, 36.41500573808937], [-119.46359801084864, 36.414947867052625], [-119.46395807088587, 36.41497030687703], [-119.46418236583928, 36.414983737803915], [-119.46446520849133, 36.41492063577741], [-119.46484744074638, 36.414704535400645], [-119.46514709716561, 36.41449352662568], [-119.46537614780013, 36.414316176215664], [-119.46573537420079, 36.41420031162157], [-119.4661159050467, 36.41405469157136], [-119.46618866049988, 36.41402684984029], [-119.46640656663499, 36.413959228072954], [-119.4666892314206, 36.41386750773376], [-119.46707216885318, 36.41377062274409], [-119.46736093409788, 36.41371225847807], [-119.46745002092293, 36.41370523674801], [-119.46767940034083, 36.41368716010963], [-119.46799208053505, 36.41368116058775], [-119.46832925329547, 36.41382290215084], [-119.46864910204565, 36.41402670887128], [-119.46873168686464, 36.41408355043716], [-119.46894535115499, 36.41423060686735], [-119.46911778187547, 36.414449302377896], [-119.46935477271875, 36.41461051346542], [-119.46958516992788, 36.41465729166961], [-119.46979147701605, 36.414623094309604], [-119.4699439013568, 36.41446034416467], [-119.46994391932313, 36.414460294283636], [-119.47006586921619, 36.414140337742666], [-119.47010817896776, 36.41409871434991], [-119.47029462161004, 36.413915288351035], [-119.4705706586255, 36.41370435984501], [-119.4708589576446, 36.41356968462969], [-119.4712357272444, 36.41342988943735], [-119.47171843965728, 36.413246751752006], [-119.47215371563327, 36.41302564767691], [-119.47246534839182, 36.412847956307516], [-119.47267127189936, 36.41275175610653], [-119.47284228687495, 36.41273676904863], [-119.47303713595163, 36.412759838460566], [-119.47321486583397, 36.412878356905374], [-119.47336890804058, 36.4129826609683], [-119.47358732891033, 36.41300086645174], [-119.47385248463276, 36.4129425811294], [-119.47398772240552, 36.41286573746337], [-119.47417050890459, 36.41284593282966], [-119.4743537337815, 36.41289765981851], [-119.47459026199245, 36.412982557589686], [-119.47472566146197, 36.41299858633859], [-119.47478511196746, 36.413005625482796], [-119.47498536620725, 36.41294759680342], [-119.47532050518184, 36.41275549509901], [-119.47574939952604, 36.412458099322016], [-119.47596080724838, 36.412295106072605], [-119.47628323416343, 36.41195521429867], [-119.47671136044804, 36.41153382465578], [-119.47671138021099, 36.41153377477286], [-119.47683945841095, 36.411256706388436], [-119.47683946649576, 36.41125665505948], [-119.47685020765161, 36.41108497816294], [-119.47677867480554, 36.410966040564844], [-119.47667779040586, 36.4108710648747], [-119.47664180479391, 36.41077582880713], [-119.47664182365853, 36.410775779646634], [-119.47671744563577, 36.410603839979615], [-119.4767174707886, 36.41060379298789], [-119.47681082281461, 36.41043655067783], [-119.47697499532266, 36.41026897544938], [-119.47712865664361, 36.41031127902371], [-119.4773241165747, 36.4104344895437], [-119.47751300263455, 36.410448036927015], [-119.47773097704162, 36.41039470263127], [-119.47792488109062, 36.41026515898125], [-119.47792489007378, 36.41026510692862], [-119.47794765967132, 36.41013153476214], [-119.47782308579927, 36.41002234836975], [-119.47778128808741, 36.40994144241771], [-119.47776899464276, 36.40986041420172], [-119.47788052857011, 36.40976935920438], [-119.47806245627977, 36.409611249685014], [-119.47806246616122, 36.40961119763194], [-119.4781138219477, 36.40932967111608], [-119.47811382823592, 36.40932961906282], [-119.47814710722392, 36.4089861681715], [-119.4780873737491, 36.40886718253612], [-119.47808737464742, 36.408867130482626], [-119.47808655538388, 36.40873364845229], [-119.47816239655006, 36.40859504613041], [-119.47837349615027, 36.40838435910949], [-119.47873135172178, 36.40805385610996], [-119.47913106339567, 36.40781379384747], [-119.47942451694784, 36.40756462132079], [-119.47972950576658, 36.40727247909302], [-119.47991667334927, 36.407009427169356], [-119.4801275573538, 36.4067653556174], [-119.4804028622423, 36.406444718138275], [-119.48040288290356, 36.40644466825209], [-119.48054259159149, 36.40614370421251], [-119.48054261135444, 36.406143655049135], [-119.48063548098514, 36.405900108562705], [-119.48078181923985, 36.405713525405616], [-119.48113478977287, 36.40554994972974], [-119.4814938338155, 36.40541496250231], [-119.48172288085676, 36.40524711760852], [-119.48172289972138, 36.405247067721554], [-119.48181596787978, 36.40503690158174], [-119.48181597237136, 36.405036850971634], [-119.48180862235571, 36.40480325099359], [-119.48180862145738, 36.40480319821434], [-119.48180773482021, 36.404660184334055], [-119.48180775188818, 36.40466013444673], [-119.48187176493703, 36.404521621740635], [-119.4820127052152, 36.40441613287659], [-119.48217756403616, 36.404363004835275], [-119.48238967693598, 36.40431922163926], [-119.48271391036306, 36.40427975333396], [-119.48299062111496, 36.40418801650518], [-119.4831906381995, 36.40409659190859], [-119.48339634790798, 36.40397176119077], [-119.4835597882891, 36.40392817443355], [-119.48372161439765, 36.403861941458686], [-119.48400157705088, 36.40381907259165], [-119.48408649659132, 36.40379031258051], [-119.48629080419506, 36.40304375021462], [-119.48654443183744, 36.40295784742838], [-119.48704813159029, 36.402787243234336], [-119.49217535680424, 36.40112352325292], [-119.49252027034747, 36.400999663138734], [-119.49259714008467, 36.40097205822405], [-119.49261025728441, 36.40096734834554], [-119.49308522532124, 36.40097355346942], [-119.52878060239925, 36.40143437616661], [-119.52883649108466, 36.40143508980217], [-119.52882576340353, 36.40247041052826], [-119.52882576250522, 36.4024704625861], [-119.52879983892275, 36.40497300340287], [-119.52879983802443, 36.40497305545904], [-119.52872950263263, 36.41607941355849], [-119.52872950263263, 36.416079465607176], [-119.52864472233104, 36.43062379323498], [-119.52864472233104, 36.430623845273914], [-119.52856600745427, 36.445197975282326], [-119.52856600745427, 36.445198027311484], [-119.52841628794081, 36.4598493183176], [-119.52841628794081, 36.459849370336926], [-119.52841058453708, 36.462547588045005], [-119.52840401066584, 36.465654407875334], [-119.52840401066584, 36.46565445989082], [-119.52838562664354, 36.474345016506085], [-119.52838562664354, 36.474345068515746], [-119.52838246637039, 36.47586054304821], [-119.52838246547208, 36.4758605950568], [-119.52837045948829, 36.48161746905708], [-119.52837045948829, 36.48161752106185], [-119.52836848319468, 36.48256540309314], [-119.52836848229634, 36.48256545509729], [-119.52835563728611, 36.488724012191945], [-119.52835563728611, 36.48872406419194], [-119.52835508661882, 36.48898705368246], [-119.52835508572053, 36.488987106404515], [-119.53201540788959, 36.48897078929544], [-119.533177556576, 36.48896558570198], [-119.53364222273316, 36.48894589871002], [-119.53411772526756, 36.48892575093658], [-119.53411769113157, 36.48892570038117], [-119.53406825145157, 36.48885338877518], [-119.53401400937813, 36.48877405277492], [-119.53399548611694, 36.488746960794174], [-119.53399545108265, 36.48874690807195], [-119.53387588711496, 36.488572031968076], [-119.53387592394589, 36.48857201824581], [-119.53613016170974, 36.487768461748985], [-119.53838438599887, 36.48696485141566], [-119.53895313815136, 36.48676208631642], [-119.54013100196535, 36.486342155865664], [-119.54099113435832, 36.48544546854286], [-119.54124024527144, 36.48518576484546], [-119.54151729019664, 36.48489693740682], [-119.5422345994426, 36.48421295198394], [-119.54261645530359, 36.483848830346325], [-119.54261647596482, 36.48384878123216], [-119.5429901329022, 36.483065907198764], [-119.54299015536007, 36.48306585880639], [-119.54322003064803, 36.4825842228046], [-119.54318086859323, 36.482470751200566], [-119.54317202467924, 36.4824451246896], [-119.54308030848537, 36.48217938926106], [-119.54306569469233, 36.48213704540491], [-119.54306569828559, 36.48213699340048], [-119.54307108368573, 36.48203069848237], [-119.54307108727897, 36.48203064647792], [-119.5430795997146, 36.481862585149734], [-119.54306729908342, 36.48184865586267], [-119.54297826975053, 36.48174782681782], [-119.54293148638887, 36.48169484415282], [-119.54293149806698, 36.48169479142578], [-119.54295082891358, 36.48160323492023], [-119.54295083969336, 36.48160318291545], [-119.54297884826562, 36.48147052297419], [-119.5429788599437, 36.48147047024706], [-119.54299151630775, 36.481410522347964], [-119.54299152798585, 36.48141047034304], [-119.54303378024522, 36.4812200043418], [-119.54303379282165, 36.48121995233675], [-119.54323115358788, 36.48033029583014], [-119.54323116616428, 36.4803302438245], [-119.54326015929007, 36.480199540585616], [-119.54326017186649, 36.48019948857988], [-119.54339463169823, 36.47959335605431], [-119.54339464517298, 36.47959330404818], [-119.54344486638723, 36.47939810895719], [-119.54344488076029, 36.47939805695093], [-119.54346794770015, 36.47930839957335], [-119.5434679620732, 36.47930834756701], [-119.54386234943237, 36.47777544576894], [-119.54389431418511, 36.477738641901865], [-119.54452135172816, 36.47701665212821], [-119.54511836308284, 36.4763292194897], [-119.54531598795378, 36.4761016604206], [-119.54545074153461, 36.47594649519315], [-119.54545235131557, 36.475944640943354], [-119.54568865045614, 36.47553812215261], [-119.54582468144129, 36.475304093586836], [-119.54590837298474, 36.47516011377443], [-119.546114458189, 36.47480556337541], [-119.54648037164864, 36.4741202767538], [-119.54648039141156, 36.474120226911054], [-119.5466053407794, 36.473760590663964], [-119.54660534347434, 36.47376053865393], [-119.54655100887437, 36.47292118467678], [-119.54643014414617, 36.472552409907216], [-119.54633169148599, 36.47225201204237], [-119.54628892179696, 36.47213148935947], [-119.54628268479395, 36.47211391176475], [-119.54622082860013, 36.47193960058207], [-119.54613397498689, 36.47169484679914], [-119.5459223408891, 36.47141944513556], [-119.54577776782389, 36.47133249107988], [-119.54561456549634, 36.47095663368714], [-119.54553938459189, 36.47044933022992], [-119.54553939986324, 36.47044928038486], [-119.54565396380806, 36.47007606556798], [-119.54565398536765, 36.47007601644503], [-119.54573482925164, 36.46991580187737], [-119.54562904005053, 36.46940929564187], [-119.54559668992052, 36.46914560831724], [-119.54557781182481, 36.468991731661724], [-119.54554956160575, 36.46876146296869], [-119.5455344708073, 36.46863844326884], [-119.5454943349787, 36.46833802879067], [-119.54545106223317, 36.46817109940855], [-119.54535106177572, 36.46778532668175], [-119.54531800646824, 36.467657811268055], [-119.54531801634968, 36.46765775925391], [-119.54535637351401, 36.46742784708621], [-119.54535638249718, 36.46742779507191], [-119.5453613573672, 36.46739798149234], [-119.54536136635035, 36.467397928755595], [-119.54541739337631, 36.467062102757396], [-119.54541740235946, 36.46706205074285], [-119.54541928882156, 36.46705073902765], [-119.54541475592264, 36.467039354345886], [-119.54537317560307, 36.466934906910794], [-119.54533079757955, 36.46682846038189], [-119.54533080296945, 36.46682840836725], [-119.5453529464412, 36.46650593400578], [-119.54535295003444, 36.46650588199091], [-119.54538730071259, 36.46600565454316], [-119.54535043564996, 36.46587994084473], [-119.54523466077616, 36.465485132013434], [-119.54520410278514, 36.46538092377921], [-119.54518037199026, 36.46529999604979], [-119.54518037109197, 36.46529994331166], [-119.54514374677782, 36.464700494641434], [-119.54514374408288, 36.46470044262531], [-119.54511332622904, 36.46420256883174], [-119.54511333431388, 36.46420251681532], [-119.54511838554073, 36.46417858202294], [-119.54511839632052, 36.464178530006464], [-119.54518018963226, 36.463885752641445], [-119.54518019861543, 36.46388570062483], [-119.54521100364317, 36.46371889892223], [-119.54521101352462, 36.463718846905444], [-119.54523660113716, 36.46358029795181], [-119.54523661012031, 36.463580245934935], [-119.54529301174375, 36.46327484350362], [-119.54529302162521, 36.46327479148658], [-119.54530543095257, 36.463207599857014], [-119.5453054390374, 36.46320754783993], [-119.54533575268665, 36.46301965241394], [-119.5453357607715, 36.463019600396734], [-119.54536607442074, 36.462831705237754], [-119.54535367138162, 36.46276324385497], [-119.54534425703744, 36.46271127916793], [-119.54532304422034, 36.46259419214718], [-119.54531683865835, 36.46255990897968], [-119.5453168359634, 36.462559856962116], [-119.54530435117758, 36.46217272696973], [-119.54518235636873, 36.46199180449589], [-119.544954544511, 36.46183505626165], [-119.54488928010899, 36.46171167011363], [-119.54472917876579, 36.461408986226736], [-119.54472402153775, 36.46139923423647], [-119.54472402153775, 36.46139918221813], [-119.54471308724409, 36.46112193777961], [-119.54471310251546, 36.461121888650986], [-119.54511993872785, 36.460262411658945], [-119.54511995669417, 36.46026236252979], [-119.54529312852475, 36.45975537345623], [-119.54529314559272, 36.4597553228818], [-119.54535238499415, 36.459581886304626], [-119.54577863379983, 36.45919049677267], [-119.54614621183768, 36.45885297275029], [-119.54634000719055, 36.458675020684375], [-119.54647886247896, 36.45854751701942], [-119.54709916804727, 36.45777919742467], [-119.54709928662487, 36.45777900884942], [-119.54758989702573, 36.457006980182804], [-119.54773637272271, 36.456888337635945], [-119.54773637990921, 36.456888285614575], [-119.54773989861019, 36.456856895780795], [-119.54773990489839, 36.45685684375946], [-119.54780842659162, 36.45624544356099], [-119.54780843287983, 36.456245391539184], [-119.54780873381546, 36.45624270880478], [-119.54774677611199, 36.45598100194285], [-119.54774678868841, 36.45598094992087], [-119.54782916240333, 36.455633417888855], [-119.54782917497975, 36.45563336514415], [-119.54786719078426, 36.45547298344944], [-119.54786720336068, 36.45547293070464], [-119.5478894160027, 36.45537921825485], [-119.54788942857913, 36.45537916623251], [-119.54811729343744, 36.45441782747086], [-119.54811731679365, 36.45441777978311], [-119.54813676621787, 36.454381883176964], [-119.54832014470671, 36.45416368093367], [-119.54847061251681, 36.454007665433124], [-119.54847061790669, 36.45400761340987], [-119.54848669325872, 36.45379049032237], [-119.54848669685195, 36.45379043829892], [-119.54849082371237, 36.453734691562516], [-119.54849082730563, 36.45373463953908], [-119.54849091444221, 36.45373346539834], [-119.54849093420516, 36.45373341771016], [-119.548657986712, 36.453405011655654], [-119.54865801006821, 36.45340496468978], [-119.5487342644594, 36.453255056845585], [-119.54873428781562, 36.45325501060225], [-119.54880884439095, 36.45310843994511], [-119.54899345806331, 36.452943807293146], [-119.54940922712287, 36.45257302199165], [-119.54990845416393, 36.45239350562336], [-119.55002429461476, 36.45235184999178], [-119.55048408741146, 36.45216601863596], [-119.55184274526125, 36.45161688417564], [-119.5524141932579, 36.45128049342145], [-119.55260120363542, 36.45117040676129], [-119.5536574732892, 36.45109079517986], [-119.55384886744531, 36.451107509731266], [-119.55437413754477, 36.451153379349655], [-119.55503623902831, 36.45055936854749], [-119.55537711554267, 36.45038841441966], [-119.55552630145682, 36.45023508221612], [-119.55603271591846, 36.450060028886554], [-119.55627879771245, 36.44983400985056], [-119.55632240373298, 36.44979395987321], [-119.55688233263271, 36.44962484159584], [-119.55710261032019, 36.44955830797734], [-119.55718230436061, 36.44953423643151], [-119.55718232412353, 36.449534187295605], [-119.55720066861996, 36.44949214065374], [-119.55720069017951, 36.44949209224035], [-119.55727951195581, 36.44931143861209], [-119.557855278154, 36.44882128159057], [-119.55804118450204, 36.44871870064654], [-119.55821466355648, 36.44862297700089], [-119.55875629107892, 36.44812254675553], [-119.55884133189194, 36.448043974036935], [-119.55907267682367, 36.44799881434249], [-119.5590847205367, 36.448007549149764], [-119.55996122472573, 36.448643277603345], [-119.5600416913173, 36.44870163945741], [-119.5607374688442, 36.449206274333314], [-119.56090042952493, 36.449511464813064], [-119.5611671330446, 36.44995649071249], [-119.56173585016276, 36.450192264960116], [-119.56182092331511, 36.450082975208836], [-119.5628601016223, 36.45024106807472], [-119.5633440384389, 36.45017912771138], [-119.56404556518363, 36.450089333208965], [-119.56453517126796, 36.44986246666712], [-119.5646735217032, 36.449748049708845], [-119.56474686734953, 36.44968739081907], [-119.5651956854284, 36.44931621059198], [-119.56528574872216, 36.44916918087291], [-119.56530855784554, 36.44913194215395], [-119.56552727605765, 36.44877487515084], [-119.56557722059084, 36.4486933390079], [-119.56578624508272, 36.448357029513296], [-119.56578625406586, 36.44835697748626], [-119.56584658671697, 36.4480171438517], [-119.56584660288664, 36.44801709399222], [-119.56596792934891, 36.447659500859636], [-119.56571097614335, 36.44696992116082], [-119.56557588749094, 36.44660738196345], [-119.56557589647409, 36.44660732921262], [-119.56564621120465, 36.446227035042064], [-119.56569712412168, 36.44620247830827], [-119.56623006852861, 36.44594541798426], [-119.56678737344942, 36.44593096918216], [-119.5675519700119, 36.445911141186706], [-119.56788234881384, 36.4461866912647], [-119.56792336768635, 36.44622090362749], [-119.56805609017633, 36.4464283120958], [-119.56832630251547, 36.446667904519664], [-119.56852442145978, 36.44678595931845], [-119.56857256576914, 36.44681464776649], [-119.56874096395228, 36.44695632667608], [-119.56902942915968, 36.44719902179765], [-119.56905261467719, 36.44721374061938], [-119.56914598916107, 36.447273019816194], [-119.5691460197038, 36.447273039326625], [-119.56920194971171, 36.447308547569165], [-119.56949459747506, 36.44749433708884], [-119.56992817383852, 36.44761604773471], [-119.56995389530005, 36.447639121235824], [-119.57012613198445, 36.447793627020346], [-119.57032232224586, 36.448144012320455], [-119.57034906060028, 36.44851416267513], [-119.5703490623969, 36.448514214702115], [-119.57041801168822, 36.448660544745046], [-119.57084963331764, 36.449431389795215], [-119.57110101247683, 36.44961635265014], [-119.57134193704279, 36.449718364454874], [-119.57162242251552, 36.45001537545108], [-119.57165008793132, 36.45050926065693], [-119.57165008613468, 36.45050931268258], [-119.57151219384026, 36.45101914338611], [-119.57151218485711, 36.45101919613395], [-119.5715374679408, 36.45144327693564], [-119.57153747153404, 36.451443328960664], [-119.57159021162438, 36.45232790214821], [-119.57159021252266, 36.45232795489516], [-119.57170282532671, 36.45258714223755], [-119.57340096370888, 36.45350061090199], [-119.57462437570106, 36.45346738080577], [-119.57472201538593, 36.45361209383297], [-119.57549019712474, 36.4532415241567], [-119.57592376360671, 36.45303236942569], [-119.5760941255071, 36.4529501852903], [-119.57650181242407, 36.45264473304493], [-119.57654288339884, 36.45261396289404], [-119.57662702140496, 36.45254810815475], [-119.57681447555026, 36.4524013858692], [-119.57686979380546, 36.45235808786077], [-119.5769458200246, 36.452298581330034], [-119.57694576343073, 36.452298582052556], [-119.57690595369058, 36.45229877497652], [-119.57681371647384, 36.452299222242075], [-119.57680981419225, 36.452299241751234], [-119.57680985641309, 36.4522991897268], [-119.5771070855844, 36.45193395353284], [-119.57737018596143, 36.45161065202757], [-119.5777436892869, 36.45102450126792], [-119.57774369737173, 36.45102444924262], [-119.57789085219507, 36.44997917404516], [-119.57782521768715, 36.44956779482202], [-119.5775332472535, 36.44906220919948], [-119.57746583048805, 36.448945464312224], [-119.57735802995902, 36.44867627130982], [-119.57735804343373, 36.448676218560344], [-119.57751394694962, 36.448126513831674], [-119.57751396132265, 36.44812646108187], [-119.57758432276562, 36.4478783695745], [-119.5775843281555, 36.44787831754709], [-119.57758504680773, 36.44785822846707], [-119.57758504770604, 36.447858176439695], [-119.57762361507612, 36.44678006351982], [-119.57762360699128, 36.44678001293692], [-119.57741123358005, 36.44564474866072], [-119.57741122998678, 36.44564469663187], [-119.57740002440191, 36.44530150463218], [-119.57731319324655, 36.44505015370567], [-119.57729394684158, 36.44498460110793], [-119.57717194484623, 36.44456905976798], [-119.57700797895068, 36.44422563971563], [-119.57678055786009, 36.443951624062386], [-119.57649673334943, 36.443609643671486], [-119.57638689633964, 36.44350516540118], [-119.57590247353448, 36.44304436467379], [-119.57566355400827, 36.442767069797675], [-119.57547616005009, 36.44247426941154], [-119.57547616813493, 36.4424742173805], [-119.5755331365953, 36.44212015055591], [-119.57557055052858, 36.44206163921946], [-119.57577813951262, 36.44173700156449], [-119.576060453057, 36.44145605184804], [-119.57650672351372, 36.44101193399816], [-119.57650674507327, 36.44101188557949], [-119.57665201343451, 36.440723637891125], [-119.57665203768902, 36.44072359019494], [-119.5768016107771, 36.440426795838675], [-119.57767372579764, 36.440195421906346], [-119.57777563068346, 36.44019564449001], [-119.57798989594671, 36.44019611422826], [-119.5782803158882, 36.44006418993366], [-119.57897135839522, 36.43997230386151], [-119.57951447262946, 36.43994793159865], [-119.57970839194986, 36.439910760721354], [-119.579977575718, 36.439859162296436], [-119.58080160122644, 36.4396909394422], [-119.58113741753078, 36.43966275640364], [-119.58154552935088, 36.43962850501508], [-119.58209720722475, 36.43954040238142], [-119.58258276100885, 36.43946285657349], [-119.58337886687826, 36.43926499419427], [-119.58401408358196, 36.43920789355107], [-119.58461551105458, 36.43915382741587], [-119.58510843012569, 36.4391583528626], [-119.58646798988403, 36.439098870173076], [-119.58701284595162, 36.43907502591839], [-119.58800183358727, 36.43897902587152], [-119.5884958863323, 36.43883095468301], [-119.58866337991194, 36.43885436901407], [-119.58898314152553, 36.43876108889037], [-119.58950007166588, 36.43864314762925], [-119.59040082857095, 36.43834015907688], [-119.59120332415698, 36.43766037727625], [-119.5913139507859, 36.43762498025], [-119.59169488587371, 36.437213741490496], [-119.59190197629279, 36.43685995781313], [-119.59190200324224, 36.436859907946484], [-119.5919020301917, 36.436859860247935], [-119.59199770705769, 36.43669642316119], [-119.59246526399338, 36.43589766611719], [-119.59261553237748, 36.43563604238847], [-119.59301498713319, 36.43520609052569], [-119.59326863453848, 36.43493307507088], [-119.59386467032276, 36.43465664305354], [-119.59437720680307, 36.4344189331069], [-119.59573168389353, 36.43451587472622], [-119.59608399685972, 36.43533007099598], [-119.59613063110109, 36.435758848481846], [-119.59613493043804, 36.43579838534925], [-119.59614264966127, 36.435869360285025], [-119.59628185080106, 36.4371492345274], [-119.59629232425898, 36.437245528086606], [-119.59745807878294, 36.43859797812684], [-119.59740469909212, 36.4387283229502], [-119.59740468112584, 36.438728372815696], [-119.59804613034099, 36.438839895765476], [-119.59875152343469, 36.43867800072945], [-119.59892910240005, 36.43863724398502], [-119.59921992209182, 36.43849498474089], [-119.60031681446107, 36.43712892369047], [-119.60040598662604, 36.43701786876215], [-119.6006914568503, 36.43658052474844], [-119.60088810165924, 36.436439410841864], [-119.60100156157459, 36.43635799110074], [-119.60134272285487, 36.436176507571545], [-119.60209473941013, 36.4357764581672], [-119.60325112001412, 36.4354527200209], [-119.60367947896243, 36.43511127023364], [-119.60404259776318, 36.43496105674193], [-119.60467792316305, 36.43476542405475], [-119.60497691662557, 36.43465433105361], [-119.6050331098399, 36.43463345150113], [-119.60547800587422, 36.434617581158385], [-119.60568153267656, 36.43462013165905], [-119.60615781674528, 36.43462610137692], [-119.60659335502929, 36.43470824638299], [-119.60670735573044, 36.434729747458995], [-119.60734266675725, 36.43482385416559], [-119.60771975166573, 36.43481261507969], [-119.60802071243874, 36.4347681443909], [-119.6084131818948, 36.43461440694491], [-119.60845926726552, 36.434596353964615], [-119.60848485936964, 36.43458632974899], [-119.60859411067786, 36.43454353421149], [-119.60868137302458, 36.43450935139085], [-119.60878545542664, 36.43446858017085], [-119.60929056463617, 36.434142601163444], [-119.6095292011931, 36.43398859073114], [-119.60991578848066, 36.433818765860366], [-119.60993239294038, 36.433811471309525], [-119.61068507604558, 36.43343709218498], [-119.61120170794524, 36.433088473341385], [-119.6116385622612, 36.432564501387], [-119.6116385577696, 36.43256446019051], [-119.61154538181341, 36.43206748375004], [-119.61291790785455, 36.43055769360516], [-119.61370467393992, 36.42988106936492], [-119.61440589435912, 36.4295079086723], [-119.61524467200117, 36.42928286622968], [-119.61603834972438, 36.429188530189975], [-119.61751106756408, 36.42912717364846], [-119.61773570477561, 36.42911781440453], [-119.61776571748925, 36.429114353746286], [-119.61776579294774, 36.42911434507297], [-119.61861253415476, 36.429016732474345], [-119.61857529539297, 36.43075359636917], [-119.61857529359634, 36.43075364840807], [-119.61857216925577, 36.431358695555595], [-119.61857216925577, 36.431358747594025], [-119.618556812556, 36.43433356876048], [-119.61855681165771, 36.43433362079697], [-119.61855310520882, 36.435051443317256], [-119.61855310520882, 36.43505149535327], [-119.6185521278418, 36.43524095167394], [-119.6185521278418, 36.43524100370983], [-119.6185463920987, 36.43635180398034], [-119.6185463920987, 36.43635185601548], [-119.61854023684239, 36.43754409799524], [-119.61854023684239, 36.43754415002959], [-119.61852850035321, 36.439817196409805], [-119.61852850035321, 36.43981724916526], [-119.61852538050421, 36.44042153189499], [-119.61852538050421, 36.4404215839274], [-119.61851831166123, 36.44179052679606], [-119.61851831076295, 36.441790578827494], [-119.61851521876173, 36.44238957587631], [-119.6185152178634, 36.4423896279074], [-119.6185003830848, 36.44526240184685], [-119.6185003830848, 36.44526245387596], [-119.61849048544701, 36.44609893281781], [-119.61849048454867, 36.446098984846365], [-119.61847290272195, 36.44758490561506], [-119.61847290272195, 36.447584957642675], [-119.61846988438258, 36.44784002104025], [-119.61846988438258, 36.44784007306768], [-119.61845748224178, 36.44888815762785], [-119.61845748224178, 36.44888820965458], [-119.61845570986571, 36.44903792867061], [-119.61845570986571, 36.449037981419856], [-119.61844443690724, 36.44999067178695], [-119.6184444360089, 36.449990723812896], [-119.61843603137112, 36.450701035560144], [-119.61843603047281, 36.4507010883082], [-119.61843433894512, 36.450844021013566], [-119.61843433894512, 36.45084407303893], [-119.61842815314608, 36.45136684277553], [-119.61842815314608, 36.45136689480055], [-119.61842790521105, 36.45138773155449], [-119.61842790341443, 36.4513877835795], [-119.61812300712215, 36.45173462507491], [-119.61798699230668, 36.45188934958798], [-119.61743366871922, 36.45251878019422], [-119.61734575958552, 36.452628987053096], [-119.61722185585667, 36.452784316007445], [-119.61717348247694, 36.45280312416362], [-119.61717341240836, 36.452803152343336], [-119.6175253031664, 36.45294704723196], [-119.61805924111003, 36.45327810482518], [-119.61824958513559, 36.45345833880667], [-119.61861596032925, 36.45350412249647], [-119.61922943151488, 36.45344370065043], [-119.61983208608618, 36.4535073270069], [-119.62000863737885, 36.4535295107417], [-119.620269376085, 36.4535622747667], [-119.62038324742873, 36.45358273159237], [-119.62038329593777, 36.45358273954039], [-119.62083691910513, 36.45366423080381], [-119.62123886848237, 36.45372889744879], [-119.62144878949289, 36.45375901686429], [-119.62417829892412, 36.45160875528672], [-119.62559615125954, 36.450491723682475], [-119.63105909665812, 36.446187368358174], [-119.63257140774401, 36.444973382281944], [-119.6363912401648, 36.441906813444795], [-119.63725424537004, 36.441229920303186], [-119.64124809942771, 36.43809712259581], [-119.64233046334382, 36.437243182919495], [-119.64322591659547, 36.436536685997], [-119.64322680413099, 36.43653598569262], [-119.64386942205431, 36.436028960061805], [-119.64538914424125, 36.43482985711314], [-119.64632064508864, 36.43409484961455], [-119.65051740521274, 36.43078310023798], [-119.65428888311845, 36.427697931968076], [-119.65501295667849, 36.427105578946794], [-119.65825548139208, 36.42445275545754], [-119.65827995060206, 36.42443273620929], [-119.65959057463532, 36.423360390581124], [-119.66024751978911, 36.422822864124235], [-119.6607639998735, 36.42240026268953], [-119.66076405646737, 36.4224002164278], [-119.66092007047601, 36.422272559176214], [-119.66226323777705, 36.42117349460209], [-119.66229949827347, 36.42114382371685], [-119.66253102466491, 36.420954369856396], [-119.6625755379839, 36.420917944542516], [-119.66260558573182, 36.42089335739177], [-119.66349033555683, 36.42102437745315], [-119.66354492976993, 36.4210324625606], [-119.66373437098859, 36.42101914833621], [-119.663734434769, 36.421019143999125], [-119.6645593639826, 36.420961165400854], [-119.66459699890143, 36.420988538405915], [-119.66503613763311, 36.420962969642744], [-119.66519731785299, 36.4208333120585], [-119.66540409386171, 36.42066697727242], [-119.66540409655666, 36.42066692522677], [-119.665406302819, 36.420569528984686], [-119.6654063037173, 36.420569476216095], [-119.66540804555065, 36.420492575038615], [-119.66540804734728, 36.420492522270024], [-119.66541923586415, 36.41999843662248], [-119.66541923766077, 36.419998384576424], [-119.6654253938154, 36.419726504749455], [-119.66542539651034, 36.41972645414893], [-119.66542618882443, 36.41969150579542], [-119.66542618972275, 36.41969145374916], [-119.66542766295983, 36.41962640164141], [-119.66542766385811, 36.41962634959505], [-119.66542957637137, 36.419541945575034], [-119.66542957726968, 36.41954189352862], [-119.66543614215777, 36.41925206470809], [-119.66601700988848, 36.4188085434056], [-119.6661283776275, 36.41872350742759], [-119.66694808223943, 36.418790334223324], [-119.6669651430433, 36.4188032245032], [-119.66734224142655, 36.419088132249044], [-119.66735192885857, 36.41921005515091], [-119.66735193245181, 36.41921010719754], [-119.66735208875869, 36.41934400422358], [-119.66735208875869, 36.419344056993005], [-119.66735413152765, 36.41948928256106], [-119.66735413242596, 36.41948933460751], [-119.66735503613114, 36.419553580834005], [-119.66735503523282, 36.41955363288035], [-119.6673451834091, 36.41961559624334], [-119.66734517532426, 36.4196156482897], [-119.66732549054144, 36.41973943680004], [-119.66732548515155, 36.419739488846325], [-119.66732614271835, 36.419751668392735], [-119.66732614541327, 36.41975172116182], [-119.66733537111128, 36.41992267266586], [-119.66733537200956, 36.41992272471201], [-119.66736642856557, 36.420046770794556], [-119.66738862593625, 36.42013542758028], [-119.66739519711255, 36.420184118037355], [-119.66742295146157, 36.4203897455724], [-119.66742295685147, 36.42038979617251], [-119.66743875731898, 36.42073253595303], [-119.66743875911561, 36.42073258799864], [-119.66743686007712, 36.42082070258327], [-119.6674368591788, 36.42082075462876], [-119.66743254097722, 36.421021010404985], [-119.66743253828227, 36.42102106245041], [-119.66741300082316, 36.421124073239255], [-119.66741299094171, 36.421124125284614], [-119.66740209168235, 36.42118158764539], [-119.66740208359751, 36.42118163969066], [-119.66741103800427, 36.42141688188567], [-119.66741104069919, 36.42141693393082], [-119.66742620246458, 36.42156809092493], [-119.66742620695616, 36.421568140801455], [-119.66743700560417, 36.42166774119654], [-119.66744503025461, 36.421741690552714], [-119.66744503384788, 36.42174174187479], [-119.66746043726005, 36.42192091352198], [-119.66746044085332, 36.42192096556675], [-119.66745979765956, 36.42193555473385], [-119.66745979676128, 36.42193560677859], [-119.66745837023657, 36.42196802995109], [-119.66745836484671, 36.42196808271872], [-119.66745464132984, 36.42205262650189], [-119.66745463683829, 36.42205267926947], [-119.66737389087065, 36.4223652909628], [-119.6673738782942, 36.42236534373017], [-119.66750583631786, 36.42259133868545], [-119.66778376788027, 36.42308196064203], [-119.66802553955753, 36.423346048167176], [-119.66828765178774, 36.42358790130388], [-119.66879278345516, 36.42381518439239], [-119.66893379829351, 36.423856272023166], [-119.6689339671768, 36.42385632117539], [-119.6696982996346, 36.424079018603756], [-119.67018030597166, 36.42421945456559], [-119.6706742832582, 36.42450904149494], [-119.67082310715132, 36.4245962865793], [-119.67123460651834, 36.424837518535846], [-119.67227456096994, 36.425479201953415], [-119.67251212044684, 36.42579958811123], [-119.67261361210763, 36.42593646402782], [-119.67274840341767, 36.42635956085215], [-119.67272162374074, 36.42660079961788], [-119.67272161745257, 36.42660085165956], [-119.67270786694048, 36.42672472733527], [-119.67270785975398, 36.426724780099626], [-119.67256922365448, 36.42753790885203], [-119.67256921467136, 36.42753796089308], [-119.67233856234066, 36.42782183841885], [-119.67171597505155, 36.42827276521648], [-119.67166600446724, 36.42830569530612], [-119.67135885609854, 36.428508110246725], [-119.67135867463887, 36.42850823022869], [-119.6709771358832, 36.42875966653695], [-119.6706894180741, 36.42918515048591], [-119.6705917182021, 36.42968015269696], [-119.67059170832066, 36.42968020473657], [-119.67065382143264, 36.42999770271899], [-119.67071365372216, 36.4303035310637], [-119.67106698178463, 36.430725394907086], [-119.67141898932367, 36.43099420568969], [-119.67214715201489, 36.43095476828431], [-119.67283109693285, 36.43085670555132], [-119.67284352602314, 36.4308577058528], [-119.67284365178726, 36.43085771597147], [-119.67392461702654, 36.43094470240104], [-119.67486968243468, 36.43071563472263], [-119.67528973466152, 36.43043067712595], [-119.67534511759541, 36.430411947386965], [-119.67534559190588, 36.43041178693309], [-119.67600071168302, 36.430190235186316], [-119.67629516775506, 36.43009065222853], [-119.67698941185778, 36.42985586130143], [-119.6781662237446, 36.42947238939311], [-119.67949211374777, 36.42947658871051], [-119.68051308679742, 36.42960025958955], [-119.68128432101155, 36.42948987618759], [-119.6817108105657, 36.429250904351825], [-119.68187875869293, 36.42915679811638], [-119.68232656976036, 36.42871859451109], [-119.68275783745352, 36.428056781500736], [-119.68284105288987, 36.42794549675545], [-119.68326183814202, 36.42738277438191], [-119.68372502836715, 36.42703866968018], [-119.68382111755982, 36.42698366844178], [-119.68434836664782, 36.42668186530265], [-119.68450132548621, 36.42662110092215], [-119.68519043212379, 36.42634734403366], [-119.6853277342251, 36.426310405167875], [-119.6853279471258, 36.426310348066394], [-119.68635320603767, 36.42603451346024], [-119.68717834905036, 36.42585585582488], [-119.68718703575914, 36.425853974356286], [-119.68718726482953, 36.425853925205324], [-119.68741472185272, 36.42580467523582], [-119.68829399554777, 36.4258158570785], [-119.68932349810102, 36.42582894062751], [-119.69032103230829, 36.42576412929693], [-119.69047939271647, 36.42575383939273], [-119.69051747769124, 36.425751365218474], [-119.69169478993967, 36.4254383978008], [-119.69218993234115, 36.42525795127639], [-119.69244992724224, 36.42516320051026], [-119.69310142052055, 36.4247570342395], [-119.69317434575534, 36.424711570419994], [-119.69379783135975, 36.424378262230185], [-119.6945255152489, 36.424478896268326], [-119.69502313610224, 36.424547711648714], [-119.69522529477041, 36.42454652839246], [-119.69589722382314, 36.42454259625176], [-119.69639307050379, 36.42459855912376], [-119.69724314176557, 36.42478237767988], [-119.69734427410025, 36.42480424652809], [-119.69734441064418, 36.424804275440785], [-119.69740028495653, 36.424816357335324], [-119.69898980983434, 36.42498362723067], [-119.69983519189033, 36.42502574786934], [-119.70109061444934, 36.4253009210714], [-119.70138502560562, 36.4253990609351], [-119.70220121331322, 36.42567112690183], [-119.7028900845922, 36.42612623750035], [-119.70302821224523, 36.42624671097158], [-119.70350686696797, 36.426664186333596], [-119.70406293041704, 36.42693169279579], [-119.70486602068779, 36.427127088633874], [-119.70541909454357, 36.42706493683254], [-119.7060725380644, 36.42682557878575], [-119.70742097757784, 36.42611112508679], [-119.7076537849669, 36.42599325712259], [-119.70769972930208, 36.42596999648361], [-119.70787831797384, 36.42587957837215], [-119.70866816617895, 36.425479679008845], [-119.70905860634079, 36.42515945488689], [-119.7095061326423, 36.42470937594326], [-119.71028268667955, 36.42359799054868], [-119.71028270105258, 36.42359793995066], [-119.7105831264297, 36.42260482178439], [-119.71058314798924, 36.42260477263138], [-119.71058316505724, 36.42260472853827], [-119.71066448594665, 36.422335900272294], [-119.71066448953992, 36.4223358482278], [-119.71066872868974, 36.42192053619718], [-119.71066871970658, 36.42192048342955], [-119.71067215755917, 36.42158232524015], [-119.71067216115244, 36.421582273195156], [-119.71073953479875, 36.42080971591484], [-119.71073954198528, 36.420809664592156], [-119.71075126230477, 36.420675259756834], [-119.71075127847446, 36.42067520987973], [-119.71097894480512, 36.42008520318062], [-119.711114111611, 36.41988854774202], [-119.7113527319982, 36.41954136800463], [-119.71162648819114, 36.419210058765266], [-119.7121048267069, 36.418948166993886], [-119.71267153878536, 36.418791709851675], [-119.7131658448553, 36.41868277779528], [-119.71358961880236, 36.41867207708274], [-119.713777552648, 36.418667331410624], [-119.71382852754878, 36.418672079974286], [-119.71382869373711, 36.418672095877525], [-119.71460863262635, 36.418744754864846], [-119.71539579576714, 36.41879888653968], [-119.7167524898997, 36.4190026426138], [-119.7173789848603, 36.419010634681364], [-119.71787306724971, 36.41887813873075], [-119.71852662216163, 36.41866225755309], [-119.71951358140139, 36.418267746221886], [-119.72016757469115, 36.41802067466585], [-119.72027689966121, 36.41799530877789], [-119.72092329410202, 36.41790598377491], [-119.72137157139511, 36.417903263570764], [-119.72138943259787, 36.41790315586138], [-119.7219876629664, 36.418005486940814], [-119.72203905917708, 36.418019732752285], [-119.72252806159355, 36.41815526336966], [-119.72271067561609, 36.418206725863385], [-119.72408928235338, 36.41859522173612], [-119.72465089200101, 36.41875347850731], [-119.72472929965397, 36.41879149588111], [-119.72495082599966, 36.41886947510071], [-119.72520516061616, 36.41898731122937], [-119.7252056924188, 36.41898755700578], [-119.72583086775425, 36.419277204650456], [-119.72701731047925, 36.419964613888496], [-119.72731286519088, 36.42013558371827], [-119.72731301790448, 36.420135672630174], [-119.72751728402031, 36.42025383429311], [-119.72798405223519, 36.420523842964634], [-119.72861221716391, 36.42070837595129], [-119.72928408602952, 36.420892637429205], [-119.73002757936936, 36.42094694109172], [-119.73072648483009, 36.420907322929025], [-119.73133654241764, 36.420715188142964], [-119.73180070102661, 36.42050039997277], [-119.7322647464479, 36.42027383654721], [-119.73272678862608, 36.41983535293532], [-119.73300893688038, 36.41932949625378], [-119.73305627001103, 36.41924462276892], [-119.73305628797732, 36.41924457361384], [-119.73319738456239, 36.418761023141656], [-119.73319740073205, 36.41876097254049], [-119.73335317668717, 36.418307236336005], [-119.73335319375518, 36.41830718573454], [-119.73373613028943, 36.41719176535184], [-119.7337361527473, 36.41719171764121], [-119.73397931052504, 36.416719305732535], [-119.73436804568445, 36.4162341737416], [-119.73481581992098, 36.41583109237387], [-119.7352114783963, 36.41569858955302], [-119.735264447557, 36.415680849528165], [-119.73526459218577, 36.41568080109376], [-119.73535310498734, 36.41565115919481], [-119.73575308885076, 36.41558424873272], [-119.73637387411941, 36.41576257650207], [-119.7367711926814, 36.41618397573485], [-119.73692177637416, 36.41670109461466], [-119.73702776679787, 36.41712429886952], [-119.73710386039068, 36.417264813191935], [-119.73710392506936, 36.41726493246844], [-119.73720569700454, 36.417452864980056], [-119.73732118890904, 36.4175848710778], [-119.73732886680978, 36.41759364689821], [-119.73744133947659, 36.41772220315681], [-119.73777850325388, 36.41794381578302], [-119.7382314194471, 36.41808229010081], [-119.7388146560352, 36.41813753330338], [-119.74017135196439, 36.417878186074404], [-119.74058777409918, 36.41770263397565], [-119.74137983126161, 36.417350882326815], [-119.74169024141311, 36.4172130276659], [-119.7421863495035, 36.41708571899456], [-119.74270856083938, 36.417065378329866], [-119.74364218260911, 36.417200828203406], [-119.74402612345986, 36.41722749627227], [-119.74448755298702, 36.41725954623174], [-119.7445751315407, 36.417265628609314], [-119.74530874700565, 36.417228672411156], [-119.74537596344682, 36.417225285680495], [-119.74605935410428, 36.417091485483084], [-119.74669847668281, 36.41689908679858], [-119.74710165136212, 36.41664040194183], [-119.74716177740072, 36.41660182471807], [-119.74786930219659, 36.41594980854441], [-119.74824209046307, 36.41555497258618], [-119.74841726733338, 36.41536943480514], [-119.74873500144936, 36.41508485752153], [-119.74905137102445, 36.41465900135644], [-119.749051392584, 36.41465895364425], [-119.74920863997956, 36.41435188604864], [-119.74920865345428, 36.41435183472168], [-119.74930572091232, 36.413844996021744], [-119.74930572899716, 36.41384494397156], [-119.74938720619342, 36.41323223758276], [-119.7493872232614, 36.413232186978], [-119.74974294084255, 36.41235872062301], [-119.75040841549996, 36.41188356179547], [-119.75132001686715, 36.4112537813584], [-119.75208731735866, 36.410766194076814], [-119.75253439629915, 36.410304180353265], [-119.75274922211115, 36.40992605140814], [-119.75274924546733, 36.40992600297008], [-119.75297770051881, 36.4094536444702], [-119.75297770770534, 36.40945359314], [-119.75299483678117, 36.408922088161354], [-119.7529948385778, 36.408922036107896], [-119.7530000982138, 36.40875884023799], [-119.75300009102727, 36.40875878963032], [-119.75290756724796, 36.40822959846884], [-119.75261170082092, 36.40776051558135], [-119.75212569787918, 36.40721021741342], [-119.7515119473175, 36.40656417164158], [-119.7511250348398, 36.40615689084853], [-119.75072666614726, 36.4056295805521], [-119.75053288696405, 36.40517162050989], [-119.75044166933517, 36.40485476426773], [-119.75040918445787, 36.40474192579483], [-119.75036710287839, 36.404595743591145], [-119.75036709928511, 36.404595693703776], [-119.75034882306066, 36.40442346850842], [-119.75034881767077, 36.404423417897924], [-119.75027095799015, 36.40368975657182], [-119.75027097146489, 36.40368970668386], [-119.75042740319016, 36.40330022670448], [-119.75042742025813, 36.40330017609325], [-119.75050756525283, 36.403057891763126], [-119.75050759040568, 36.403057844766785], [-119.7507416680125, 36.4026624487333], [-119.75141745982097, 36.40183353315069], [-119.75161969843919, 36.40158546503992], [-119.75265885788176, 36.402009444307716], [-119.75265887854302, 36.402009395141675], [-119.75279752182902, 36.40170811169491], [-119.75279754608356, 36.40170806325177], [-119.75302314808566, 36.40124884659619], [-119.75344226516633, 36.40066674413358], [-119.75344227953939, 36.40066669207457], [-119.75359591391083, 36.40008632128865], [-119.75359592918218, 36.40008626922919], [-119.75370705707104, 36.39968501075984], [-119.75387420749428, 36.39958379941474], [-119.75403341052218, 36.399575635431134], [-119.75444866305047, 36.39950861640311], [-119.75498703058676, 36.399362122117594], [-119.75536598309273, 36.39920233272976], [-119.7558410831819, 36.39892031803291], [-119.75592454475662, 36.39883776279102], [-119.75622565464997, 36.39853992039213], [-119.75627054346472, 36.39849551858911], [-119.7564621406401, 36.398179536786785], [-119.75646214782662, 36.398179484726064], [-119.75648697546444, 36.39794956334675], [-119.75648698085433, 36.39794951128592], [-119.75651084100659, 36.39772854444294], [-119.75651085448133, 36.39772849455116], [-119.75657643598863, 36.39752210564783], [-119.75657645305664, 36.39752205503282], [-119.75662244949413, 36.39737730466977], [-119.75662245218906, 36.3973772526085], [-119.75660106330214, 36.39699829646019], [-119.75660105791225, 36.396998245844806], [-119.7565529890614, 36.39660515018995], [-119.7565529890614, 36.39660509812818], [-119.75657444532197, 36.39608279256153], [-119.75675704407313, 36.395752564073334], [-119.7570898519196, 36.39539991329658], [-119.757519914972, 36.39503948837693], [-119.75795917048468, 36.394714770521524], [-119.75804361751126, 36.39466954364769], [-119.75833767562963, 36.394512051299415], [-119.75836975806169, 36.3945035910353], [-119.75836982094376, 36.39450357512711], [-119.75889369595956, 36.39436542756118], [-119.75932197765273, 36.39420956229994], [-119.75941390225576, 36.394176107966224], [-119.75969584389759, 36.394052692335094], [-119.76029490520774, 36.39378417380918], [-119.76085885227175, 36.39354449120317], [-119.7617946147268, 36.39332388351574], [-119.76230567797005, 36.393105994828495], [-119.76239352332335, 36.393041047725774], [-119.76253361110032, 36.39288992199424], [-119.76289468084393, 36.39271591585369], [-119.76313150639724, 36.392504553049946], [-119.7635559783353, 36.392179909210135], [-119.76405529071629, 36.391968049609616], [-119.76461452611665, 36.391851184870944], [-119.76529786287519, 36.3916083282878], [-119.7657230867031, 36.391361169776204], [-119.76618558073388, 36.39115550011264], [-119.76647972509052, 36.391048925039904], [-119.7666043672345, 36.39100376328448], [-119.76702332800828, 36.39086990780338], [-119.76739858125194, 36.390789985619634], [-119.76779559708163, 36.390674154639434], [-119.76807494079563, 36.39058888827996], [-119.76842005106992, 36.390443581929276], [-119.76878025843085, 36.39033394555927], [-119.76928839406457, 36.390271042623695], [-119.76964075553983, 36.39011376336789], [-119.76990464014612, 36.389957056522235], [-119.76996326689651, 36.38992090882327], [-119.77016929281197, 36.389877843525994], [-119.77047889178478, 36.38986987449453], [-119.77092058532511, 36.389808295981844], [-119.77097221869103, 36.38980109781395], [-119.7714211894835, 36.389720684962924], [-119.7718922184078, 36.38963416434766], [-119.77236348448731, 36.3895714864673], [-119.77285609363965, 36.38943117082009], [-119.77318171945542, 36.38922169084236], [-119.77319310470334, 36.38921436679231], [-119.77319312536457, 36.38921431689505], [-119.77329412385029, 36.38899313575405], [-119.77351245848176, 36.388705569246795], [-119.77371776484671, 36.388590963800574], [-119.7739972145619, 36.38851760624681], [-119.77417026152668, 36.388477914416235], [-119.77429146671638, 36.388450114141044], [-119.77491731129675, 36.388362573184104], [-119.77530746759092, 36.38830041205909], [-119.77553476920558, 36.38817373939523], [-119.77570177949164, 36.38791630831302], [-119.77570179745796, 36.38791625769177], [-119.77582401504897, 36.38760551631671], [-119.7758240339136, 36.38760546569526], [-119.77595338592462, 36.387270832542875], [-119.77595340838249, 36.38727078481386], [-119.77617758385998, 36.38683418391763], [-119.77643642442595, 36.38661574044668], [-119.77644810432128, 36.386605883599344], [-119.77682171724119, 36.386364984175835], [-119.77720401148004, 36.38625517789314], [-119.7777719299959, 36.38627530605538], [-119.778524219639, 36.386300184031555], [-119.77910688310195, 36.38632021021437], [-119.77965172749145, 36.38624509753859], [-119.78002646510214, 36.38611744812916], [-119.78002647228864, 36.38611739533718], [-119.78014970677259, 36.3851747356518], [-119.78014971845067, 36.38517468285917], [-119.7801848910873, 36.38500758469722], [-119.78018489378226, 36.385007532627675], [-119.78020317629493, 36.384625935105795], [-119.7802031816848, 36.38462588303605], [-119.78025718390812, 36.38413078172486], [-119.78025718390812, 36.384130729654736], [-119.78025311274324, 36.38372543363889], [-119.78025310555672, 36.3837253830149], [-119.78024734466082, 36.3836911373277], [-119.78020606617518, 36.383445556263304], [-119.7829653897924, 36.38344652752413], [-119.789665240777, 36.38344861757896], [-119.78966525874331, 36.383448567678016], [-119.78975853081927, 36.38319761822246], [-119.789758544294, 36.3831975661517], [-119.78984329944275, 36.382833408590905], [-119.78984330662925, 36.38283335651996], [-119.78988280555231, 36.38236815514354], [-119.78988281184051, 36.382368103072224], [-119.78993070911315, 36.38200419041341], [-119.78993071270641, 36.382004138341856], [-119.78993956470521, 36.3815773132874], [-119.78993956650184, 36.38157726121555], [-119.789940604056, 36.38152721077544], [-119.78994060495432, 36.38152715870362], [-119.78994415689296, 36.38115161701215], [-119.78994415599463, 36.381151564940076], [-119.7899404585289, 36.380787995183724], [-119.78994045313904, 36.38078794528108], [-119.78986950419788, 36.380335400512735], [-119.78986949970633, 36.380335347716866], [-119.78981939167976, 36.37975747506917], [-119.78981938718817, 36.37975742516579], [-119.78978638937286, 36.37941193206133], [-119.78978640374592, 36.37941188288106], [-119.7899590599435, 36.37899348457792], [-119.79040187997126, 36.37831689574342], [-119.79040190242912, 36.378316848008915], [-119.79047344336003, 36.37815809011319], [-119.7904734649196, 36.37815804165532], [-119.79058852563278, 36.377902700164405], [-119.79058854719233, 36.377902651706385], [-119.79066862571169, 36.377724941501214], [-119.79066864457634, 36.3777248915966], [-119.79081205342493, 36.3773305296991], [-119.79072050162276, 36.37702710955261], [-119.79059293905574, 36.37680738656167], [-119.79013683833489, 36.37661250279932], [-119.78989668991332, 36.3764853330156], [-119.78973652029819, 36.376393400647565], [-119.78949981511913, 36.37616963278695], [-119.7892236316783, 36.37597831821982], [-119.78889354123555, 36.37570509384891], [-119.78875076030936, 36.37549995633065], [-119.7886556430938, 36.37536329605036], [-119.78856761358588, 36.3749704258807], [-119.7885676207724, 36.37497037380443], [-119.78860308715811, 36.37467559926724], [-119.78860309344633, 36.374675547190776], [-119.78863695633926, 36.37439409230608], [-119.78863696891568, 36.374394040229475], [-119.78876922877328, 36.373917493460446], [-119.78901703623093, 36.37349377686846], [-119.78901705958711, 36.37349372840774], [-119.78922507706758, 36.37307390230194], [-119.78922509144063, 36.37307385094772], [-119.78929296994012, 36.372790882184155], [-119.78944684056852, 36.37255378649388], [-119.79017276375971, 36.372173388587974], [-119.79090775095214, 36.37195984558321], [-119.79128466068916, 36.37192443163352], [-119.79165893476913, 36.371889265039655], [-119.79256478602018, 36.37180572487658], [-119.79288444612412, 36.371782194131605], [-119.79354447070273, 36.37173360643341], [-119.7943031410793, 36.37167488221326], [-119.79515646603903, 36.37153318529333], [-119.79520094612035, 36.371525799542255], [-119.79591404496256, 36.37133621746607], [-119.79659808240699, 36.37118855690937], [-119.79714170239278, 36.37100606686868], [-119.79729715405607, 36.370930150983995], [-119.79753777768636, 36.3708126405276], [-119.79800682582542, 36.37054718674779], [-119.79878744384105, 36.370285270567024], [-119.79885897489048, 36.370261269924235], [-119.79963673356853, 36.369910273510826], [-119.8004077288308, 36.36961893008782], [-119.80083370185368, 36.3694670217574], [-119.80139253391046, 36.369332101345854], [-119.80198717101784, 36.3690955911429], [-119.80233088980175, 36.368830966236835], [-119.80262097377329, 36.368369973423135], [-119.8026209971295, 36.36836992640582], [-119.8027959278614, 36.36799928406436], [-119.80279594582771, 36.3679992442803], [-119.80279596738727, 36.36799919870955], [-119.80281573301848, 36.36795731913366], [-119.80281575457803, 36.36795727066943], [-119.80284289717434, 36.36789196041792], [-119.80284291873393, 36.367891911953656], [-119.80290000217865, 36.36775455908375], [-119.80290002373823, 36.367754510619406], [-119.8029120000776, 36.367725690971234], [-119.80291202163716, 36.367725642506876], [-119.80295238743443, 36.36762851626444], [-119.80295240180749, 36.367628464906616], [-119.80302270755489, 36.36730016337774], [-119.80302271563973, 36.36730011057297], [-119.8030916694226, 36.366840665352825], [-119.80336006446996, 36.366421550575325], [-119.80376242258065, 36.36612671760385], [-119.80441531363758, 36.36582422451385], [-119.80531749706729, 36.36539484831894], [-119.80560984928493, 36.36526883495219], [-119.80597793127765, 36.36511017918702], [-119.80605581072122, 36.36509081666273], [-119.80639699356107, 36.365005990274696], [-119.80682224972836, 36.36478848881562], [-119.80686806201123, 36.364757081275734], [-119.80730528822968, 36.36445732663767], [-119.80779600373343, 36.36415591936435], [-119.80851432627901, 36.363769497277794], [-119.8090344508285, 36.36346192190291], [-119.80959073975471, 36.3630885203149], [-119.80970077080062, 36.36302059670073], [-119.81000086290273, 36.36283534294505], [-119.81063883653606, 36.362520994329586], [-119.81140934311483, 36.36219381422313], [-119.81189259631347, 36.3618864771306], [-119.81238128162468, 36.36139429614961], [-119.812824237298, 36.36092975217663], [-119.81283329950259, 36.36092025016283], [-119.81330242130353, 36.360672618665966], [-119.81376032763814, 36.36058497120744], [-119.81404535589127, 36.36053041412687], [-119.81467136755825, 36.36048438969876], [-119.81515691056258, 36.36039759710681], [-119.81540648949797, 36.36030050078198], [-119.81578691074945, 36.36002962238178], [-119.81612467549962, 36.35990807251708], [-119.81655125488535, 36.359821680058225], [-119.8169195623552, 36.35980126219187], [-119.81739804280475, 36.359744315819995], [-119.81784585117727, 36.35957431200945], [-119.81826991258524, 36.35924947210059], [-119.81836494805408, 36.35918132666047], [-119.81878197206012, 36.35888229350846], [-119.81878759820874, 36.358880202793515], [-119.81928854103198, 36.3586939951024], [-119.81976653459466, 36.358591735678], [-119.82033306611177, 36.358498401852685], [-119.82035250295955, 36.35849363152649], [-119.8207270743819, 36.3584017032182], [-119.82072718217972, 36.358401676451074], [-119.82108503595461, 36.358163157317136], [-119.8210850638024, 36.358163094378085], [-119.82108508985354, 36.35816304229063], [-119.82115356483438, 36.3580277362186], [-119.82115357291923, 36.35802768485444], [-119.82115565072249, 36.357994228700456], [-119.82115565431573, 36.35799417661288], [-119.82116616640118, 36.357824960423514], [-119.82116616640118, 36.35782490833577], [-119.82116489438675, 36.357704511811214], [-119.82103999262965, 36.357643713022064], [-119.82084990642058, 36.35755052347192], [-119.82045815022687, 36.35733205635607], [-119.8201530006097, 36.35716188377756], [-119.81967668599826, 36.356724025798094], [-119.81933366071375, 36.356344861399975], [-119.81931266978052, 36.356315454421754], [-119.8191649975276, 36.35610856637964], [-119.81910924179286, 36.356030452566145], [-119.81910924628443, 36.35603040047726], [-119.81913494888136, 36.355672587813366], [-119.81913496864428, 36.35567253861802], [-119.81932964614276, 36.35526586660423], [-119.81977629568857, 36.354988557147564], [-119.82027116051059, 36.35489601119881], [-119.82043828757762, 36.35486475593574], [-119.82100535718556, 36.35482506646499], [-119.82126202742178, 36.35470406265014], [-119.82126204898135, 36.35470401345423], [-119.8214134429545, 36.35438705788068], [-119.82141345014102, 36.35438700651412], [-119.8214408730117, 36.3533851584281], [-119.82144087480833, 36.35338510633743], [-119.8214491599702, 36.35308242336514], [-119.82144916176684, 36.35308237127427], [-119.82145066195336, 36.353027590442196], [-119.82145066644493, 36.35302753835124], [-119.82155829359911, 36.35205512911879], [-119.82155829629407, 36.35205507702724], [-119.82156458180611, 36.3518618944242], [-119.82156458270441, 36.35186184233247], [-119.82159166601193, 36.35102952878525], [-119.82159166152037, 36.3510294788635], [-119.82151309306896, 36.35035872794187], [-119.82144584698344, 36.34978459460238], [-119.82142703176982, 36.34970847496492], [-119.82121488473399, 36.34885024420023], [-119.82104104994674, 36.34857747444827], [-119.82081772158055, 36.348227038643856], [-119.82046080654517, 36.34792547156345], [-119.82010377113548, 36.347611982344915], [-119.82001457381766, 36.347382271780596], [-119.81986136434932, 36.346987703271644], [-119.81986136524763, 36.34698765117665], [-119.8198583478066, 36.34670157326828], [-119.82024712339019, 36.346531969311364], [-119.82071216773807, 36.346606252803305], [-119.82112816227476, 36.34666195488437], [-119.82126616057042, 36.34668043203402], [-119.8215165497862, 36.346713957445935], [-119.82216606587258, 36.346810805178244], [-119.82253506774013, 36.34686190248874], [-119.82284853396024, 36.34674359813796], [-119.82295344191405, 36.34670400582307], [-119.82305873165188, 36.346544965635445], [-119.82305876488954, 36.346544912093094], [-119.82305879543226, 36.346544864339094], [-119.82325082020571, 36.346254834231246], [-119.82325082379899, 36.34625478213576], [-119.82327760886581, 36.345722887068526], [-119.8232776034759, 36.34572283641982], [-119.82322682440785, 36.34543049655435], [-119.82322681542469, 36.34543043866987], [-119.82322680823816, 36.34543038585032], [-119.82318287433256, 36.34517748315661], [-119.82317087643364, 36.34510840503081], [-119.82315281670319, 36.34503709032151], [-119.82299245574684, 36.344403804647214], [-119.82299245035698, 36.344403753274065], [-119.82297267664092, 36.34418499384439], [-119.82297267214933, 36.34418494174752], [-119.82295738731479, 36.34401585038455], [-119.8229573828232, 36.34401579828756], [-119.8229390320386, 36.34381279931273], [-119.82293902934364, 36.34381274649203], [-119.82292244374855, 36.34335984411197], [-119.8229224455452, 36.343359792014596], [-119.82295326584426, 36.342930402598185], [-119.8232311237448, 36.34249593198495], [-119.82327800771779, 36.34242262141004], [-119.82376387321732, 36.342099717882135], [-119.82432697137337, 36.341833504803176], [-119.82479173005697, 36.341744430920976], [-119.8252167472724, 36.3417987081141], [-119.82572641722862, 36.342052697754895], [-119.82576053793805, 36.34207132795155], [-119.8258771419569, 36.342134995621706], [-119.82587717699118, 36.342135015882135], [-119.82610590153725, 36.34225990173033], [-119.82650658249332, 36.34224280485629], [-119.82710625825112, 36.342090783756284], [-119.82762295033791, 36.34189641579408], [-119.82821123815286, 36.341782621993616], [-119.82868744496646, 36.341648062417114], [-119.82883422968388, 36.341606584003266], [-119.82913759075534, 36.34130877712743], [-119.82913759255196, 36.34130872502864], [-119.82912635642441, 36.34080809327666], [-119.8289345301786, 36.34051429933573], [-119.82893451221231, 36.340514271115275], [-119.8288736504535, 36.34042105599543], [-119.82885667498955, 36.34039505913023], [-119.82885667319293, 36.340395007030835], [-119.82883599577173, 36.340113819629366], [-119.82913955087928, 36.339835090755585], [-119.82947375111442, 36.33966583509557], [-119.8300277223872, 36.33965242444238], [-119.83048686031206, 36.33967745987884], [-119.83057036410763, 36.33968201210438], [-119.83091676526098, 36.33959870148596], [-119.83099044238561, 36.33957379772132], [-119.83112852961447, 36.33950959610341], [-119.83128025416764, 36.33936545776451], [-119.83137867179353, 36.33919784730508], [-119.83137866640367, 36.339197822702175], [-119.83132911982415, 36.338974043398764], [-119.83110873254225, 36.33876097371944], [-119.83079947403094, 36.338505604254344], [-119.83050195560213, 36.338245380615746], [-119.8303583518191, 36.338046080240204], [-119.83032074295141, 36.33783650024314], [-119.83032075732446, 36.337836474192635], [-119.83041911116999, 36.33766412285087], [-119.8308242846008, 36.3375182125468], [-119.83125364067902, 36.33748478520788], [-119.83129546713698, 36.3374815295982], [-119.83165511664413, 36.33748854735808], [-119.83189231589658, 36.33762042294718], [-119.8319830816729, 36.33783916825345], [-119.83200367105921, 36.3381108149279], [-119.83200367105921, 36.33811086702884], [-119.83191879284126, 36.33844048275763], [-119.83191878026487, 36.338440534858286], [-119.83193524279076, 36.33857418459782], [-119.83194460503265, 36.33865019716981], [-119.83208124777052, 36.33874939221643], [-119.83228201135505, 36.33878136815947], [-119.83244633837333, 36.33871344793821], [-119.83259677923397, 36.338450088098604], [-119.8328980651971, 36.33796151889488], [-119.8328980894516, 36.33796147041198], [-119.83307116246752, 36.33761215476924], [-119.83307118941697, 36.33761210918064], [-119.83320453443945, 36.33740614472043], [-119.8333915124776, 36.33725221898809], [-119.83368530289803, 36.33716431070393], [-119.83386807502407, 36.337167796441996], [-119.83417611002994, 36.33730870638709], [-119.83448404262785, 36.337440079357826], [-119.834785775952, 36.33754287961838], [-119.83499207495531, 36.337541428742114], [-119.83520339554107, 36.33745886479098], [-119.83538437373147, 36.33729544005441], [-119.83563521030824, 36.33705044703338], [-119.83621652899323, 36.33684127900059], [-119.83672649898678, 36.336575380821365], [-119.83728310411995, 36.336261459486984], [-119.83779793310087, 36.33590013964564], [-119.83797340282193, 36.33577309003069], [-119.83813716749486, 36.33565451555814], [-119.83840726574797, 36.3355572248287], [-119.83871903594878, 36.33549779308286], [-119.83904946505639, 36.33552884192068], [-119.83929830467828, 36.335646311576035], [-119.83950629700593, 36.33580222399347], [-119.83959723436043, 36.33603526997602], [-119.83961302045493, 36.33616968294287], [-119.83962969408492, 36.33631165193239], [-119.83964971483763, 36.33637914947143], [-119.83967036261444, 36.336448754913086], [-119.83967036980097, 36.3364487795168], [-119.83970310351162, 36.33655913007981], [-119.83987014973027, 36.336743946335226], [-119.84004728492789, 36.33677130774976], [-119.84029520108169, 36.33680293715959], [-119.84048304060423, 36.3367300698806], [-119.84065180530004, 36.33652856938502], [-119.84065182506296, 36.336528519453985], [-119.84074394100713, 36.33632761037482], [-119.84084598962342, 36.33625503644946], [-119.84087263545138, 36.33623608573579], [-119.84108466840117, 36.33622027634472], [-119.84138625170664, 36.33630875230481], [-119.84163561324972, 36.336473906437845], [-119.84192762949745, 36.33676752457942], [-119.84205681262522, 36.336913208344676], [-119.84222600941067, 36.33710401833721], [-119.84235790455223, 36.337308157151014], [-119.84250660537617, 36.33743110055596], [-119.84252337782084, 36.337465679936585], [-119.84258498428301, 36.33759269133306], [-119.84252161891952, 36.3377266334256], [-119.8425215991566, 36.33772668263224], [-119.84238768550054, 36.337880247061314], [-119.84231272647996, 36.33801855862877], [-119.84226054693836, 36.33811483755245], [-119.84222218797746, 36.33838213285458], [-119.84222217989262, 36.33838218495534], [-119.84230614811716, 36.338515126370964], [-119.84250800315475, 36.33864723033278], [-119.84278994569489, 36.33855461430634], [-119.8430887981219, 36.33839034016661], [-119.84345806678914, 36.33819694999117], [-119.8435844588513, 36.33814813147434], [-119.84372222358493, 36.338094919806075], [-119.8441105724688, 36.33803015977825], [-119.84445864538688, 36.33805629998683], [-119.84459653408805, 36.338074415919046], [-119.84487186592601, 36.33811058915729], [-119.84511921793778, 36.3380897509601], [-119.8454894675653, 36.337986962275636], [-119.84564961651922, 36.33789378103601], [-119.84568862765704, 36.33787108378557], [-119.84595628518753, 36.337549641208156], [-119.84630770522836, 36.337342061438555], [-119.846578423319, 36.33730197806353], [-119.84696227523655, 36.33736600782972], [-119.84732875732973, 36.33745877578451], [-119.84765299165515, 36.33746122961326], [-119.84798875406057, 36.33743975517158], [-119.84823599198631, 36.3373356175048], [-119.8482997427271, 36.33730876500125], [-119.84834103828071, 36.33728418252038], [-119.84872141731135, 36.337057754285524], [-119.8488839548856, 36.33682767175582], [-119.84888395308897, 36.33682762037773], [-119.84886387753899, 36.3366084315353], [-119.84882246789934, 36.33656398858661], [-119.84864318662653, 36.336371551975944], [-119.84838186581206, 36.336192191095], [-119.84814375836284, 36.33597927879663], [-119.84814376644769, 36.33597922669427], [-119.84815802091461, 36.335879834183096], [-119.84815802810114, 36.33587978208071], [-119.84817114709755, 36.33578831553075], [-119.84843862945654, 36.33545256217093], [-119.84876562430479, 36.33516884296266], [-119.84896920770103, 36.33491938988994], [-119.84925629489277, 36.33475995295342], [-119.84949033477037, 36.3346008956102], [-119.84949035273668, 36.33460084495425], [-119.84955913134809, 36.33442394115717], [-119.84953626113929, 36.33438505682988], [-119.84943901311988, 36.3342197289317], [-119.84930110735073, 36.33395159581824], [-119.8492703858663, 36.33389186180364], [-119.84924446408047, 36.33367743437651], [-119.8492444775552, 36.33367738227261], [-119.84931811245904, 36.33340506377067], [-119.84962047819715, 36.33302613534497], [-119.84983557979194, 36.33275275149009], [-119.85010461084647, 36.33256005796734], [-119.85051008611121, 36.33244746123712], [-119.85095201950179, 36.33243475564947], [-119.85146384451636, 36.33234524043073], [-119.85174638174122, 36.3323098287188], [-119.85197654449004, 36.33233539624709], [-119.8522303050831, 36.3323635849258], [-119.85262013439052, 36.332437093124604], [-119.85294940467139, 36.332363189074364], [-119.85320553951173, 36.33207042781339], [-119.85352634586599, 36.33176289364115], [-119.8537194800588, 36.33163750609382], [-119.85402548487214, 36.331592382216876], [-119.8542199791143, 36.33159098188762], [-119.85448540972119, 36.331608148402424], [-119.8547504190182, 36.33158716372887], [-119.85510362670647, 36.33154646587893], [-119.85531517187104, 36.331487712061175], [-119.85565590734988, 36.33138510354707], [-119.85622129082005, 36.3313873614482], [-119.85660949058354, 36.33131302218999], [-119.85672746543149, 36.331243545317925], [-119.85685545110498, 36.33116817177202], [-119.85685545739318, 36.33116811966644], [-119.85688765840284, 36.33088178825112], [-119.8568500324672, 36.330790218134446], [-119.85681206247672, 36.33069780697929], [-119.8567184912618, 36.33047007287054], [-119.85670595706864, 36.33043956623522], [-119.85656009312439, 36.33004000665797], [-119.85652094544263, 36.32969690827845], [-119.85638982734373, 36.329105536602235], [-119.85637934310606, 36.32902504002891], [-119.85636912027812, 36.328961529543115], [-119.85636911668487, 36.32896147743612], [-119.85634913994959, 36.32853100340696], [-119.85634913635633, 36.328530951299626], [-119.85633664618061, 36.32827587324599], [-119.85650989975788, 36.32795270843068], [-119.85691072803766, 36.32761485073422], [-119.85713766403799, 36.32742356589616], [-119.85803259986002, 36.327071333425266], [-119.85816003486623, 36.32703160952386], [-119.85968763348158, 36.3265554212253], [-119.8602645809644, 36.326375567318095], [-119.86190904141509, 36.32585094829023], [-119.86249533047852, 36.32557246077306], [-119.86300477405929, 36.325008378467494], [-119.86342938793115, 36.32476683020398], [-119.86404576067515, 36.3247200398984], [-119.86429797975914, 36.32470089313799], [-119.86469577352989, 36.32469799524954], [-119.8648999147799, 36.32450574066347], [-119.86489992466137, 36.32450568782968], [-119.86492356113312, 36.32438656714602], [-119.8649235710146, 36.32438651503592], [-119.86502547949368, 36.323872906870015], [-119.86502548488357, 36.323872854759614], [-119.86511772838853, 36.32289455119158], [-119.86511773018516, 36.322894499080476], [-119.86512501103056, 36.3225932877162], [-119.86512501821706, 36.322593235604906], [-119.86514979644754, 36.32245622693927], [-119.86553960509373, 36.322084786252354], [-119.86559434842715, 36.32203262176863], [-119.86601840534352, 36.32174337615491], [-119.86624005835169, 36.32180137301367], [-119.86662509963864, 36.321977406544136], [-119.86690502007107, 36.3219753626073], [-119.86709601088364, 36.32192627553795], [-119.86798777565271, 36.32129976111096], [-119.86877639945412, 36.32067399583229], [-119.86877642101368, 36.320673946614896], [-119.86900678139186, 36.32019538379613], [-119.86898922292133, 36.32011463337714], [-119.8688825273201, 36.319623996387485], [-119.8686860801405, 36.319184283588655], [-119.86851869705362, 36.31870858874432], [-119.86851870064687, 36.31870853663041], [-119.8685303688641, 36.31843427233462], [-119.86854686283102, 36.31840696093725], [-119.868834138669, 36.31793128740612], [-119.86883415214373, 36.31793123529175], [-119.86893312762342, 36.31756094996243], [-119.86893313301329, 36.31756089784775], [-119.86893598157107, 36.317489619442604], [-119.86893598336769, 36.31748956732788], [-119.86895638410779, 36.317219297112835], [-119.86895638320948, 36.317219244997936], [-119.86894309263486, 36.31702519209051], [-119.86894308904161, 36.31702513997546], [-119.86889813734479, 36.31636883619604], [-119.86879768323816, 36.31598810655134], [-119.86829095256951, 36.31546720469927], [-119.86797773338616, 36.31512372873671], [-119.86797774147097, 36.315123676620445], [-119.867999706178, 36.31498252822074], [-119.8679997133645, 36.31498247610433], [-119.86804646438684, 36.31468207454302], [-119.86846580784294, 36.313975551473696], [-119.8690193254665, 36.313411117407895], [-119.86901934612777, 36.31341106818589], [-119.8691777631298, 36.31308803644731], [-119.86917776582472, 36.31308798505357], [-119.86914265517186, 36.31251374492505], [-119.8691426515786, 36.31251369280706], [-119.86911331529637, 36.31203387175586], [-119.86911331439804, 36.312033819637485], [-119.8691029729925, 36.31044906400757], [-119.8691029729925, 36.310449011888146], [-119.86908854604903, 36.30823777185344], [-119.86908854515072, 36.30823771973259], [-119.86905711399724, 36.30700754920689], [-119.86905710950566, 36.307007498533], [-119.86899147859101, 36.30640711058227], [-119.86899148667585, 36.30640705846013], [-119.86902557235098, 36.30626986425415], [-119.8690255849274, 36.30626981213199], [-119.86908169190342, 36.30604399018638], [-119.86908171256468, 36.30604394240755], [-119.86944205916448, 36.30533788907308], [-119.86935834695979, 36.305138524798565], [-119.86930666867813, 36.305015454430425], [-119.86922405062144, 36.30447714027395], [-119.86905870760854, 36.30397029139238], [-119.86905870940518, 36.30397023926863], [-119.8690767601525, 36.30234523359867], [-119.87091956592299, 36.302399930621476], [-119.87115783506894, 36.30240700149372], [-119.87115787639145, 36.302407002941656], [-119.88271126107578, 36.30274924411974], [-119.8826010431803, 36.31016475283147], [-119.88260104048538, 36.3101648049511], [-119.88717724808721, 36.31019435024377], [-119.88717725078213, 36.31019429812417], [-119.88724403872688, 36.3012189100409], [-119.88724403872688, 36.301218857915295], [-119.88725852136591, 36.29927244784381], [-119.88725852136591, 36.29927239571697], [-119.88725878547059, 36.299236811873264], [-119.88992330807923, 36.29925805285976], [-119.891542664211, 36.29927093326837], [-119.89579476594653, 36.29930464921742], [-119.89593201864044, 36.29930407654597], [-119.89603075876154, 36.29930485772482], [-119.90476138619321, 36.299268145204174], [-119.90476146075339, 36.299268144480166], [-119.90490185126262, 36.299267549364934], [-119.90494838579095, 36.29926699624075], [-119.90495564507677, 36.306704656328854], [-119.90495564417847, 36.30670470845074], [-119.90496262229158, 36.31385231264309], [-119.90496262229158, 36.31385236476025], [-119.90503058882597, 36.32167620972971], [-119.90503058882597, 36.321676262565425], [-119.90510149734294, 36.32836895888059], [-119.90510149824125, 36.32836901098805], [-119.9050541830769, 36.329850100633415], [-119.90505418128028, 36.32985015273987], [-119.90513733113961, 36.329999681428575], [-119.90519884058375, 36.34268560385564], [-119.90519884058375, 36.34268565595345], [-119.90519993652839, 36.34268653727544], [-119.90520087526785, 36.34289873949765], [-119.90520087526785, 36.34289879159539], [-119.90520681762345, 36.34608285678176], [-119.90520681762345, 36.34608290887737], [-119.90510062597711, 36.35034241785449], [-119.9051006250788, 36.350342469947186], [-119.90498024364419, 36.35463516516219], [-119.90498024094924, 36.35463521725207], [-119.90504666866956, 36.35465785390927], [-119.90505778262626, 36.35561180624698], [-119.90505778262626, 36.35561185833621], [-119.9051573788418, 36.35599581342401], [-119.9053154814335, 36.356502430322585], [-119.90554896076236, 36.356946915616064], [-119.90595472977621, 36.35748241995089], [-119.90637827285624, 36.35791006520558], [-119.90674295382732, 36.3581842759005], [-119.90714532361609, 36.35842741844287], [-119.90802580734184, 36.358882344148604], [-119.91287229106322, 36.361366392150146], [-119.9128874941511, 36.361368785906116], [-119.91369158514505, 36.361793480745455], [-119.91432301365319, 36.36209639099194], [-119.91464896915066, 36.362309318690386], [-119.91495608068841, 36.36253778075391], [-119.91522460060156, 36.36272037457087], [-119.91543622930948, 36.36291879435858], [-119.91572577339353, 36.36327049940494], [-119.91607366305529, 36.36372947235649], [-119.91858784721126, 36.36717247057589], [-119.91961260935474, 36.36854950828961], [-119.91996091134322, 36.369039242538136], [-119.92048227736446, 36.369681522060844], [-119.92152458989368, 36.37051950592054], [-119.9226202812154, 36.37132246363024], [-119.92350882462584, 36.37210192435595], [-119.9252737293932, 36.37350197686275], [-119.92852213537695, 36.37611179575232], [-119.92958882818297, 36.376969735320365], [-119.93224088127714, 36.37910265308952], [-119.93247576826607, 36.37910170130202], [-119.9324771211289, 36.37910278905913], [-119.94129102328571, 36.37906672382634], [-119.94129102418403, 36.379066671029605], [-119.9413054403477, 36.37786151735098], [-119.9413054403477, 36.37786146527665], [-119.94130437674241, 36.37742460180431], [-119.94130437674241, 36.377424549729746], [-119.94131548800416, 36.375198824730916], [-119.94131548800416, 36.37519877265486], [-119.94133057071778, 36.37190409216696], [-119.94133057071778, 36.371904040088644], [-119.9413305725144, 36.3719037760806], [-119.94604729459299, 36.3718888426267], [-119.94750030698864, 36.371884204763774], [-119.95464861492941, 36.371861129727876], [-119.95850799118902, 36.371848494222434], [-119.958894608121, 36.37184722191975], [-119.95891246483221, 36.37184712354956], [-119.95914600344989, 36.37184584763023], [-119.95914857981813, 36.371845834610646], [-119.95914869749743, 36.37184583316405], [-119.9591117740443, 36.37544992801744], [-119.95911177314599, 36.37544998515631], [-119.95911177224767, 36.375450043018446], [-119.95911177224767, 36.37545010015731], [-119.95911177224767, 36.375450157296164], [-119.95911177224767, 36.375450212988504], [-119.95911177224767, 36.375450268680794], [-119.95911177224767, 36.37545032364983], [-119.95911177134936, 36.37545037789559], [-119.95911177134936, 36.375450431418066], [-119.95911177134936, 36.37545048494053], [-119.95911177134936, 36.375450537016484], [-119.95911177134936, 36.37545058909242], [-119.95911177134936, 36.375450640445074], [-119.95911177134936, 36.375450691074434], [-119.95911177045105, 36.37545074098052], [-119.95911177045105, 36.375450790886596], [-119.95911177045105, 36.37545083934615], [-119.95911177045105, 36.375450887805705], [-119.95911177045105, 36.37545093554196], [-119.95911177045105, 36.37545098327823], [-119.95911177045105, 36.3754510302912], [-119.95911177045105, 36.375451076580944], [-119.95911177045105, 36.37545112287063], [-119.95911177045105, 36.37545116771379], [-119.95911177045105, 36.37545121255695], [-119.95911177045105, 36.375451256676826], [-119.95911177045105, 36.375451300796705], [-119.95911177045105, 36.37545134419329], [-119.95911177045105, 36.37545138758992], [-119.95911177045105, 36.375451429539986], [-119.95911177045105, 36.37545147221327], [-119.95911177045105, 36.375451513440055], [-119.95907445982404, 36.37909250454616], [-119.95907445982404, 36.379092556619604], [-119.95910462974284, 36.38622767260236], [-119.95910462974284, 36.386227724671095], [-119.95910485162673, 36.386227725394285], [-119.96786335198503, 36.38626442659377], [-119.96794586853208, 36.38626476937931], [-119.97465828694754, 36.38625243054647], [-119.97681166546455, 36.38649851403007], [-119.97685203665175, 36.386503126433695], [-119.98579108490743, 36.38650628164161], [-119.98582073560002, 36.39017335589672], [-119.98582073560002, 36.390173407962756], [-119.98584954996107, 36.39377455866507], [-119.98584954996107, 36.393774610728734], [-119.98608581945722, 36.39377265255679], [-119.9860858347286, 36.3937745868662], [-119.9860858347286, 36.393774638929884], [-119.99503492794575, 36.39370009747951], [-119.99503492794575, 36.393700045415784], [-119.99501709369243, 36.39190782210775], [-119.99501709369243, 36.39190777004283], [-119.9950170505733, 36.39190353615353], [-119.9950170505733, 36.3919034840886], [-119.99499980741142, 36.390170373668056], [-119.9949998056148, 36.39017032160197], [-119.99499857043126, 36.3900804403293], [-119.99499856953298, 36.39008038826321], [-119.99494845521819, 36.38643475247576], [-119.99494856481269, 36.386434751029434], [-119.99685584806099, 36.386425835732574], [-119.99686884219156, 36.3864257749859], [-120.00385971498888, 36.38639283292615], [-120.00385971498888, 36.386392780857534], [-120.0038579048836, 36.38413153384868], [-120.0038579048836, 36.3841314810554], [-120.00385790039202, 36.38412463600481], [-120.00385790039202, 36.38412458393472], [-120.00385391187216, 36.379124056010134], [-120.00385391097385, 36.37912400393665], [-120.0038523973126, 36.379037608222866], [-120.00385239641426, 36.379037556149335], [-120.00378883791299, 36.37541052533689], [-120.00378883791299, 36.375410473260914], [-120.00378903374572, 36.37539039436236], [-120.00378903374572, 36.37539034228644], [-120.00382376441122, 36.371811564886414], [-120.00382376441122, 36.37181152510429], [-120.00587742633847, 36.37181177392315], [-120.00589066031922, 36.37181177536979], [-120.0127983877488, 36.371812351125], [-120.02171682955019, 36.37181296521567], [-120.02171866750325, 36.37181296521567], [-120.02171469784801, 36.37357384485336], [-120.02171469784801, 36.3735738969305], [-120.02171667773491, 36.37630170829621], [-120.02171667773491, 36.37630176109481], [-120.02167045851523, 36.377692144022994], [-120.0216704567186, 36.37769219609744], [-120.02165863668608, 36.37911524763824], [-120.02165863668608, 36.37911529971173], [-120.0216888946398, 36.38269996429023], [-120.0216888946398, 36.38270001636126], [-120.02168350384979, 36.38486768604859], [-120.02168350384979, 36.38486773811822], [-120.02168348947676, 36.3848738215852], [-120.02168348947676, 36.38487387437803], [-120.02167972912896, 36.38638666279695], [-120.02167972823062, 36.38638671486557], [-120.02144346681935, 36.38638671486557], [-120.02144346592102, 36.38638675825605], [-120.01696210873511, 36.38638669389352], [-120.0146235083863, 36.38636760568607], [-120.01461051156075, 36.38636750010248], [-120.01275730599421, 36.386352340902086], [-120.01275543300686, 36.386352325715414], [-120.01273611114344, 36.393568787643545], [-120.01273611114344, 36.39356884043047], [-120.01273477265366, 36.3946893341141], [-120.01273477265366, 36.394689386177106], [-120.01272985976735, 36.39880356786718], [-120.01272985976735, 36.39880362065056], [-120.01272757445327, 36.40071681551262], [-120.01272757355495, 36.40071686757164], [-120.01249296234882, 36.4007191733517], [-120.00855855879668, 36.4007577707546], [-119.99689479811337, 36.40080352479777], [-119.99514661548504, 36.400810283784026], [-119.9951044413791, 36.4044065291699], [-119.99510444048076, 36.404406581226446], [-119.99506612014738, 36.40803850376697], [-119.99506611924906, 36.40803855654408], [-119.99506890672139, 36.408038538469704], [-119.99506764818167, 36.4081577220227], [-119.99506764728339, 36.408157774799676], [-119.99787799610702, 36.40813972145148], [-120.00409603209577, 36.40813135015053], [-120.00412087051336, 36.41520650115987], [-120.00412087051336, 36.415206553209195], [-120.0041219952041, 36.41520655031756], [-120.00412241202238, 36.41532571781303], [-120.00412241202238, 36.41532576986228], [-120.00988539921744, 36.41531565424097], [-120.01313582730889, 36.41530982689645], [-120.01329869995472, 36.41528921033944], [-120.01764014363684, 36.41537853690625], [-120.02206146012412, 36.4153461464049], [-120.0221052583841, 36.418915841594035], [-120.02210525928243, 36.41891589364086], [-120.02210839799602, 36.42250352391963], [-120.02210839799602, 36.42250357668691], [-120.02210986404657, 36.42250359837207], [-120.02210996825113, 36.422622741659886], [-120.02210996825113, 36.42262279370424], [-120.02661811499547, 36.422691136548394], [-120.03113024846303, 36.42267410577864], [-120.03112722024221, 36.42615081287487], [-120.03112722024221, 36.42615086491685], [-120.0311241758517, 36.429497850551954], [-120.03112417495336, 36.42949790259169], [-120.0311258682777, 36.42949791054219], [-120.03112575958156, 36.42961706694886], [-120.03112575778492, 36.429617119711295], [-120.03648312059488, 36.42964090904981], [-120.03867690533338, 36.42965058119117], [-120.04897044595087, 36.4296936887728], [-120.04928375406747, 36.42973488170847], [-120.05047692876717, 36.429732599918324], [-120.05199984805824, 36.42973014104905], [-120.05356355535477, 36.42972730127897], [-120.0580574961412, 36.42971766384028], [-120.066970177945, 36.42966833609403], [-120.10090288885736, 36.42938134148697], [-120.10115575293173, 36.429377660394096], [-120.10115209948349, 36.429454799960745], [-120.10115209678854, 36.42945485200051], [-120.10115690187699, 36.42950821512839], [-120.10115690547025, 36.42950826716812], [-120.10115379011282, 36.429574015700965], [-120.10115378831621, 36.42957406774065], [-120.10116589311465, 36.429708512103076], [-120.10116589760625, 36.429708564142615], [-120.10118705562614, 36.43095826210745], [-120.10118705652445, 36.43095831486898], [-120.10227068167526, 36.43096602310678], [-120.10303318246821, 36.430971440916956], [-120.10305384910963, 36.43097146982737], [-120.10329023808171, 36.43097179796043], [-120.10330298248066, 36.4309718153067], [-120.103376308364, 36.43097191649311], [-120.10337825770819, 36.43097191938414], [-120.10337609905656, 36.43199031714685], [-120.10337609905656, 36.4319903691849], [-120.10337363138447, 36.433154952422804], [-120.10337363138447, 36.43315500446008], [-120.10336896822984, 36.43539459320272], [-120.10336896822984, 36.43539464523852], [-120.10336688862996, 36.436394087565134], [-120.10336688862996, 36.4363941396002], [-120.10336626070756, 36.43669607481652], [-120.10336626070756, 36.43669612685143], [-120.10335243653365, 36.439052807697415], [-120.10335243653365, 36.439052859730744], [-120.10334218406133, 36.440800992377326], [-120.10334218406133, 36.44080104440944], [-120.10332361857935, 36.44396812552824], [-120.10332361768104, 36.44396817828086], [-120.10308719277634, 36.44396581958679], [-120.10303796869205, 36.44396532963746], [-120.10290354569123, 36.443966553788144], [-120.1028015276177, 36.44396553631225], [-120.09951834515437, 36.44399539069702], [-120.0964500657581, 36.44402320867479], [-120.0911819963857, 36.44407078718543], [-120.08688078195696, 36.44410946060188], [-120.08686797287935, 36.444109575501294], [-120.08524935965433, 36.444124088957366], [-120.08501452386938, 36.44412619255558], [-120.08501841447287, 36.45144443160167], [-120.08501841447287, 36.451444483626695], [-120.084907785149, 36.45738470787889], [-120.08490778425069, 36.457384759899924], [-120.084888008738, 36.45791508129243], [-120.08488800783971, 36.45791513331305], [-120.08494336382415, 36.45871124042931], [-120.08494336562077, 36.45871129244941], [-120.08567420259658, 36.458721086682836], [-120.08591955945013, 36.458724374065405], [-120.08649100205687, 36.458732898139445], [-120.08666600734894, 36.45873180716207], [-120.08835081113905, 36.45872129404082], [-120.09132411525356, 36.458702681672804], [-120.09524066119617, 36.45867805158069], [-120.10264983630219, 36.458631105548626], [-120.10294542604812, 36.45861188553418], [-120.10294869501742, 36.45862684350612], [-120.10299635693144, 36.45884491975981], [-120.1029954720909, 36.459601098853696], [-120.1029954720909, 36.459601151595756], [-120.10299212945972, 36.46246290053074], [-120.10299212945972, 36.46246295254836], [-120.10299120060174, 36.46325954326006], [-120.10299120060174, 36.46325959527715], [-120.10302016498142, 36.46362189553564], [-120.10302016767639, 36.46362194755243], [-120.10302958651212, 36.46500527449062], [-120.10302958651212, 36.465005327228944], [-120.10303574715834, 36.465910104666534], [-120.10303574715834, 36.46591015668181], [-120.10704000999519, 36.46590984892463], [-120.10900798611904, 36.46590964881022], [-120.10994014543147, 36.46592843861212], [-120.11008013888538, 36.46592627203092], [-120.11017665387949, 36.46592821754713], [-120.11159496076247, 36.465906260591424], [-120.11186780157213, 36.465902035070556], [-120.1119618093683, 36.46590057864204], [-120.11672898262985, 36.465941669276894], [-120.1209778827697, 36.465978132699945], [-120.1209791332246, 36.465978143536475], [-120.12098094602483, 36.46643421987624], [-120.12098094602483, 36.4664342718912], [-120.12099180126671, 36.46916298286707], [-120.12099180126671, 36.469163034880154], [-120.12100580959527, 36.472681677688996], [-120.12100581049359, 36.47268172969971], [-120.1210070519653, 36.47299354004754], [-120.1210070519653, 36.47299359278044], [-120.12100751280103, 36.473109373224396], [-120.12100751280103, 36.47310942523483], [-120.12110659607858, 36.4733749649445], [-120.12111494951237, 36.47354712531245], [-120.12111495220732, 36.473547177322594], [-120.12112830117243, 36.47382228753823], [-120.12112830296907, 36.47382233954818], [-120.12120386026763, 36.47537950514795], [-120.12120386296256, 36.475379557879265], [-120.12135708680395, 36.478536994120184], [-120.1213570894989, 36.47853704612702], [-120.12170607241038, 36.48572675292475], [-120.12170607420701, 36.48572680492671], [-120.12170649641519, 36.48573546831491], [-120.12170649821182, 36.48573552103918], [-120.12179409113854, 36.4875397388113], [-120.12179409293518, 36.487539791534296], [-120.1217998780856, 36.48765893895786], [-120.12179987988223, 36.487658991680775], [-120.11791420454435, 36.487730769950545], [-120.1162703342868, 36.487761098604004], [-120.11623628364597, 36.51394924784638], [-120.11623628364597, 36.51394929982938], [-120.11620274773978, 36.52155557596075], [-120.11620274773978, 36.52155562866057], [-120.11620337656048, 36.521619092254824], [-120.11620337656048, 36.52161914423273], [-120.11620621703341, 36.52204692547229], [-120.11620621703341, 36.52204697817179], [-120.11620627452558, 36.52205585407002], [-120.11620627542392, 36.52205590676951], [-120.11716304677851, 36.52209641896928], [-120.11833137228085, 36.522145878504816], [-120.12095163130215, 36.523758550151975], [-120.12180615730942, 36.525651511090814], [-120.12179619589124, 36.52688502333225], [-120.12179619319629, 36.5268850760285], [-120.12077707247276, 36.53141322393943], [-120.12077706079468, 36.53141327591072], [-120.15210999607085, 36.531403088810265], [-120.15210999696913, 36.53140303683892], [-120.15211043444869, 36.53133720358103], [-120.15213515159371, 36.52762320513276], [-120.15213515159371, 36.527623153158885], [-120.15215267502998, 36.524802321376036], [-120.15215267502998, 36.524802268678364], [-120.15218152981522, 36.52015965537551], [-120.15218152981522, 36.520159603396664], [-120.15220229077975, 36.516820887648684], [-120.15220229437301, 36.516820835667545], [-120.15223961218653, 36.516356263118844], [-120.15223961398318, 36.51635621113739], [-120.15224105308425, 36.51622438683483], [-120.15224105308425, 36.516224334131365], [-120.15223441004274, 36.515297103866075], [-120.15223441004274, 36.51529705188392], [-120.15221210577255, 36.512182487733675], [-120.15221210577255, 36.512182435027455], [-120.15217219542109, 36.506605277923924], [-120.15217219542109, 36.5066052252139], [-120.15215517683805, 36.50422538390277], [-120.15215517683805, 36.50422533191317], [-120.15214033577122, 36.502149685103916], [-120.15214033577122, 36.50214963239087], [-120.15214033127965, 36.502149101649664], [-120.15407114769346, 36.502151352425514], [-120.15408399719529, 36.50215136686748], [-120.15809750189976, 36.50215594423923], [-120.16248861433225, 36.502160798173705], [-120.17013263869794, 36.50216885966145], [-120.17013390711912, 36.502168860383556], [-120.17015243936345, 36.506310777001374], [-120.17015243936345, 36.506310829711595], [-120.17017569405121, 36.51150234827474], [-120.17017569405121, 36.51150240025945], [-120.1701846745091, 36.51350538208919], [-120.1701846745091, 36.513505434072556], [-120.17021476537617, 36.51663755435248], [-120.17021476537617, 36.516637606333745], [-120.17021589276186, 36.51675493729633], [-120.17021589276186, 36.51675498927752], [-120.17021590893152, 36.516756774686094], [-120.17021590893152, 36.51675682666722], [-120.17061713067339, 36.5167531302289], [-120.17085376847879, 36.516750949907745], [-120.17088175279653, 36.51856398412805], [-120.17088175459317, 36.51856403610802], [-120.17090944156853, 36.52035771413659], [-120.17090944336516, 36.520357766115296], [-120.17093662458902, 36.52211860039671], [-120.17093662548734, 36.52211865237429], [-120.1709374869717, 36.522174438715595], [-120.17093748787, 36.52217449141501], [-120.17096284820882, 36.523886293746045], [-120.17096284910713, 36.523886346444286], [-120.17096448493925, 36.52399681492866], [-120.17096448673588, 36.523996866904916], [-120.17099877632857, 36.52581923628338], [-120.17099877722691, 36.52581928898031], [-120.17103278654523, 36.52762671336845], [-120.17103278744355, 36.527626765342326], [-120.1710667976602, 36.529434071704465], [-120.17106679855853, 36.52943412367713], [-120.17109328987627, 36.53084187155458], [-120.17109329167289, 36.530841924248094], [-120.17109779223247, 36.53108109692059], [-120.17109779223247, 36.531081148892135], [-120.18192181048313, 36.531006153202576], [-120.18881816793615, 36.530950519761156], [-120.18881822183505, 36.53095200456169], [-120.1888182236317, 36.530952056533266], [-120.1890548776068, 36.53095014080137], [-120.18906154759776, 36.53113240147495], [-120.1890615493944, 36.53113245344641], [-120.18906291573195, 36.53116979207642], [-120.18906291842687, 36.53116984476971], [-120.18914290262315, 36.545373286255426], [-120.18914290262315, 36.54537333821738], [-120.18914356108826, 36.54549020845718], [-120.18914356198658, 36.54549026041905], [-120.18914357276634, 36.54549251282112], [-120.18914357276634, 36.545492564783], [-120.19817170155889, 36.54538986211063], [-120.20693059627759, 36.545289568317465], [-120.20698535488239, 36.54528893972172], [-120.20722212114688, 36.54528621893408], [-120.20718602144883, 36.552741362483026], [-120.20718602234719, 36.55274141516166], [-120.20715261220514, 36.55964999060333], [-120.20715261310345, 36.55965004327721], [-120.20715225647228, 36.55972369794454], [-120.20715225647228, 36.55972375061836], [-120.20715203369008, 36.55976974497384], [-120.20715203279175, 36.55976979764763], [-120.20735903068437, 36.5597237484537], [-120.20784768724948, 36.55971699609932], [-120.20963498881349, 36.559693679619116], [-120.21613167771177, 36.55960222690984], [-120.21619522902657, 36.55960134516271], [-120.21624037206453, 36.56225500636829], [-120.21624037206453, 36.5622550583189], [-120.21647713743072, 36.56225211228777], [-120.21647717875322, 36.56225457128215], [-120.21647717875322, 36.56225462395424], [-120.21913725200623, 36.56222149679124], [-120.22239814906399, 36.56218096448441], [-120.2232856144961, 36.56222972446811], [-120.22397175848991, 36.56233531832186], [-120.22453977132889, 36.56272232859853], [-120.22524767162056, 36.56355568291402], [-120.2255101952792, 36.56464909245712], [-120.22550781923529, 36.56514354986845], [-120.22550781833695, 36.56514360181713], [-120.23038964447655, 36.56791209156365], [-120.23520936558894, 36.570644956079356], [-120.23722369298484, 36.5722311579439], [-120.23899923380516, 36.57336378222046], [-120.24001431210989, 36.57337246754134], [-120.24004704043065, 36.573370239037736], [-120.24025115293455, 36.573371984903304], [-120.24081788118269, 36.57333340415061], [-120.2408227078307, 36.573333075898894], [-120.24336343450837, 36.57333135023252], [-120.26149379232457, 36.57350071424486], [-120.26149566800687, 36.57350073155921], [-120.26149979935886, 36.580830351194784], [-120.26149980025717, 36.580830403132886], [-120.26150201011278, 36.58471208050007], [-120.26150201011278, 36.58471213315685], [-120.26150201729929, 36.58472543440889], [-120.26150201729929, 36.584725486344325], [-120.2615028347662, 36.58615266346463], [-120.2615028347662, 36.58615271539916], [-120.26150388579511, 36.58798627537787], [-120.26150388489675, 36.58798632803242], [-120.2613553394814, 36.58810732742087], [-120.26129551437842, 36.58815605733152], [-120.26129545059804, 36.588156109985945], [-120.26131061865159, 36.58815618716441], [-120.26134532865588, 36.58818361868814], [-120.26134207675453, 36.58820839584238], [-120.26134207046634, 36.58820844849683], [-120.25983688841056, 36.58820345570363], [-120.2598368102571, 36.58820345642489], [-120.26197052465257, 36.58984831186173], [-120.25761010765333, 36.59755380914163], [-120.25758679008352, 36.59759718967483], [-120.25713318937407, 36.59844104545605], [-120.25672659391017, 36.59919743686587], [-120.2566304166826, 36.59937635469824], [-120.25604711541578, 36.6004614401611], [-120.25580017034079, 36.60092081027761], [-120.25519716812148, 36.60204249474023], [-120.25504724738543, 36.602321365514705], [-120.25498412456702, 36.60243878277854], [-120.25494764039007, 36.60250664682789], [-120.25482036887728, 36.60274338302652], [-120.25248468445987, 36.602763443463836], [-120.25100334459005, 36.6027761408807], [-120.24620392180978, 36.60273845319327], [-120.24367038794261, 36.60271848000957], [-120.24342191932492, 36.60271651773918], [-120.24332949615692, 36.60271578792747], [-120.2347783808651, 36.602649966382806], [-120.23405816736584, 36.60264439471251], [-120.2335078719992, 36.60264013410802], [-120.23097494090159, 36.60262049191074], [-120.22853760851652, 36.60260154057861], [-120.22812404931253, 36.602598319882965], [-120.22546448899753, 36.602595616258135], [-120.2254573105601, 36.604119299], [-120.2254573105601, 36.60411935092244], [-120.22545699704807, 36.60418563058208], [-120.22545699704807, 36.60418568322558], [-120.22544735632844, 36.606231727175], [-120.22544735632844, 36.6062317798171], [-120.225441371752, 36.607501968940404], [-120.225441371752, 36.60750202086051], [-120.22544030006186, 36.607729336278624], [-120.22544030006186, 36.60772938891975], [-120.22542759608713, 36.61042547395228], [-120.22542759608713, 36.61042552587047], [-120.22542533233262, 36.61090579199418], [-120.22542533233262, 36.610905843912], [-120.22542077248423, 36.61187346253681], [-120.22542077248423, 36.611873514454025], [-120.2254110778657, 36.61393077089438], [-120.2254110778657, 36.613930822810204], [-120.22540941867734, 36.61428256390092], [-120.22540941867734, 36.61428261653757], [-120.22539950127664, 36.6163867499356], [-120.22539950217492, 36.616386801849785], [-120.22539851582475, 36.616596130994004], [-120.22539851582475, 36.61659618290805], [-120.225396943773, 36.61692960718265], [-120.225396943773, 36.61692965981744], [-120.22539570050466, 36.617193472289735], [-120.22539570050466, 36.61719352492435], [-120.22526225666752, 36.617199795656354], [-120.22526210395391, 36.617224940587214], [-120.22526210395391, 36.61722499322181], [-120.22476567336835, 36.61722313010053], [-120.22455489267007, 36.61723303333949], [-120.22502236875741, 36.618567472156336], [-120.22738602581447, 36.625200193965554], [-120.22761046629495, 36.62679812524438], [-120.23021858368686, 36.63371044957332], [-120.23276882981158, 36.64131041198336], [-120.23378374821623, 36.64418223800153], [-120.23496232349592, 36.648452740125975], [-120.23628699358693, 36.65218255016227], [-120.23711527531319, 36.65380808460668], [-120.23861221891951, 36.65674569998896], [-120.24049253204804, 36.66154001291594], [-120.24240010455387, 36.66377822840534], [-120.24620176225984, 36.66662121272424], [-120.24925387198094, 36.66875056041175], [-120.25173385996897, 36.66981728656774], [-120.25237547986403, 36.67002528817364], [-120.25248383106033, 36.67007091992376], [-120.25293161428, 36.67025949618922], [-120.25385728236621, 36.67056294362599], [-120.25474519875262, 36.67087944280907], [-120.25759406464068, 36.672202766708075], [-120.25833162640471, 36.67269412616483], [-120.2587905954463, 36.67299988184992], [-120.25953410765077, 36.67378391611222], [-120.25967689576352, 36.673934483846956], [-120.26072453709898, 36.67492226843293], [-120.26072461525244, 36.67492683484913], [-120.26072461615072, 36.67492688672386], [-120.26072518927587, 36.674959931631896], [-120.26072519017421, 36.674959983506604], [-120.2608603947093, 36.68275986775292], [-120.26086039650595, 36.6827599203428], [-120.26090631119673, 36.685408373486126], [-120.26090631209505, 36.685408425353735], [-120.25766337685137, 36.68605372031433], [-120.2531221658164, 36.68703948353259], [-120.25145726599804, 36.68743604694002], [-120.24451626946193, 36.688926019667946], [-120.24360420905565, 36.68909320000193], [-120.24254243811905, 36.68928781369818], [-120.24253013928451, 36.68929006910675], [-120.24196157667656, 36.689356413817436], [-120.24030405472163, 36.68950910274493], [-120.2401802794519, 36.689520503653924], [-120.2379129792855, 36.68958246558744], [-120.2378714196272, 36.68957966848808], [-120.23691858379186, 36.68963287530811], [-120.23282045599096, 36.68954921013692], [-120.22909079376342, 36.68835400476911], [-120.22460480037232, 36.686810418900016], [-120.22446911523853, 36.688675894642515], [-120.22446911074698, 36.68867594650793], [-120.22444455709531, 36.68990437769167], [-120.224444556197, 36.6899044295563], [-120.22442707947313, 36.69077876765869], [-120.22442707857482, 36.690778820243025], [-120.22439277011749, 36.69223549480288], [-120.22439276921918, 36.692235547386275], [-120.22426265633513, 36.69775943019204], [-120.22426265543679, 36.69775948205133], [-120.22423826977008, 36.69879466054043], [-120.22423826887179, 36.69879471311928], [-120.22409888896725, 36.7047109986334], [-120.22409888806892, 36.704711051208214], [-120.2240802839594, 36.705500688711545], [-120.22408028306107, 36.70550074128582], [-120.22373336627477, 36.71992751383018], [-120.22373336447814, 36.71992756567457], [-120.22948434209613, 36.71994342356646], [-120.23346270380839, 36.71985227826643], [-120.24429289797664, 36.71995704350782], [-120.24696002030969, 36.71993510326802], [-120.24749737993623, 36.719987852000635], [-120.24754834136229, 36.71998834092132], [-120.24765296994008, 36.720004533628526], [-120.24817694736385, 36.72006574949071], [-120.24887726317954, 36.72014426399193], [-120.24956588742184, 36.720232436547384], [-120.25107999064672, 36.72044548476251], [-120.25226778803113, 36.7206285572653], [-120.25480924773404, 36.720992920997034], [-120.25621651611881, 36.721204135299224], [-120.25679870976285, 36.72129151098526], [-120.25800399195596, 36.721455264793775], [-120.25983908479142, 36.72173158635835], [-120.26058881603261, 36.721839018954576], [-120.28756886668319, 36.72572449321583], [-120.28756868971509, 36.72575569611848], [-120.28756869061338, 36.72575574867889], [-120.29156375200678, 36.72633593085286], [-120.29693492461762, 36.727154818306424], [-120.29655392754606, 36.74452939524176], [-120.29655392664775, 36.74452944706953], [-120.29629080740608, 36.7564605430393], [-120.29629080650776, 36.756460595578744], [-120.29608725904416, 36.76349363605531], [-120.29608725634921, 36.763493688589925], [-120.29385126247047, 36.76355635297698], [-120.2930809148935, 36.76351723775685], [-120.29242779835945, 36.76348407116072], [-120.29242770673129, 36.7634840668428], [-120.29238394889549, 36.76345354999224], [-120.29207108095338, 36.763331454401964], [-120.29177605534946, 36.76318288611786], [-120.2915329379959, 36.76308718779414], [-120.29118544449119, 36.763036450607075], [-120.29089078001002, 36.762975742542075], [-120.29066454379728, 36.76295703865945], [-120.29043924273076, 36.76291359007665], [-120.29002243881197, 36.76292206404189], [-120.28953658319394, 36.76300113778715], [-120.28929343799261, 36.76306991533434], [-120.28870279210003, 36.76332229681105], [-120.28859045058722, 36.76338194599223], [-120.28844238217728, 36.76346056228413], [-120.28830059838103, 36.763567628473574], [-120.28819920912817, 36.76364419285151], [-120.28806027209308, 36.76377386657118], [-120.28795712932877, 36.76395527195762], [-120.28795656608507, 36.76395626435169], [-120.28795654093226, 36.763956312568084], [-120.28780031222625, 36.76439891183808], [-120.28780029964983, 36.764398962213164], [-120.2877827007551, 36.764581005882484], [-120.28778269985679, 36.764581058416354], [-120.28783514709635, 36.764981024897125], [-120.28790408021797, 36.765266518428156], [-120.28793807695992, 36.76536101440181], [-120.28799149976983, 36.765509511540415], [-120.2881300334614, 36.76576953034431], [-120.28845997208884, 36.76622083598391], [-120.28852840934044, 36.76629738260073], [-120.28861623852409, 36.76639561791344], [-120.28903263820098, 36.766776841755025], [-120.28920650263267, 36.766889021972325], [-120.28934573701014, 36.7670724212485], [-120.28939760214136, 36.76722904242658], [-120.28950176988342, 36.767749590649366], [-120.28950177796824, 36.7677496410222], [-120.28951928253987, 36.76800905927189], [-120.28951928253987, 36.76800911180342], [-120.2894915138178, 36.76837321179295], [-120.28949150932624, 36.76837326360461], [-120.28948412247964, 36.768470111017805], [-120.28948412068301, 36.768470162829395], [-120.28952169631302, 36.76924139011295], [-120.28952169900799, 36.76924144192404], [-120.28953609900198, 36.76953699536635], [-120.28953609990027, 36.76953704717723], [-120.28951895465478, 36.77048286723957], [-120.28951894746828, 36.77048291976942], [-120.28943256367393, 36.770769303089615], [-120.2894325457076, 36.770769353460466], [-120.2891895011176, 36.77130888747834], [-120.2891894777614, 36.77130893497053], [-120.28916444530768, 36.77135469511877], [-120.28908475216558, 36.77150038365517], [-120.28885970352566, 36.7718466223634], [-120.28835571451528, 36.77234213638103], [-120.28780027719196, 36.7727236206424], [-120.28719273219225, 36.77303648556711], [-120.28698429250363, 36.77313090000921], [-120.28667159613975, 36.77324313856893], [-120.28637648968743, 36.77331302008894], [-120.2858734951121, 36.77347956058243], [-120.28552589111456, 36.77346929464449], [-120.28519638098352, 36.77349192978735], [-120.2847623294113, 36.773521745391456], [-120.28450532500177, 36.7734825517859], [-120.28441476224471, 36.77346873986502], [-120.28425000044183, 36.77346498880739], [-120.28418346402538, 36.773463474136996], [-120.28408524672379, 36.77346123774953], [-120.28387717175113, 36.773404749516125], [-120.2836878742629, 36.773353358600176], [-120.2836684562797, 36.77334808710772], [-120.2836507001798, 36.77333887530696], [-120.283620496125, 36.773323204017956], [-120.28351436646238, 36.77326814113165], [-120.28318243357504, 36.773095924994955], [-120.28311659425123, 36.7730706561381], [-120.28302626505614, 36.77303598978865], [-120.28291415890196, 36.77295863751216], [-120.28285149152941, 36.77291539751316], [-120.2828000809457, 36.772879924462444], [-120.28257470352239, 36.772757594911596], [-120.28231410225845, 36.77258474081155], [-120.28222220909646, 36.772488419562485], [-120.28214054594893, 36.77240282120045], [-120.28198386000044, 36.77229775983439], [-120.28190613327048, 36.77222716069721], [-120.28181096754591, 36.77214072086524], [-120.28172346265411, 36.77201918598147], [-120.281636917163, 36.77185505288674], [-120.28156732198298, 36.77166416923477], [-120.2815673210847, 36.77166411670573], [-120.28155241533915, 36.77130905801846], [-120.28155241264423, 36.771309005489194], [-120.28155019111051, 36.77125610349149], [-120.28155020638188, 36.771256053840496], [-120.28172386689597, 36.770899596553946], [-120.281723898337, 36.77089955409856], [-120.28178302544902, 36.77082423104983], [-120.2820713604007, 36.77045692326884], [-120.28207138016363, 36.77045687361733], [-120.28221011058623, 36.77015363850603], [-120.28221013843401, 36.770153593891486], [-120.28234883651723, 36.769954104728804], [-120.28234885628017, 36.76995405507703], [-120.28266148796534, 36.76926732082269], [-120.28266150772829, 36.76926727117045], [-120.28269147822111, 36.769187109377036], [-120.2826914952891, 36.76918705972476], [-120.28271325248527, 36.769128865770796], [-120.28271326236674, 36.76912881395964], [-120.28273066812368, 36.768955768180085], [-120.28273066363212, 36.76895571780804], [-120.28266133076016, 36.76855766821621], [-120.28256986160301, 36.76820799795798], [-120.2825291194116, 36.768052245908486], [-120.28252259494768, 36.76802730497036], [-120.28212301532618, 36.76730623425235], [-120.28182770226135, 36.76690740610435], [-120.28160185052757, 36.76668146886754], [-120.28132451095496, 36.766526364976635], [-120.28116828853716, 36.766507055317206], [-120.28110477225668, 36.76647923753975], [-120.28108207542269, 36.76646929737378], [-120.28099461185339, 36.766430991777625], [-120.2808207420318, 36.76643829380588], [-120.28066484480415, 36.766412234765866], [-120.28050831785745, 36.76646490191015], [-120.28033466273327, 36.766465454581464], [-120.28021320960855, 36.7665347680196], [-120.28000460193495, 36.766611176155514], [-120.27989011704189, 36.76668937391517], [-120.27957067163527, 36.76690756442074], [-120.27953939499203, 36.76694137071732], [-120.27951100373745, 36.7669720588886], [-120.27939743871926, 36.7670948078528], [-120.27937149717047, 36.76713596208417], [-120.27922093324064, 36.76731045624028], [-120.27919812142231, 36.76735027618831], [-120.27915394676823, 36.76742738729512], [-120.27915392161539, 36.767427434070086], [-120.27903268588297, 36.76770630309658], [-120.2790326634251, 36.76770635131062], [-120.27877209270389, 36.76816680904117], [-120.27839050993074, 36.76864244980348], [-120.27837146474842, 36.76869047325605], [-120.27837144498547, 36.76869052290865], [-120.27835702163529, 36.76872689164446], [-120.27835700097403, 36.76872694201665], [-120.2783382971515, 36.768774107650266], [-120.27833827918519, 36.76877415802242], [-120.2780434197696, 36.76915484257288], [-120.27762618465947, 36.7696072299875], [-120.27758435101498, 36.76963908355414], [-120.27682762818598, 36.77021528858716], [-120.27654130725713, 36.77047118331507], [-120.276332925959, 36.77065742070054], [-120.27611395082873, 36.77091117967166], [-120.27597685893318, 36.771090092816365], [-120.27597684456018, 36.771090144626136], [-120.27584136693723, 36.77139971623339], [-120.27584134537764, 36.77139976588429], [-120.27582068502444, 36.77144697376788], [-120.2758206661598, 36.77144702341874], [-120.27571646787507, 36.77182087961524], [-120.2757164517054, 36.77182093142452], [-120.27547372422069, 36.77244618885208], [-120.27547370445774, 36.77244623850225], [-120.27533485725417, 36.77273133006489], [-120.27533483569461, 36.77273137899535], [-120.27519588069318, 36.77289716664962], [-120.27507460094333, 36.77307907933115], [-120.27491781977339, 36.773217494869456], [-120.27466622322189, 36.77335254549805], [-120.27441462667036, 36.77348759516917], [-120.27411941960676, 36.77360018219186], [-120.2738072954697, 36.77369439158576], [-120.2736723496494, 36.77376262563176], [-120.27358133593809, 36.773808645514], [-120.27339002532527, 36.77383354859375], [-120.27325123830884, 36.77389572530788], [-120.27274794279788, 36.77383460993723], [-120.27241793679677, 36.77372107848189], [-120.27235202560774, 36.773693134521054], [-120.2722961980078, 36.77366946471546], [-120.27227456208416, 36.773660291089776], [-120.2721596136604, 36.77361155551048], [-120.27196471337975, 36.773528921541356], [-120.27191587107941, 36.77350821266613], [-120.27184477391627, 36.77347806893821], [-120.27132401425786, 36.773139339745576], [-120.2708552077656, 36.77277490476534], [-120.27066022394159, 36.77255504285201], [-120.27064717591212, 36.77254032986607], [-120.27063636378935, 36.772534119282675], [-120.27030004532676, 36.77234093685967], [-120.27000493797613, 36.772210167330655], [-120.26990079538692, 36.77213681215658], [-120.26979665279774, 36.77206345547322], [-120.26951862781056, 36.77196694791955], [-120.26934511641677, 36.77188186994627], [-120.26898036627546, 36.77180369331276], [-120.2683994787818, 36.771698184989155], [-120.26836671093518, 36.771692232664996], [-120.26835507685394, 36.77169011999276], [-120.26818348066838, 36.77168989116789], [-120.26804279461341, 36.771689703358795], [-120.26773051416951, 36.77168928672488], [-120.26741769922802, 36.77174299362759], [-120.26712250563914, 36.77169783167789], [-120.26684492352139, 36.771689180227796], [-120.26660199571238, 36.77170842525956], [-120.26634156602665, 36.771785770162545], [-120.26590764560845, 36.771958255484144], [-120.26582657355239, 36.7720029452412], [-120.26582048656803, 36.77200629916663], [-120.26579613952886, 36.77201972062341], [-120.26579606586701, 36.772019714147255], [-120.26432442151405, 36.77190425370728], [-120.26349185212892, 36.7719252530036], [-120.2634494022402, 36.771926323727946], [-120.26342922967217, 36.77192246465893], [-120.26325943550708, 36.77192674683678], [-120.26325439236507, 36.77192578188962], [-120.26158283692878, 36.77160601026138], [-120.26031363690825, 36.77131240765676], [-120.25939763738945, 36.77109400589584], [-120.25789464093477, 36.76995120261701], [-120.25730204120644, 36.76964773523562], [-120.2567380097008, 36.769591696817486], [-120.2559346688001, 36.76961652139203], [-120.25515606840064, 36.769813921016414], [-120.25476300246322, 36.7700427871113], [-120.25424966827894, 36.770759120980024], [-120.254057818677, 36.771122663188585], [-120.25405778543934, 36.77112272651166], [-120.25403201906202, 36.7711345585704], [-120.25376275624212, 36.77132222270779], [-120.25371455264397, 36.771355818380314], [-120.25368461538882, 36.771376682546226], [-120.25347614964905, 36.77156789647986], [-120.25323333412945, 36.77205562221724], [-120.25323330987491, 36.77205567042855], [-120.25295554000928, 36.77252229175735], [-120.2526072137663, 36.77317879688594], [-120.25259061020489, 36.77321009058963], [-120.25241735662762, 36.77349443456908], [-120.2523243612328, 36.77359041780146], [-120.25213974127222, 36.77378096854015], [-120.252000792559, 36.77396472262113], [-120.25178653987217, 36.77419623794642], [-120.25174599441182, 36.77424005070521], [-120.25168846001282, 36.774302219894125], [-120.25165360088822, 36.77435483484817], [-120.2516527412005, 36.77435613219681], [-120.25158408835321, 36.774459751644045], [-120.25139320354187, 36.774649098578045], [-120.25121913968422, 36.77473747188125], [-120.25101118867909, 36.77481593621963], [-120.25101119137405, 36.77481588369276], [-120.25101119856055, 36.774803675879724], [-120.25101120035721, 36.774803623352845], [-120.25101123898477, 36.774737070374364], [-120.2505770688349, 36.774936631998045], [-120.25035116859208, 36.774987719644145], [-120.25010824617294, 36.775006790437835], [-120.24981306605879, 36.7749797204723], [-120.24957041313424, 36.77498768294742], [-120.24932669301114, 36.77497076574485], [-120.2488233983985, 36.77500640836005], [-120.24830269982552, 36.77486593887196], [-120.2481985626262, 36.77476212785494], [-120.2481289387001, 36.77463209567466], [-120.24812894139505, 36.774632043147726], [-120.24812893331021, 36.77449474834211], [-120.24812893959842, 36.77449469653458], [-120.24826782453124, 36.77384230197866], [-120.24818097451127, 36.773529410840666], [-120.2480940562193, 36.77306103775137], [-120.24798979595082, 36.77284462121246], [-120.24778204526999, 36.77250625691992], [-120.24777209552991, 36.77249362131596], [-120.24776183407441, 36.7724805877891], [-120.24772078645583, 36.772428455818044], [-120.24759053523121, 36.77226303125243], [-120.24674003457473, 36.771612374189566], [-120.24667084633154, 36.771569274468206], [-120.24646203204541, 36.7714391958564], [-120.24590636924496, 36.771020859052044], [-120.24560064201106, 36.770833579873525], [-120.24529866883671, 36.77064859859146], [-120.24493410554494, 36.770448604847296], [-120.24430954375885, 36.77027417036258], [-120.24394518438467, 36.77020491427381], [-120.2433891173423, 36.77024837455645], [-120.24319859994192, 36.77030921646415], [-120.24299001023464, 36.770405802380736], [-120.24256832756554, 36.770655202940404], [-120.24252083992467, 36.770683289047135], [-120.24208081186083, 36.77082369855829], [-120.24206055754615, 36.7708301611343], [-120.24197953938898, 36.770856012872194], [-120.24170495674596, 36.77094362923009], [-120.24136929764681, 36.77098812816985], [-120.24092413301618, 36.77104714391343], [-120.24021192709934, 36.77103059858439], [-120.23988228401763, 36.77104771669994], [-120.23861444314815, 36.77083125705935], [-120.23781594865841, 36.77066627806832], [-120.23741662775166, 36.77053535672857], [-120.23717396674229, 36.77043054753713], [-120.23699986874863, 36.77032742923385], [-120.23675686188787, 36.77007613652505], [-120.23658333342613, 36.769936886345896], [-120.23650736110591, 36.769890158219894], [-120.23627099010014, 36.76974477532928], [-120.23602806498607, 36.7695116145188], [-120.23599952101794, 36.76948699571467], [-120.23566780462455, 36.769200901920556], [-120.2356587460132, 36.76919308996007], [-120.23564548687962, 36.76918165266131], [-120.23540262015604, 36.76897218730717], [-120.23515951448059, 36.7687208901566], [-120.23502043102009, 36.768616292926794], [-120.23472596416826, 36.768512567715455], [-120.23436094363404, 36.768443281970846], [-120.233996311172, 36.7683221211783], [-120.23364936923286, 36.76829609660005], [-120.23319762444278, 36.768339584590045], [-120.23276351268342, 36.768496203899495], [-120.2323817897731, 36.768539129764854], [-120.23208676416918, 36.76862462018236], [-120.23177401480471, 36.76866023840307], [-120.23114926437238, 36.76884154515862], [-120.23095806155739, 36.76890236947305], [-120.23062822533788, 36.7690410631215], [-120.23019435881861, 36.76917293040662], [-120.23012510499842, 36.76926819441435], [-120.2301250762523, 36.76926823830981], [-120.23003807801032, 36.769466718224756], [-120.23003806453559, 36.76946676787684], [-120.23003806812885, 36.769531825794026], [-120.23003806812885, 36.76953187760491], [-120.23003808070526, 36.769797784149944], [-120.2300380834002, 36.769797835960645], [-120.23007247180759, 36.76996998035081], [-120.23017721896298, 36.77021340398395], [-120.23029164007566, 36.77035368698861], [-120.23036829062393, 36.77044766146918], [-120.23069791843427, 36.77074392552826], [-120.23125359830271, 36.77119607258188], [-120.23166985963908, 36.7716902423205], [-120.23203450737246, 36.772027624401055], [-120.23227787266103, 36.77222705276171], [-120.23243406543445, 36.77248077559621], [-120.23245162121, 36.77257577285219], [-120.23241685281526, 36.772723680366326], [-120.23241683934053, 36.77272373289461], [-120.2322780002218, 36.77313936996719], [-120.23227798135719, 36.77313942033648], [-120.23225919399134, 36.773180331709625], [-120.23225917153344, 36.77318037992023], [-120.23217504251048, 36.77336357706273], [-120.23217502005258, 36.77336362527316], [-120.23208654228529, 36.77355628919649], [-120.23208652162405, 36.77355633884594], [-120.231982587444, 36.77393690251238], [-120.23198257396926, 36.77393695432029], [-120.23193095856966, 36.7742240694739], [-120.23193094958653, 36.77422412128156], [-120.23189610573328, 36.77449363088298], [-120.2318961012417, 36.77449368269045], [-120.23193064505766, 36.775517272030804], [-120.23193064954921, 36.77551732311808], [-120.23198248773102, 36.77576858072343], [-120.23219112325236, 36.77623757045903], [-120.23227787445768, 36.776394990302165], [-120.23234745436632, 36.7766196426183], [-120.232416718068, 36.776776675290705], [-120.23246865236949, 36.777027930926785], [-120.23273617245775, 36.77741598124674], [-120.23289743262765, 36.77764989365978], [-120.23298964558987, 36.777783650701494], [-120.23326899559211, 36.778020160883], [-120.23338921532995, 36.778121943493154], [-120.23344135175239, 36.77825159632614], [-120.23342381663805, 36.778426881830065], [-120.23342380585828, 36.77842693363493], [-120.2333719335405, 36.778547322972365], [-120.2333719209641, 36.77854737405758], [-120.23338939139977, 36.778800051393944], [-120.23338939768794, 36.77880010247904], [-120.23345832002981, 36.77910362141176], [-120.2334733713024, 36.77915479190182], [-120.23352301040836, 36.77932355160344], [-120.23364982737367, 36.779754691201326], [-120.23345821133367, 36.78044850413764], [-120.23345819426567, 36.78044855378263], [-120.23343324176201, 36.78049730516103], [-120.23343321750751, 36.78049735336698], [-120.23332865899832, 36.78070163927796], [-120.23332863474381, 36.78070168748383], [-120.23328500087553, 36.780786944174956], [-120.23328497841763, 36.780786993100236], [-120.23311104930728, 36.78095195606696], [-120.23304296958514, 36.781044381450656], [-120.23303801717299, 36.781062103857764], [-120.23303800279993, 36.7810621556608], [-120.23301911661942, 36.781076767721935], [-120.23293807959762, 36.78118678510641], [-120.23265463956592, 36.781419524765184], [-120.23229520116287, 36.78171466360374], [-120.23212016981965, 36.781918832592346], [-120.23209926422636, 36.78194321860996], [-120.23208683693271, 36.78195771538651], [-120.23196772122435, 36.78207342257409], [-120.23182639197567, 36.78221070812222], [-120.23163531402652, 36.78232340608256], [-120.23137495440942, 36.782418667419115], [-120.23129364160485, 36.78242080209938], [-120.23124294518178, 36.78242213384627], [-120.23120455388147, 36.782423141829746], [-120.23104016308278, 36.78242745867523], [-120.2310105474245, 36.782428236426895], [-120.23049004019268, 36.782476975753916], [-120.23047237392431, 36.782478629824055], [-120.23017744533846, 36.7824627567925], [-120.22932461535041, 36.782278799326015], [-120.22930017219154, 36.782273525569444], [-120.22920534872509, 36.782253072312145], [-120.22892752226558, 36.78221059228655], [-120.22839333728525, 36.78224433787456], [-120.22837634026176, 36.782245410613235], [-120.22830834947284, 36.78224970588447], [-120.22825030213582, 36.78225337305305], [-120.22792044974666, 36.78234932301422], [-120.22764212202723, 36.78235857474223], [-120.22743387817133, 36.78228840504456], [-120.22724341107659, 36.78227049513783], [-120.22705229090663, 36.78220970948919], [-120.22705095151852, 36.78220922096478], [-120.22703144370384, 36.782202108941405], [-120.22702656764848, 36.782200331834794], [-120.22686087968249, 36.782139928172676], [-120.22660055060813, 36.782018966017894], [-120.22590652210107, 36.782002720920865], [-120.22552406257223, 36.78212449107406], [-120.22544569893674, 36.782170159867995], [-120.22534775382469, 36.7822272409656], [-120.22532326664835, 36.782241511053506], [-120.22531593010741, 36.78224578689914], [-120.22463901809982, 36.78254974473525], [-120.22420487040783, 36.78276495322238], [-120.22380932422193, 36.783126338369456], [-120.2238058306738, 36.783129531366946], [-120.22338956754079, 36.783451509008216], [-120.22319785448275, 36.7835997962786], [-120.2230701877112, 36.78366722722046], [-120.22264251777075, 36.78389311008315], [-120.22233004598569, 36.78412917045663], [-120.22200011723972, 36.78434670554662], [-120.22167008159421, 36.78452825075455], [-120.2214268025439, 36.78463301764878], [-120.22123082069163, 36.78464819380001], [-120.22118340311937, 36.78465186517056], [-120.22111425440207, 36.78465722006161], [-120.22099476499453, 36.78471093514561], [-120.22062813557763, 36.78487574649539], [-120.22042019625061, 36.78498703113364], [-120.22008328579825, 36.78552687948407], [-120.22005513798713, 36.78573416069988], [-120.22005513529218, 36.78573421321927], [-120.22005647827353, 36.78574437391473], [-120.22012459302995, 36.78625970567229], [-120.22012501344152, 36.786262893503114], [-120.22012501613646, 36.78626294530269], [-120.22010751605639, 36.78645397389905], [-120.22010751425978, 36.78645402641794], [-120.22012506374716, 36.786627839904064], [-120.2201250700354, 36.786627890983944], [-120.2201770690156, 36.78691528018599], [-120.22036243098458, 36.78734594757751], [-120.22036932375775, 36.78736196420265], [-120.22037104672646, 36.78736596853825], [-120.22038570902853, 36.787400033440235], [-120.22047259048955, 36.78782568876119], [-120.22043779604368, 36.78805231619736], [-120.22043778256891, 36.78805236799571], [-120.22024659682195, 36.78847821105783], [-120.22024657705902, 36.78847826069767], [-120.21991679563675, 36.78874766406412], [-120.21979489604932, 36.78880777762975], [-120.2197533408826, 36.78880950710179], [-120.21962162630238, 36.78881498831925], [-120.21939548620938, 36.78891114229163], [-120.21912894797975, 36.789069723133906], [-120.21903118342907, 36.78912788900047], [-120.21884051151842, 36.789310433651465], [-120.2188374231105, 36.789313835739414], [-120.2185775827196, 36.78970122530789], [-120.218493534545, 36.789826531332324], [-120.21781088589597, 36.790133846762934], [-120.21760763936798, 36.79024812870209], [-120.21750393695329, 36.79029278045832], [-120.21749976787204, 36.79029601200483], [-120.21745089143576, 36.79031561997843], [-120.21698233737008, 36.79051736398088], [-120.21688977226826, 36.790540724997626], [-120.21677378000214, 36.79056999801844], [-120.21670458996233, 36.79058745995886], [-120.2163852837946, 36.7905698735626], [-120.21606228555105, 36.7905520842921], [-120.21604378564606, 36.79054116239164], [-120.21587166484436, 36.79043954734899], [-120.21568024194217, 36.79036960662597], [-120.21540292572574, 36.79035197701574], [-120.21512505435048, 36.79030932522666], [-120.21460419857235, 36.79028356134183], [-120.21449230262392, 36.790268546013664], [-120.21401395871828, 36.79020435962513], [-120.21377062846402, 36.79015348787054], [-120.21349263042629, 36.79005699086342], [-120.21335791637134, 36.78997111716557], [-120.21334015937312, 36.789959798071536], [-120.21330174651325, 36.78993531173021], [-120.21326493175627, 36.78990659168861], [-120.21302113527638, 36.78971639973587], [-120.2127807263434, 36.789528848975685], [-120.21253793777328, 36.78938800323407], [-120.21232981608821, 36.78919831286212], [-120.21212126411017, 36.78905824779429], [-120.21184334961579, 36.78890298342429], [-120.21156538571404, 36.788824475234556], [-120.21128784941041, 36.78869395109039], [-120.211114353288, 36.78865166528035], [-120.21080204050473, 36.788633103631135], [-120.21055873270835, 36.7886588414526], [-120.20986424067061, 36.78878898724452], [-120.20948207489089, 36.788919701151904], [-120.20904840330601, 36.78913710322017], [-120.20893631242316, 36.78918310020269], [-120.20864894585536, 36.78930102161492], [-120.2081800827692, 36.78956262443378], [-120.20804141702534, 36.78965846308736], [-120.20778050494431, 36.789900156619424], [-120.20720787206983, 36.790222386378716], [-120.2069471773811, 36.7903447261845], [-120.20618374503522, 36.79065575666086], [-120.20561018420103, 36.79079882372391], [-120.20558564492242, 36.79080494506115], [-120.20552368452402, 36.79082039983478], [-120.20550243936755, 36.790824044291966], [-120.20521151547122, 36.790873940821136], [-120.20474250506138, 36.79092592500059], [-120.20455173882765, 36.79091697717201], [-120.20409994642685, 36.790802763134316], [-120.20390934009323, 36.790690065414516], [-120.2032841899106, 36.790396065421724], [-120.20216613952147, 36.789968410769916], [-120.20210383057672, 36.78994457764989], [-120.20197963130218, 36.78978845610627], [-120.20189554180506, 36.789682751680466], [-120.20184326704205, 36.78948335794453], [-120.20181367743491, 36.789271276176294], [-120.201808264187, 36.78923248270282], [-120.20180826149208, 36.789232430905244], [-120.20180870705641, 36.78897114350062], [-120.20180872053118, 36.78897109314174], [-120.20183138861904, 36.78891414943945], [-120.20183140838199, 36.78891409908053], [-120.20186027574364, 36.78884158074347], [-120.20186028742174, 36.78884152966506], [-120.20192970743027, 36.788320614595214], [-120.20192971821005, 36.7883205620776], [-120.20201688713195, 36.78798251142422], [-120.20201689521679, 36.78798245890642], [-120.20205149382996, 36.78762734702838], [-120.20205150820301, 36.78762729594917], [-120.20220749346558, 36.787209697854514], [-120.20220751772008, 36.78720964965279], [-120.20239835312408, 36.786871696257556], [-120.20239837378534, 36.78687164661674], [-120.20246779918376, 36.786654805034985], [-120.20246781176019, 36.786654752516284], [-120.20252012065917, 36.786410527840154], [-120.20246811000088, 36.78618625099127], [-120.20229437582492, 36.7856301320219], [-120.20222501330855, 36.785457337885745], [-120.20217304217611, 36.78523081141118], [-120.20208631163206, 36.78497875817531], [-120.2020863089371, 36.78497870637488], [-120.20206855643048, 36.784753017366995], [-120.20206856182037, 36.784752965566405], [-120.20194679338697, 36.78442342400227], [-120.20166950412002, 36.78390318828478], [-120.20149577533395, 36.78367616654268], [-120.20133976941015, 36.78336378175912], [-120.2012527747614, 36.7832333310518], [-120.20118309154648, 36.78289605728613], [-120.20118309873298, 36.78289600476486], [-120.20120119709102, 36.78275035731149], [-120.20120120337924, 36.782750305509595], [-120.2012177036344, 36.78261750827782], [-120.20121770453268, 36.78261745575636], [-120.20121759853149, 36.78261429367485], [-120.20121759763317, 36.78261424187286], [-120.2012106042487, 36.782404287284606], [-120.20121060335039, 36.782404234762936], [-120.20120885702546, 36.782351785057486], [-120.20120885522883, 36.782351732535844], [-120.20120066079681, 36.782105684660436], [-120.20111379011558, 36.781932215620216], [-120.20095758296912, 36.78172357941086], [-120.20040158240211, 36.781185537517885], [-120.20007171114834, 36.780977194265894], [-120.19972481681991, 36.78056124138334], [-120.19936018705282, 36.780266637723905], [-120.19911741644896, 36.78020448920119], [-120.19890903694746, 36.7801951400813], [-120.19776275700052, 36.78025596546097], [-120.19750246655369, 36.78021380522318], [-120.19743173680146, 36.78020645989825], [-120.19691221502153, 36.78015251213787], [-120.19658219285074, 36.780083895971266], [-120.1963389236819, 36.78007361652788], [-120.19599189909778, 36.77998871879185], [-120.19575162581042, 36.779951933053376], [-120.19569667227123, 36.77994351996892], [-120.19548864311268, 36.779848549830696], [-120.19548353888523, 36.779846912971735], [-120.19524577189752, 36.77977064825568], [-120.19504801407592, 36.77963940645735], [-120.19490185458592, 36.779569768139844], [-120.19486347945534, 36.779503906423464], [-120.19475916708453, 36.77942351430024], [-120.19452519817384, 36.77918299073488], [-120.19448105496079, 36.779137610121566], [-120.19440465773742, 36.77904283397087], [-120.19415150710047, 36.77872878118704], [-120.19399517239326, 36.77848625520039], [-120.19364807594391, 36.778077032095], [-120.19323112829467, 36.77762560772836], [-120.19302334976608, 36.777487757058275], [-120.19277987218808, 36.77727025430513], [-120.19217264698865, 36.77685484397494], [-120.19196366202262, 36.776784471368366], [-120.19168611673582, 36.77679377845221], [-120.19142546426792, 36.776837077423416], [-120.19111327365556, 36.77685459286016], [-120.19092234392842, 36.77680949364241], [-120.19067924903277, 36.7766978431219], [-120.19052298978404, 36.776662668986624], [-120.19031442343294, 36.77666216171912], [-120.19003685928152, 36.776707452418016], [-120.18970691975576, 36.77667255602504], [-120.18955057157382, 36.77660139248884], [-120.18932469738216, 36.77659374101787], [-120.1891168559715, 36.77661136587857], [-120.18875235196856, 36.77675815177818], [-120.18857842734977, 36.77688017130518], [-120.18842228757697, 36.77707034475054], [-120.18814461203443, 36.77752331575826], [-120.18790142820555, 36.77773836927274], [-120.18772754131601, 36.77795724713201], [-120.18755393110759, 36.77812889040683], [-120.18741545041662, 36.778337450779595], [-120.18713759970262, 36.778598948564216], [-120.18698135572527, 36.778660488964164], [-120.18651264535272, 36.778764414859765], [-120.1863631746726, 36.77882548600767], [-120.18631836850285, 36.77884379388774], [-120.18630437005578, 36.778849513255636], [-120.18611340888764, 36.778980131874754], [-120.18610710181602, 36.77898621314428], [-120.1858876200359, 36.77919782404216], [-120.18552274053721, 36.77973667997259], [-120.18533210545749, 36.780047661412844], [-120.18519760520157, 36.7802383536697], [-120.18493559358265, 36.78060982720706], [-120.1849147957872, 36.78063931411317], [-120.18474130415636, 36.780846941672586], [-120.18441147332675, 36.78109811129824], [-120.18406459696463, 36.78129729158263], [-120.18366504608917, 36.78148151041896], [-120.18314432416004, 36.781818305480414], [-120.1828319422065, 36.781993388568296], [-120.18258861374885, 36.78219254566118], [-120.18243238953441, 36.782366824960256], [-120.18234584583993, 36.78253153055246], [-120.18234582697532, 36.78253157803769], [-120.18222440618996, 36.782981430248554], [-120.1822243918169, 36.78298148133087], [-120.18208516911753, 36.783399449969615], [-120.18208515294786, 36.78339950033216], [-120.18198109030872, 36.783563717347626], [-120.18154735314684, 36.7840491047832], [-120.18133843914774, 36.78437974153001], [-120.1813384148932, 36.784379788294636], [-120.18128653808385, 36.78453628202484], [-120.18128652460913, 36.784536333106104], [-120.181238984866, 36.784983090704806], [-120.1812389794761, 36.78498314322465], [-120.18121716748267, 36.785188116482246], [-120.18121715849954, 36.785188169002], [-120.18116498524616, 36.785369264720636], [-120.18116496997477, 36.78536931508189], [-120.18106715871168, 36.785600018961006], [-120.18106713715213, 36.785600068602655], [-120.1810439201936, 36.78565482909726], [-120.18104390312563, 36.785654879458335], [-120.18103202560093, 36.78572611948297], [-120.1810320166178, 36.7857261720023], [-120.18096087813213, 36.78615281290071], [-120.18096086914896, 36.78615286470031], [-120.18095673959361, 36.78617763642883], [-120.18095673420372, 36.786177688947916], [-120.18095667042331, 36.7864277288536], [-120.1809566686267, 36.786427780653014], [-120.18104382766715, 36.78651551015003], [-120.18116498434783, 36.78659264370677], [-120.18139563488184, 36.78660331868448], [-120.18156482358248, 36.786611149014924], [-120.1817905127212, 36.7865849356784], [-120.18185958777663, 36.786611399378295], [-120.18196363783939, 36.78661840883269], [-120.18196613964743, 36.786620646994585], [-120.18203345759821, 36.78668085935261], [-120.18206811729684, 36.78676726264399], [-120.18205068099715, 36.78707103060237], [-120.18205067381062, 36.7870710824014], [-120.18201605543453, 36.78723457859463], [-120.1820160419598, 36.78723463111294], [-120.18191321630081, 36.78752396696549], [-120.18191319833448, 36.78752401732532], [-120.1818247079908, 36.787773014708904], [-120.18182469631272, 36.78777306506858], [-120.18179820948656, 36.788244981329015], [-120.18179820679161, 36.78824503384662], [-120.18179018124287, 36.78838803418879], [-120.18179017764959, 36.7883880867063], [-120.18178352203165, 36.788506667608786], [-120.1817835193367, 36.78850672012628], [-120.18176453703643, 36.788844933932104], [-120.18176453434151, 36.78884498572988], [-120.18173794780235, 36.7893186816822], [-120.18173793881921, 36.789318732760286], [-120.18168632701286, 36.7894480961539], [-120.18168630455496, 36.78944814507364], [-120.18146046360096, 36.78983930580169], [-120.181174333115, 36.79008488065839], [-120.18104400283862, 36.79019673613006], [-120.18047099716328, 36.79079366997342], [-120.18026284403723, 36.79093288082513], [-120.18007750991602, 36.79109136827817], [-120.18001927213615, 36.791141169673494], [-120.17995075493448, 36.791188498486235], [-120.17974188495282, 36.79133277960521], [-120.17959749334733, 36.79138871508319], [-120.17959192469087, 36.79139087181467], [-120.17942929638679, 36.79145387165531], [-120.17916902660119, 36.79161888575702], [-120.1788910887506, 36.79173162959006], [-120.17856081415326, 36.791915303227206], [-120.17849915289383, 36.791975500633676], [-120.17832503154398, 36.79214548526787], [-120.1782896262437, 36.792180050173975], [-120.17823724368286, 36.79223118819308], [-120.1782152825691, 36.792252627217984], [-120.17816203582893, 36.79230460902317], [-120.17793631435087, 36.7927137547179], [-120.17781419916777, 36.792852831154164], [-120.17779650056006, 36.792863996593674], [-120.1777090289059, 36.79291918424169], [-120.17734605383556, 36.7931481892484], [-120.17652992811175, 36.79334720512816], [-120.17639959963199, 36.79336947471484], [-120.17634696464457, 36.79337846829674], [-120.17613642918639, 36.79341444261387], [-120.17597384849299, 36.793442222561666], [-120.175765758249, 36.793520554090136], [-120.1754535891962, 36.79366862548708], [-120.17517559654836, 36.793763367004075], [-120.17453295796379, 36.79411984313207], [-120.1741509727454, 36.79441492082586], [-120.17403002088058, 36.7945787336924], [-120.17389121679615, 36.7948142201889], [-120.17389119074501, 36.79481426694715], [-120.17380433892839, 36.795003706746236], [-120.17380431826717, 36.795003756381796], [-120.17368240520501, 36.795178816536364], [-120.17354339989792, 36.79529935651808], [-120.17342239772749, 36.79562084925345], [-120.17342238515104, 36.79562089960797], [-120.17343951782017, 36.796089936183726], [-120.17343951782017, 36.79608998797661], [-120.17349130300133, 36.79626235386238], [-120.17349131467944, 36.796262403497124], [-120.17350865216443, 36.796533081500215], [-120.173508656656, 36.796533134012186], [-120.17354396673488, 36.79671423816397], [-120.17354397481972, 36.79671428851778], [-120.17356116318435, 36.79691510067179], [-120.17356116587932, 36.79691515246416], [-120.1735437978516, 36.797270650735804], [-120.17354379425834, 36.79727070324722], [-120.17376104103003, 36.79841386671341], [-120.17379827889351, 36.79860981538978], [-120.1738736583256, 36.79900646521512], [-120.17387366461382, 36.79900651556742], [-120.17388992052722, 36.799437722811824], [-120.17388992322216, 36.79943777460249], [-120.1738850893876, 36.79948855819002], [-120.17388508220108, 36.79948861285785], [-120.17384594170585, 36.79989998960583], [-120.17384593631596, 36.79990004211544], [-120.17371094378326, 36.80054398385332], [-120.17371093300346, 36.80054403636255], [-120.1737157596515, 36.80066096419304], [-120.17371576234645, 36.80066101670214], [-120.17357377193768, 36.801369964232556], [-120.17357376025957, 36.80137001674117], [-120.17355493875777, 36.801409964292795], [-120.1735549234864, 36.80141001176632], [-120.1735491634888, 36.80151519722336], [-120.17354916169216, 36.801515249012624], [-120.1735439855995, 36.801609773667835], [-120.17354397571802, 36.80160982473772], [-120.17353821751706, 36.801622721680005], [-120.1735381950592, 36.80162277059196], [-120.17343946931113, 36.801843853911606], [-120.17343944415832, 36.80184390066557], [-120.17331826322314, 36.80203465448491], [-120.1731789327259, 36.80216658152998], [-120.17295343313172, 36.80245172509351], [-120.17274515154658, 36.802800525599345], [-120.1726064929892, 36.80297293752264], [-120.17239766702501, 36.8031460136722], [-120.17210251386031, 36.8033462069278], [-120.17187695946889, 36.80346026344297], [-120.17154686543289, 36.80359879098084], [-120.17123473590595, 36.80364999330439], [-120.1709914361944, 36.803711778278135], [-120.17038420740168, 36.80369283258899], [-120.17012346150902, 36.80373622497143], [-120.16968982944998, 36.803892609394765], [-120.1694638950712, 36.80390291513283], [-120.16927321597404, 36.8039456427888], [-120.16909923925299, 36.80389429968551], [-120.16894277967995, 36.8038838393026], [-120.1687868716725, 36.80378087605832], [-120.16861314468306, 36.80358979572178], [-120.16852664410771, 36.8034503244765], [-120.16837019980605, 36.80330237628385], [-120.16786651712118, 36.8031552024696], [-120.16760611977483, 36.803112976430064], [-120.1673107761673, 36.80287834621811], [-120.16713742377536, 36.80269612017286], [-120.16701570205437, 36.80252197342895], [-120.16692892300127, 36.802348762081614], [-120.16685959821417, 36.80215781267876], [-120.16677265117615, 36.80202733714622], [-120.16666824448222, 36.80180185372606], [-120.16658157232867, 36.801741105151], [-120.16645998804992, 36.801618831738026], [-120.16632125762733, 36.80152315262562], [-120.16614769862286, 36.80144467175492], [-120.16578270773303, 36.80133243925145], [-120.16555724137649, 36.80123688062324], [-120.16521042160824, 36.80101229831631], [-120.1650540734263, 36.800959096013194], [-120.16461989159833, 36.80076851358595], [-120.16409928555186, 36.800472192233364], [-120.1639427846563, 36.80040310369606], [-120.16368266129614, 36.800203138679755], [-120.16363009907222, 36.799917977393065], [-120.16364520065048, 36.79987588551826], [-120.16375188996348, 36.79957850044449], [-120.16375190703148, 36.799578448653925], [-120.16375191062474, 36.79948389128044], [-120.16375191062474, 36.799483840209135], [-120.16369947865655, 36.799309171130645], [-120.16359565317265, 36.799144275018136], [-120.16326562201873, 36.79890209058236], [-120.16288350384968, 36.798798448794884], [-120.16274483630916, 36.798779239338195], [-120.16251927023966, 36.79878067438292], [-120.16231078204198, 36.798737381336245], [-120.1621195379045, 36.798737361914576], [-120.16149467338616, 36.79858948446198], [-120.1612341898015, 36.7985899800752], [-120.16099104460021, 36.7985548850431], [-120.16036586746812, 36.798303394273155], [-120.16014080715007, 36.798232706876114], [-120.15986290163885, 36.7981720720009], [-120.15961986603199, 36.79807835234603], [-120.15922047146341, 36.79781642901169], [-120.15906384480374, 36.79767760615942], [-120.15890752357124, 36.79762650486528], [-120.15869969833027, 36.79758320541153], [-120.15850863205922, 36.79750417453001], [-120.158074081922, 36.797435168916], [-120.15784830474838, 36.79734873305658], [-120.15765779004292, 36.79731257715676], [-120.157345278732, 36.79727812966], [-120.15710185684956, 36.79727001844047], [-120.15696336358221, 36.79732306001725], [-120.1569114292807, 36.797382594264526], [-120.15691141490767, 36.797382646775866], [-120.15685906109289, 36.79756611983774], [-120.156859055703, 36.79756617234896], [-120.15682418130703, 36.79790327508013], [-120.15682416513737, 36.79790332543315], [-120.15672005129424, 36.79818232384001], [-120.15661608028326, 36.79826765243617], [-120.15645983001767, 36.79836317160955], [-120.15630383217872, 36.79841567293624], [-120.15592182270582, 36.79863182664851], [-120.15574815680183, 36.79878092902246], [-120.15507112980987, 36.79923096924393], [-120.15472363001692, 36.79953591996918], [-120.15456752078684, 36.79964929018048], [-120.15439374798335, 36.79972627384522], [-120.15397720547432, 36.79998660744868], [-120.15361249575717, 36.80016941322924], [-120.15331760130726, 36.80034256764536], [-120.15257101596623, 36.800890105020706], [-120.15194595831007, 36.80131447481387], [-120.15170269632773, 36.80145283647953], [-120.15123407488842, 36.80153173884864], [-120.15081719640946, 36.801627584826505], [-120.15067822164514, 36.801714358960005], [-120.1505914812196, 36.80178433679852], [-120.15012275647405, 36.802262057718565], [-120.150018588732, 36.802426246533415], [-120.1498793687276, 36.80257389000322], [-120.14949808958501, 36.802902625584764], [-120.14904651008494, 36.80337160534198], [-120.14894200457636, 36.803544930179264], [-120.14875139824278, 36.80364160799656], [-120.14857785450963, 36.803675845480186], [-120.14816064994223, 36.803668074435855], [-120.14800435386259, 36.80363270409051], [-120.14784845034671, 36.80362446407442], [-120.14757057447989, 36.803640416157855], [-120.14701525753082, 36.803807271960665], [-120.14647687831639, 36.80387541733748], [-120.14619918121433, 36.803979086779556], [-120.14600815536747, 36.80403077579554], [-120.1455914709246, 36.804049986092906], [-120.14545220241118, 36.80400615657112], [-120.14496643842129, 36.80417024526444], [-120.14442847602518, 36.804396111554375], [-120.14418507929557, 36.80448258333578], [-120.14389029533847, 36.80463097231593], [-120.14215424805128, 36.805584932112275], [-120.14207992413964, 36.805696831122205], [-120.14204958443923, 36.805742507443206], [-120.14204956108304, 36.805742555633266], [-120.14191085222001, 36.80602748664872], [-120.1419108387453, 36.80602753915414], [-120.14187571910925, 36.80615953196486], [-120.14161576822559, 36.806331209883204], [-120.14132020812409, 36.80642785972837], [-120.14107762167487, 36.8064715886078], [-120.14033113425016, 36.80665410487547], [-120.14003600084841, 36.80679334660034], [-120.13975781775774, 36.80732295538128], [-120.13942804531864, 36.80767760339355], [-120.13942803364053, 36.80767765517865], [-120.13937616581433, 36.80790399588734], [-120.13930639456453, 36.807990112721086], [-120.13918474560708, 36.80805928000252], [-120.13873330444756, 36.80819940526613], [-120.13854276818255, 36.80827596318167], [-120.13826513036925, 36.8084156018491], [-120.1377960777386, 36.808728797184145], [-120.13757053951684, 36.80882240383314], [-120.13722341791465, 36.80904168772544], [-120.13649403351467, 36.80944079144267], [-120.13605988851761, 36.80958805602455], [-120.13588660619428, 36.80959514464838], [-120.13576448831621, 36.80952682239922], [-120.13562624657715, 36.80942210896732], [-120.13553893572143, 36.80943134735698], [-120.13524421554469, 36.80957971380099], [-120.13470569888807, 36.809970012953876], [-120.13437600100913, 36.81002057451173], [-120.13421977320144, 36.81002131386489], [-120.13404596446532, 36.80998566308331], [-120.13375069721458, 36.80988140698136], [-120.13349038520816, 36.80993371557329], [-120.13295207696069, 36.81007391651999], [-120.13265722113834, 36.81007354468601], [-120.13244904285945, 36.81003933667391], [-120.13222282461304, 36.80994371483158], [-120.1317541133422, 36.80989180181546], [-120.13149398369379, 36.809917113910316], [-120.13130256707981, 36.809959782111534], [-120.13111189157588, 36.810038577182944], [-120.13086914702318, 36.81025575820958], [-120.13074715760423, 36.81046451234521], [-120.13066057797715, 36.81056835554581], [-120.13057393995956, 36.81063831882037], [-120.13043478283721, 36.81072506835899], [-120.13024355307282, 36.81080161368014], [-120.1300181109708, 36.8109673225669], [-120.12993117561085, 36.81106216926582], [-120.12993115225464, 36.81106221745259], [-120.12972267124353, 36.81148736730564], [-120.12961875413144, 36.81162679442476], [-120.12951464837319, 36.81173248295194], [-120.12934111272492, 36.811800291163536], [-120.12876820676256, 36.81193067093218], [-120.12828212926065, 36.81209694122445], [-120.12788272031902, 36.8121391256308], [-120.12767393837227, 36.81213850712292], [-120.12737916519492, 36.81206150716822], [-120.1271010485796, 36.81194892127723], [-120.12680599063631, 36.81176606378544], [-120.12659821480267, 36.81170471323419], [-120.12600782313332, 36.811645456943765], [-120.12600778899737, 36.81164171135088], [-120.12600726258461, 36.811584639223334], [-120.12600726258461, 36.81158458672173], [-120.12581634453558, 36.81157551256953], [-120.12498296397176, 36.81160929053276], [-120.12437519529156, 36.81171395997884], [-120.12408036282545, 36.811731560938824], [-120.12380230280395, 36.81184417447898], [-120.12355985200035, 36.811921746414114], [-120.12335109161316, 36.81206985271739], [-120.12319485572061, 36.81227779209418], [-120.12319483416107, 36.81227784028017], [-120.12314295106351, 36.812391433995764], [-120.12288261120933, 36.81272093867545], [-120.12277848658644, 36.81280848703065], [-120.1226567927132, 36.81287763701369], [-120.12243073436692, 36.81294647336843], [-120.12225743677219, 36.812955791162686], [-120.12213619385324, 36.812937077900784], [-120.12189283395455, 36.81292889426346], [-120.12159751100828, 36.812937633113705], [-120.12114632317368, 36.81290407652734], [-120.12086870153007, 36.81294695522414], [-120.12062535600444, 36.81295451388559], [-120.12017383848813, 36.81305858025248], [-120.11991359924528, 36.813162591100635], [-120.1194621257464, 36.81330264229742], [-120.1192363126402, 36.8133285962151], [-120.11852439687918, 36.813502926944544], [-120.11836836670088, 36.81357126362495], [-120.1181772393444, 36.81360716157356], [-120.11802109957158, 36.813605630436335], [-120.1178130856844, 36.81365911665956], [-120.11748304554733, 36.8137186295771], [-120.11725732317092, 36.813796593004085], [-120.1169796880526, 36.8138417128826], [-120.116458688544, 36.81387638666195], [-120.11541663922117, 36.81384858967386], [-120.1152257651896, 36.81389362034357], [-120.1150696254168, 36.81389208561617], [-120.11442727519145, 36.8140048901561], [-120.11401050091705, 36.81400599625139], [-120.11383669757082, 36.813988309513036], [-120.11340259748957, 36.81381553403572], [-120.11312518066184, 36.81377952974618], [-120.11272612026654, 36.81377203804992], [-120.11253468388959, 36.81381467605463], [-120.11234416379425, 36.81379658149717], [-120.11216989781563, 36.813754010366154], [-120.11203133897128, 36.81364027339784], [-120.11147603280199, 36.813095071770164], [-120.11123283280342, 36.81291114326851], [-120.11098991577418, 36.81281521576184], [-120.1105385985822, 36.81276362329374], [-120.11010397657975, 36.81277316693565], [-120.10953101851511, 36.81266011174078], [-120.10932269201419, 36.812573988652716], [-120.10914936747001, 36.81256529219325], [-120.10901029838257, 36.81257315223348], [-120.10869809968537, 36.8126240479342], [-120.10850715199194, 36.8126171947662], [-120.10833336032383, 36.8125813661149], [-120.10814253300464, 36.81259025603491], [-120.10796892908441, 36.81262443485879], [-120.10741321957155, 36.81294658484252], [-120.10708331957166, 36.81309392898325], [-120.10645848559602, 36.81322523142064], [-120.10619800829959, 36.81325934451515], [-120.10592005338101, 36.813329180192504], [-120.10552095435818, 36.813362291417825], [-120.10505216852714, 36.81334640177123], [-120.10486083994805, 36.81329441698647], [-120.10446160797454, 36.81331163929217], [-120.10421844121363, 36.81337103741046], [-120.10388886370892, 36.813527510033126], [-120.10340241340619, 36.813797284854864], [-120.10300310417755, 36.813945241536416], [-120.10282983263397, 36.8139702746884], [-120.10265582357354, 36.81394357448127], [-120.10244772883799, 36.8139610469149], [-120.1022390987065, 36.813996512454914], [-120.10196151030055, 36.81407533501545], [-120.10173559748132, 36.814196005631544], [-120.10144054492795, 36.81440501799398], [-120.10119737277718, 36.814613142327545], [-120.1008505934331, 36.81475992086914], [-120.10022526179078, 36.81484831407442], [-120.09993050747806, 36.81486360506014], [-120.09963544594152, 36.81482941285264], [-120.09935702030575, 36.814874491848855], [-120.09888829645847, 36.81506354042267], [-120.09868000139858, 36.81510799648218], [-120.09828079278127, 36.815159077480985], [-120.09807270702885, 36.815255406221745], [-120.09782928963803, 36.81539365639724], [-120.0976559749753, 36.815567272609975], [-120.0975346754625, 36.815776131642735], [-120.0975346592928, 36.815776183422294], [-120.09746479641484, 36.81599296270266], [-120.09746479551656, 36.81599301376296], [-120.09746497517959, 36.816227306056646], [-120.09746496350152, 36.816227358555075], [-120.09741306423426, 36.81643554553438], [-120.09741304177639, 36.81643559443693], [-120.09730883181355, 36.81665366848226], [-120.09708276178912, 36.81683520041008], [-120.09642285399154, 36.81712997052308], [-120.09524293662878, 36.81772965013262], [-120.09494771788707, 36.817997267826264], [-120.0947564674614, 36.818294463429226], [-120.0944614616204, 36.81866582578732], [-120.09371458253025, 36.81944733263599], [-120.09352403997703, 36.819595793289984], [-120.09328052017821, 36.81984663667432], [-120.09302043724222, 36.820038590441605], [-120.09189158191684, 36.821063022487394], [-120.09138809057313, 36.82142694878012], [-120.09107604279288, 36.82154766461578], [-120.09052033687328, 36.82182699826843], [-120.09015575292031, 36.82194873603757], [-120.0898782732105, 36.822061269827365], [-120.08960027696942, 36.822131066552835], [-120.08933948885593, 36.8222260130373], [-120.08885351196531, 36.82231325712836], [-120.08862782821649, 36.82237303154117], [-120.08791627627318, 36.822459314749416], [-120.08769054850691, 36.82257320975849], [-120.08746432217563, 36.82273883851118], [-120.08713514442125, 36.82303260863992], [-120.08692663825727, 36.82318978779424], [-120.08664898876589, 36.823363183539385], [-120.0863711164923, 36.82344871777872], [-120.08604090747197, 36.823510391136104], [-120.08574574352748, 36.82358876669387], [-120.08477376369513, 36.8235807510237], [-120.0844090422999, 36.82370247090217], [-120.08413120955218, 36.82382173850569], [-120.0836275547151, 36.823987415611114], [-120.08331531200044, 36.82405637860046], [-120.08310671151337, 36.82414354294392], [-120.0829160979932, 36.82425599944077], [-120.08275940216328, 36.82437841143849], [-120.08249956626399, 36.8245432100627], [-120.08227332286474, 36.824724572271315], [-120.0820132039961, 36.824821892803364], [-120.08098878590735, 36.82502868656833], [-120.08027678300977, 36.8252387731248], [-120.07970418786454, 36.825298906226415], [-120.07897458607223, 36.82530797084191], [-120.07859316409755, 36.82516792723037], [-120.07836748124703, 36.82513307304541], [-120.07784632722823, 36.82500310118867], [-120.07758562355635, 36.82498541986781], [-120.07711687635289, 36.82483882128958], [-120.07680438121163, 36.8247860267203], [-120.07652700211315, 36.824691316393185], [-120.076266545478, 36.8245947665469], [-120.07598841179468, 36.824412194538205], [-120.07581499741897, 36.82423897303054], [-120.07565882171355, 36.82399643579878], [-120.07553740991133, 36.82370959273511], [-120.07536339905427, 36.82314640787562], [-120.07524236095121, 36.82290244121741], [-120.0745650276337, 36.82205209120914], [-120.07407886119859, 36.82140939103863], [-120.07395746466773, 36.82102793847434], [-120.07393943098837, 36.820820288939316], [-120.07393942559848, 36.82082022709552], [-120.07393942110693, 36.820820175319305], [-120.0738700846417, 36.820636061151205], [-120.07376625017466, 36.8204194942167], [-120.07354080358104, 36.82015928329801], [-120.07340131408203, 36.819959889800394], [-120.07321072930802, 36.81977711544703], [-120.07296785809285, 36.81958636052484], [-120.07244682983816, 36.81932576707408], [-120.07225583812729, 36.81926473252583], [-120.07196057626646, 36.8191267237784], [-120.07133549974567, 36.81874416675434], [-120.07084925336048, 36.818563113263906], [-120.07065839370195, 36.81842335215483], [-120.07039787418472, 36.818329038827244], [-120.07020670191248, 36.818310736068], [-120.06996401485193, 36.818336325123475], [-120.06968601861087, 36.81838808139445], [-120.06923454062041, 36.81852780013898], [-120.06881814902835, 36.81873609879912], [-120.06855780917415, 36.81884013717027], [-120.068332010441, 36.81889987330529], [-120.06808916527697, 36.819004181846935], [-120.06782832955277, 36.81906534316987], [-120.06755062616246, 36.819092352254565], [-120.06623140255702, 36.819352465403824], [-120.06612719798407, 36.81943996302682], [-120.06595326797539, 36.819534810015], [-120.06565855498518, 36.81962213268218], [-120.06541539900407, 36.819733323693335], [-120.06508566339589, 36.81983781519455], [-120.06447743208332, 36.820081910277516], [-120.06381799679954, 36.820306630813796], [-120.06324477283358, 36.820384819086584], [-120.0628977230966, 36.82046414995639], [-120.06244638614169, 36.82067146103545], [-120.06202962893526, 36.82100133565186], [-120.06159584236605, 36.82126092886892], [-120.06077981635522, 36.82153140273273], [-120.06057164166958, 36.82162541512328], [-120.05998123383057, 36.82200724511474], [-120.0597555940992, 36.82217296066543], [-120.0590261153761, 36.82259871613082], [-120.05874826196712, 36.82273816759498], [-120.05834926175899, 36.82284098669395], [-120.0581583050824, 36.82284979704111], [-120.05772368846982, 36.822929155557695], [-120.0575153431043, 36.82293741003526], [-120.05722023485538, 36.822979726533305], [-120.05696024354754, 36.82299812741081], [-120.05671718638112, 36.8229808123642], [-120.05650867033569, 36.82293733237311], [-120.05630049744667, 36.822866861872434], [-120.05551920299966, 36.822797925855795], [-120.05440795106061, 36.82252909385348], [-120.05399100341138, 36.822530129354014], [-120.05380029466981, 36.82257267043559], [-120.0536611034115, 36.82256472081591], [-120.05324488878752, 36.822493494919335], [-120.05296664730638, 36.82242586157287], [-120.05235949576875, 36.82219895759785], [-120.05218520284072, 36.82210456622626], [-120.0519599484866, 36.82202467543795], [-120.0513175147179, 36.821896045901696], [-120.05112667392397, 36.821904844852014], [-120.05048398683039, 36.821746969841335], [-120.05031035506235, 36.8216344413422], [-120.05015422966262, 36.82150447289147], [-120.05001557290188, 36.8213387896914], [-120.04985910524401, 36.82103520653581], [-120.04972033439724, 36.82083578439847], [-120.0494774407242, 36.82055936961569], [-120.0489737454629, 36.8202112260264], [-120.04841809703551, 36.81955987369963], [-120.04833121826944, 36.819413427250296], [-120.04765422631175, 36.81891001018484], [-120.04749773799261, 36.81873491294844], [-120.04732443051644, 36.81857964257665], [-120.0469768139425, 36.818127118541106], [-120.04673398045661, 36.817884577040985], [-120.0465081224346, 36.81772792131358], [-120.04616060198042, 36.81756386167603], [-120.04609132121075, 36.8175464569452], [-120.04590052712926, 36.817424509374376], [-120.0453624614269, 36.81717237868747], [-120.04517134754514, 36.81709555567274], [-120.04498039446185, 36.817052470746546], [-120.04471955065279, 36.816931109934366], [-120.0445460778866, 36.81686819649299], [-120.04425119870803, 36.8166873823576], [-120.04381687314965, 36.81646936665985], [-120.04367782113019, 36.81633066679734], [-120.0434179448067, 36.81613043845155], [-120.04313962696872, 36.81582829668981], [-120.04296612904972, 36.81571364802986], [-120.04272348870158, 36.81561069134445], [-120.04189024737666, 36.81540293290126], [-120.04166392223068, 36.81536800954399], [-120.04129970209539, 36.815237258067405], [-120.04109120850782, 36.815142018841804], [-120.04067460491333, 36.81506400140921], [-120.04048344701415, 36.81509752396705], [-120.03970237175606, 36.81544529887262], [-120.03919901066809, 36.81563552905877], [-120.03859125905586, 36.81579387981587], [-120.0381394675534, 36.81582762427467], [-120.0377229573837, 36.815749736989886], [-120.03714995979323, 36.815584457007866], [-120.03683757065316, 36.81560128397805], [-120.03649063320562, 36.81568053710243], [-120.03581329629485, 36.81591368257365], [-120.03531009331034, 36.81597540731034], [-120.03515350887147, 36.81596701975658], [-120.0350147604826, 36.81595004975406], [-120.03480624892875, 36.81585255037531], [-120.03445919110692, 36.81562758662935], [-120.03421588959874, 36.81550661837875], [-120.03399010344195, 36.815437940384776], [-120.03359114635293, 36.815376059875135], [-120.03341769694295, 36.81533351335492], [-120.03317433794258, 36.81534089198946], [-120.03268819037206, 36.81539416628496], [-120.03253204520936, 36.81539252227465], [-120.03241046632051, 36.81536697035073], [-120.03201076362977, 36.815106868108636], [-120.03183763132506, 36.8150551815357], [-120.03152478584084, 36.815029399365415], [-120.03136885447721, 36.81498487781594], [-120.03083034860036, 36.81489026970706], [-120.03017039229374, 36.814803843480696], [-120.02975379408915, 36.81470793344843], [-120.02923292483625, 36.81468135288101], [-120.0289208581914, 36.81463756899931], [-120.02812218224199, 36.81458602882064], [-120.02780965655799, 36.81455109933725], [-120.02758383267198, 36.81459501271939], [-120.02713264393907, 36.814759452689096], [-120.02682019730682, 36.81494087044634], [-120.02629910347513, 36.815193747067774], [-120.02607340714988, 36.81528939040006], [-120.02576072156579, 36.815385193986614], [-120.02557003528213, 36.815479562721436], [-120.02522267382975, 36.815696127812416], [-120.02510093054919, 36.81585303940435], [-120.02494488240454, 36.8161397119896], [-120.02456271572646, 36.816583035420024], [-120.0243721641901, 36.81674713024093], [-120.02418113564829, 36.81686862870264], [-120.02388606602693, 36.817016577290175], [-120.0232778778335, 36.81738206179663], [-120.0228788120483, 36.817719106061894], [-120.02247932944482, 36.81821359638883], [-120.0223755380969, 36.81839580492001], [-120.0223755201306, 36.81839585525955], [-120.02228872939943, 36.81863016680623], [-120.02228870334827, 36.81863021283079], [-120.02211505990216, 36.818934411034945], [-120.02211503654598, 36.81893445777847], [-120.02180259620194, 36.81955062358795], [-120.02180257464238, 36.81955067176936], [-120.02159416639476, 36.82002975244417], [-120.02159415292003, 36.820029803501775], [-120.0214897614975, 36.820410174454565], [-120.02148976509078, 36.82041022695012], [-120.02155917701445, 36.82131309593074], [-120.02155916084479, 36.82131314698748], [-120.02138553895824, 36.82183368953253], [-120.02138552548351, 36.82183374058894], [-120.02126432209045, 36.82228566958585], [-120.02126431310728, 36.82228572136106], [-120.02116021094227, 36.822911682294816], [-120.02116020016248, 36.8229117347887], [-120.02102092446252, 36.82346684960424], [-120.02102090380126, 36.823466898502254], [-120.0209169336886, 36.82370978832664], [-120.0204133004111, 36.82446534171433], [-120.02027504968885, 36.824707440980085], [-120.02004879371317, 36.824994680108674], [-120.01970174397621, 36.8252202253763], [-120.01954525296213, 36.82527943448525], [-120.01879907186294, 36.825479176534046], [-120.01860823645896, 36.82557578422805], [-120.01836476516918, 36.82573186301884], [-120.01746242902584, 36.826002050712006], [-120.01706302188084, 36.82616546020417], [-120.01687164030116, 36.826295943496966], [-120.01664611196088, 36.82641855932083], [-120.01612550771101, 36.826799739097005], [-120.01563944009055, 36.82710303045756], [-120.01518795581191, 36.82732815389821], [-120.01492705720561, 36.827441071660104], [-120.01466649816251, 36.82752910651351], [-120.01428471955664, 36.827729054089964], [-120.013278080924, 36.828300761837504], [-120.0131305577914, 36.82830148088087], [-120.01298303555713, 36.82830234013762], [-120.01270514441896, 36.8281894869227], [-120.01256625229959, 36.82810262415379], [-120.01221899595012, 36.82800594271221], [-120.01194077333358, 36.827953957817506], [-120.01175025323822, 36.82793556100791], [-120.0108646859463, 36.82797191456625], [-120.01053471947107, 36.828006386363676], [-120.00985775356456, 36.828120031517265], [-120.00892005074849, 36.82809184926062], [-120.00853833412638, 36.82798082139394], [-120.00791295487335, 36.8276159246334], [-120.00758298660152, 36.827632393747805], [-120.00734059508672, 36.82761497692576], [-120.00704508169757, 36.8275196840739], [-120.00671535417423, 36.82738966809458], [-120.00636820831753, 36.82738097188033], [-120.00625543022349, 36.82738941211211], [-120.00614265123114, 36.82739785306202], [-120.00560409055707, 36.82737299759337], [-120.00549979705087, 36.82740631917781], [-120.0052221709157, 36.827536788130615], [-120.00499618443462, 36.82767526706977], [-120.00468373959902, 36.82776201599517], [-120.00454497953203, 36.827780999589805], [-120.00437129206847, 36.82778114627567], [-120.00402448667326, 36.827727318306316], [-120.003677020118, 36.82772761024011], [-120.0035032185684, 36.827745749680304], [-120.00287846094955, 36.82786736730016], [-120.00275652902275, 36.82785078103157], [-120.00233977810458, 36.827666773659885], [-120.00195804261786, 36.82744986925376], [-120.00161080513298, 36.827371150348554], [-120.00100296818083, 36.8273108498982], [-119.99945779043364, 36.82735513489989], [-119.99874610913297, 36.82745887537134], [-119.99836405384599, 36.82755502612601], [-119.99756556923772, 36.82771077227409], [-119.99694065082045, 36.82799683455452], [-119.99655824608882, 36.82810197557502], [-119.99629846319012, 36.82820585524748], [-119.99582916711603, 36.82827514447594], [-119.99548235812755, 36.828293406023725], [-119.99508298601684, 36.828292265620846], [-119.99447492179092, 36.82838052167903], [-119.99374557871342, 36.82859641319477], [-119.99346816188569, 36.828632104922086], [-119.99313794028893, 36.828761136582806], [-119.99253051746014, 36.829065732409475], [-119.99211420402149, 36.82921289020766], [-119.99187054678046, 36.829386908648445], [-119.99152370006274, 36.829691235942505], [-119.9912111007169, 36.83008890754648], [-119.99084660120555, 36.83050555209277], [-119.99075980328783, 36.830663273137944], [-119.9907598014912, 36.83066331556015], [-119.99074235351344, 36.83101879375345], [-119.99074236069994, 36.83101884480374], [-119.990759743999, 36.83116569829627], [-119.99084614935292, 36.83142689854026], [-119.99103777347776, 36.831722407675976], [-119.99115914216087, 36.831878599035775], [-119.99128071116827, 36.83212054182868], [-119.99133244334885, 36.83235615517264], [-119.99133244514549, 36.83235620622202], [-119.99133274518279, 36.83254537123122], [-119.9913327335047, 36.83254542299948], [-119.99122839957431, 36.83293701356627], [-119.99122839957431, 36.83293706533428], [-119.99122861067842, 36.83309235115217], [-119.99122861876326, 36.83309240148205], [-119.9912977279547, 36.83356272990525], [-119.9915410788702, 36.8342560762982], [-119.99159281913562, 36.834455700005975], [-119.99159281015247, 36.8344557524919], [-119.99155832742197, 36.83467331144186], [-119.99155831394725, 36.83467336392763], [-119.99150643084968, 36.83485451231263], [-119.99150642276487, 36.83485456407933], [-119.99135035845056, 36.835922890160006], [-119.99135033599269, 36.835922937612146], [-119.99128039136801, 36.83606079240377], [-119.9911414821807, 36.836192501917715], [-119.99096830046865, 36.836408837997624], [-119.99084656257796, 36.836583707141955], [-119.99074246310789, 36.83677249574439], [-119.99074244334497, 36.836772544633945], [-119.99053387160397, 36.83730350972021], [-119.99053385723094, 36.83730356004731], [-119.9904646959372, 36.837529272493164], [-119.99046467437766, 36.83752932066321], [-119.9903427146031, 36.837798749176706], [-119.99004780937341, 36.83817209752088], [-119.98926697127058, 36.83882128627509], [-119.98895400631042, 36.8390298028908], [-119.98864206183643, 36.83917717014479], [-119.98826000654948, 36.83939509742213], [-119.98784327808919, 36.83958729475608], [-119.98713152492327, 36.840028772723166], [-119.98558608396971, 36.8406789759397], [-119.98530803652466, 36.84074845732677], [-119.9850478215363, 36.84087937154533], [-119.98464839732334, 36.84093231892377], [-119.98445717564374, 36.84093194220727], [-119.98402363072131, 36.84083537762923], [-119.98324187903184, 36.84077496197974], [-119.9827034917326, 36.840585526875756], [-119.98221802867833, 36.84026233863637], [-119.98188813586498, 36.84016824202468], [-119.98152333451965, 36.840073576621464], [-119.98068972668209, 36.83995992693862], [-119.98041192537542, 36.83995046361295], [-119.9799606539975, 36.83988059111948], [-119.97983926644979, 36.83983017366402], [-119.97971768127272, 36.839750585363845], [-119.97964810675397, 36.839613511517726], [-119.97914460283383, 36.839143402911], [-119.97900609429513, 36.838977778036906], [-119.97862371651298, 36.83827636900693], [-119.9785545219816, 36.83802444146846], [-119.97846776269145, 36.837842097062385], [-119.97836315567325, 36.83766818412979], [-119.97812015330405, 36.83734663860421], [-119.97796401622621, 36.83716470167045], [-119.97782480250999, 36.83706880240732], [-119.9776512776415, 36.83690443481975], [-119.97746019609909, 36.83677338078871], [-119.97718239389411, 36.83642610039662], [-119.97711351377306, 36.836219438811916], [-119.97721733027385, 36.835593518446665], [-119.97721733835866, 36.83559346739945], [-119.97718238041936, 36.835306541273056], [-119.97709599033682, 36.83513305180566], [-119.97697395151052, 36.83506470705695], [-119.97680060540678, 36.83501968884423], [-119.97654014158512, 36.83492516877338], [-119.97541181985899, 36.83459458271338], [-119.97527261422762, 36.834498679508926], [-119.97501249176575, 36.83436128061526], [-119.97471711402224, 36.83429964476363], [-119.97400508866679, 36.83410816463478], [-119.97374507849432, 36.833986648247325], [-119.97298119878741, 36.833813986940555], [-119.97258156436868, 36.833571680659695], [-119.97237331242793, 36.833467322951535], [-119.97214767179821, 36.83338039355639], [-119.97148788167993, 36.833196922914105], [-119.97107124933936, 36.83304893442685], [-119.97074152451094, 36.8329886859054], [-119.9704286179413, 36.83291086785413], [-119.97006411304004, 36.83277315118589], [-119.96969960185056, 36.8325993043802], [-119.96888354709365, 36.832364468310665], [-119.9685538078922, 36.832304355142284], [-119.9683282561957, 36.8323030285767], [-119.96813725101009, 36.83232968786654], [-119.96780704558302, 36.83233704904429], [-119.96756391655136, 36.832407411600414], [-119.96733835138015, 36.832442212860364], [-119.96693869989339, 36.83255611026605], [-119.96678258617176, 36.83267597953488], [-119.96664363476363, 36.832823406485026], [-119.96640068719167, 36.832997372854294], [-119.96608824055942, 36.833189875301976], [-119.96537630144223, 36.83338802353737], [-119.96515072908453, 36.833422820756226], [-119.96423029009158, 36.833822770859534], [-119.9636230568073, 36.83411822041095], [-119.96334517105899, 36.834343058622146], [-119.96308494079926, 36.834473855825564], [-119.96277218694321, 36.83460322921679], [-119.96199080625794, 36.834837886576885], [-119.9618171664051, 36.83494157663895], [-119.96152197820611, 36.83515923486416], [-119.9612792740776, 36.835272601932665], [-119.9607580059727, 36.83537645820798], [-119.96035915039333, 36.83564553122311], [-119.96006384810828, 36.83567171985797], [-119.95976827363371, 36.83574078375672], [-119.95949048580178, 36.83574940424753], [-119.95917838591927, 36.83588115959285], [-119.9589178062149, 36.836036688198014], [-119.95857045823723, 36.83612245990888], [-119.95825837721934, 36.83621808355553], [-119.95799765108958, 36.836218132445396], [-119.95754641384765, 36.836165956852284], [-119.95730290752358, 36.83608770849426], [-119.9570600542747, 36.83604544741679], [-119.95672992430612, 36.83588830186134], [-119.95607044051333, 36.83574973066137], [-119.95575826157906, 36.83562014279796], [-119.95549754533077, 36.83560219143925], [-119.9553062428028, 36.835567958888184], [-119.95513271793432, 36.83545543058362], [-119.95502899396006, 36.83524550940569], [-119.95462932001543, 36.83495140870253], [-119.95388306794932, 36.83481279194735], [-119.95320547591703, 36.834759388092266], [-119.95287573851222, 36.8346990898702], [-119.9523375578255, 36.83454339533576], [-119.95199038412103, 36.83453453960101], [-119.95153877497654, 36.834579198607116], [-119.95068794912991, 36.834690326183335], [-119.9504102448413, 36.834750798406134], [-119.95015024634694, 36.834838691117646], [-119.94994181114987, 36.8348828847651], [-119.94969881057733, 36.834932968279766], [-119.94936878032172, 36.834969517670714], [-119.9488302942078, 36.83494229490089], [-119.9485006277699, 36.83495171139344], [-119.94780621837718, 36.83488210251329], [-119.94756271205311, 36.83482182739539], [-119.94738930037235, 36.83472503293693], [-119.9472505070677, 36.8345862209268], [-119.94700732773038, 36.83455293626176], [-119.94676416995266, 36.834499407121825], [-119.94655633213526, 36.83450985756936], [-119.9456881562272, 36.834370431154454], [-119.94535782144276, 36.83422225009177], [-119.94509781486354, 36.83418853243758], [-119.94478492356525, 36.83412639099774], [-119.94450714651306, 36.834119232746986], [-119.94429874635033, 36.83414317362764], [-119.94405599550942, 36.834134624854656], [-119.94356999256765, 36.83419652830278], [-119.94332682940002, 36.83414524215731], [-119.94304907300913, 36.83411769554923], [-119.94280557836315, 36.83405741120112], [-119.94252842114854, 36.833962387367066], [-119.94231957901467, 36.83396158281709], [-119.94169468125862, 36.834031143643664], [-119.94138224091459, 36.834135719874155], [-119.94034019428672, 36.83440412356395], [-119.93999337362013, 36.834525829100215], [-119.93964591784466, 36.834577665732475], [-119.93931595765764, 36.83469979950663], [-119.9389513180091, 36.8347603414632], [-119.93860407243936, 36.83483916636469], [-119.93825732633297, 36.83501273990032], [-119.93796182013037, 36.83525522207987], [-119.93771885459209, 36.83553273557379], [-119.9374928887723, 36.83571621067928], [-119.93709377986794, 36.83607981348257], [-119.93690254561194, 36.83621902396684], [-119.93669484883007, 36.836330812768075], [-119.93627757868565, 36.836480022900815], [-119.93577458950018, 36.83670579960793], [-119.93511483531448, 36.83719113423152], [-119.9349236369911, 36.83731262971113], [-119.93469810954913, 36.83764237003533], [-119.93469809517609, 36.83764242180015], [-119.93466318574585, 36.83776310702025], [-119.9346981427868, 36.83797335991526], [-119.9348366800716, 36.83815499224719], [-119.93490613780936, 36.83846767550025], [-119.934906139606, 36.838467726545545], [-119.93490662739119, 36.83854435987043], [-119.93490661661141, 36.83854441163464], [-119.93485441910353, 36.83879765169122], [-119.9348544011372, 36.838797702017345], [-119.93466310579576, 36.83930854429884], [-119.9346630833379, 36.83930859390572], [-119.93457659713557, 36.839491108079535], [-119.93457657108443, 36.83949115265371], [-119.93429827211112, 36.839968214087584], [-119.93429824965322, 36.83996826153721], [-119.93410750138582, 36.84035989749925], [-119.93410748072455, 36.84035994710545], [-119.93396850865516, 36.84069868100727], [-119.93396848440065, 36.840698727018555], [-119.93367373008795, 36.84123622357156], [-119.93343038276568, 36.841383130778425], [-119.93330898084491, 36.841402532999126], [-119.93320472416967, 36.841471989285544], [-119.93301349350692, 36.841714798943244], [-119.93290945422399, 36.84189678759864], [-119.9329094488341, 36.84189683432821], [-119.93289401487921, 36.842017079329416], [-119.9328748601024, 36.84216632437924], [-119.93287486459398, 36.84216637685993], [-119.93289214638341, 36.84243476746586], [-119.93289212841711, 36.84243481778959], [-119.9328400378087, 36.84256413961287], [-119.93284002702894, 36.84256419065544], [-119.93278829933992, 36.842790368524696], [-119.93247560836595, 36.84325086167448], [-119.93247558500977, 36.84325090984091], [-119.93240630783333, 36.843388729857274], [-119.93240630424009, 36.84338878089929], [-119.93238888051684, 36.84366762431907], [-119.93244068995253, 36.8437546707052], [-119.93251049174505, 36.843936476938666], [-119.93263228892454, 36.84411768030611], [-119.9327012939114, 36.844283881384314], [-119.9327184732929, 36.844412729925196], [-119.93271845802153, 36.84441276802646], [-119.93266671506119, 36.844535425982265], [-119.93254473642199, 36.84469223961584], [-119.93224990575249, 36.844882834176715], [-119.93207612396584, 36.8450743412473], [-119.93198966381468, 36.84518696395107], [-119.93155578831224, 36.845889881066576], [-119.93124302726964, 36.846280574450724], [-119.93073968774122, 36.84667094378443], [-119.93047947904108, 36.84681741354213], [-119.93008009974388, 36.84709524020202], [-119.92992310028335, 36.84723544279782], [-119.92971550231613, 36.84753875521307], [-119.92926395335878, 36.847894287247904], [-119.92879522591826, 36.84812103737625], [-119.92810007811036, 36.84848597649758], [-119.92756205822211, 36.84857125980339], [-119.9270935311059, 36.84857933683299], [-119.92678088235272, 36.84847666302979], [-119.92662461951073, 36.84840726198794], [-119.92648589896962, 36.84832029853471], [-119.92605204053515, 36.84812884344437], [-119.9255832349412, 36.84795451612027], [-119.92516650019269, 36.847824360190856], [-119.92384651301926, 36.847817191001546], [-119.92356900815663, 36.84783472542991], [-119.92343002351083, 36.847790634874954], [-119.9232911799005, 36.84772173209973], [-119.92311740530037, 36.84753015402268], [-119.92304794307103, 36.8473730845428], [-119.92283981060622, 36.84718288869007], [-119.9225790979512, 36.84704326612368], [-119.92228401305846, 36.84688682105925], [-119.92178042379838, 36.84668904853998], [-119.92122502240767, 36.846557662623404], [-119.92073871673368, 36.8464008743817], [-119.92049616801371, 36.846263860620574], [-119.92030520774387, 36.84611465016649], [-119.9200620059487, 36.84597552598791], [-119.91954125886667, 36.845768243216384], [-119.91941933502476, 36.84573357813693], [-119.91922833522904, 36.845620423547835], [-119.91867298773724, 36.84522987128627], [-119.9184991367803, 36.84512614628826], [-119.91832568826861, 36.84508118288199], [-119.91799604878018, 36.84502071738929], [-119.91697117434724, 36.84497846196685], [-119.91662387218369, 36.844935552333865], [-119.91634604033429, 36.844944212764844], [-119.91610363444644, 36.8449086860849], [-119.9157560582967, 36.844926644604755], [-119.9148009910462, 36.84503019805967], [-119.91431494588363, 36.8451437855721], [-119.91410681611379, 36.84517891891286], [-119.91329084400184, 36.84518689925142], [-119.91296085866203, 36.84525504732616], [-119.91275229770082, 36.84526536690499], [-119.9121444346975, 36.84537787143054], [-119.91193670827123, 36.8454378140134], [-119.91165849194289, 36.84557705922354], [-119.911398104478, 36.8456560081264], [-119.9112590506619, 36.845681489549996], [-119.91091214285875, 36.845699644861426], [-119.91075587283024, 36.84575182185815], [-119.91051281117224, 36.84580182421085], [-119.9096099171751, 36.846107314037646], [-119.90929762235815, 36.84627260572827], [-119.90882854906624, 36.846557827963906], [-119.90867264195711, 36.846688865946895], [-119.90846393277388, 36.84691327613933], [-119.90846391390929, 36.846913326460104], [-119.90836018724004, 36.84717410774317], [-119.90836018634172, 36.84717415878266], [-119.90835975155713, 36.84727096480233], [-119.90835973987905, 36.84727101656063], [-119.90829011146137, 36.84755536740494], [-119.90822078757257, 36.84767740569315], [-119.90789107352397, 36.84805171724247], [-119.90768250627455, 36.84844285102026], [-119.90749168883684, 36.84874641815082], [-119.9073699653192, 36.84889428065761], [-119.90691921676078, 36.849335268554064], [-119.90653729442447, 36.84959580795222], [-119.90634589577678, 36.8498048350383], [-119.90617211039687, 36.85003011234968], [-119.9060162131692, 36.85031648436397], [-119.90591185498432, 36.85043779006469], [-119.90504342036151, 36.85113379553043], [-119.90464437523758, 36.851332953951406], [-119.90438402819687, 36.85144555593496], [-119.90403685269577, 36.85155808802665], [-119.90325539834863, 36.85174954962451], [-119.90294281157921, 36.851784156627005], [-119.90261315861603, 36.85189719139533], [-119.90231771349886, 36.85195704476496], [-119.90193618731959, 36.85196530401734], [-119.90167584566878, 36.8519922892674], [-119.901432277361, 36.851965587951575], [-119.90120660529024, 36.85191465228698], [-119.90101602949936, 36.85191414120497], [-119.90068633701028, 36.85188750743109], [-119.90042554799848, 36.85188756853095], [-119.89988734485388, 36.852078509596915], [-119.89964418527954, 36.852182401992465], [-119.89948822876303, 36.85222577766559], [-119.89905369389716, 36.852243682711894], [-119.89858523145968, 36.85218416956796], [-119.8983424078552, 36.8521913412231], [-119.8979605259431, 36.85222636781555], [-119.89761285996185, 36.852278221921786], [-119.89705703366799, 36.85245289879494], [-119.8961372495469, 36.85260005185076], [-119.8959638423577, 36.85253917035967], [-119.89589368662898, 36.85241800169327], [-119.89584225807896, 36.85225214535886], [-119.8956860158982, 36.852182844066036], [-119.89558158584812, 36.85216644493133], [-119.89518237363755, 36.85221009376452], [-119.89497360336887, 36.85220920458599], [-119.89474827804787, 36.852234800274026], [-119.8941232374597, 36.852200504724046], [-119.89363677008892, 36.85214953111856], [-119.89330715036341, 36.85193126999735], [-119.89313373778432, 36.851852390830665], [-119.89268233345572, 36.85180235865042], [-119.89242166661482, 36.851802262328185], [-119.89167532741216, 36.85174900547557], [-119.89143179683356, 36.851722424118286], [-119.89117187289936, 36.85167045246676], [-119.8908940078123, 36.851679053191305], [-119.89066799887337, 36.85172256428876], [-119.89006022480326, 36.851931952877486], [-119.88988679874947, 36.851940858352826], [-119.8896439338225, 36.8519841414351], [-119.8888969640025, 36.85207046025215], [-119.88870592108766, 36.8521488618979], [-119.88861937649486, 36.85220965097228], [-119.88861935313867, 36.85220969913314], [-119.88849772574078, 36.85244303591583], [-119.88849769699468, 36.8524430776072], [-119.88842863092238, 36.85254031974559], [-119.88842861205777, 36.852540369343885], [-119.88823721790166, 36.853026394164466], [-119.88823721161344, 36.85302644591882], [-119.88822035023556, 36.85318143361278], [-119.88822033765913, 36.853181486085845], [-119.88805420323048, 36.85380210723781], [-119.88804610761315, 36.85383235089376], [-119.88804609952831, 36.853832402647626], [-119.88801209290492, 36.8540500725176], [-119.88801210009144, 36.85405012427126], [-119.88802886984118, 36.85418778321799], [-119.88811612769629, 36.8544920736476], [-119.88827198000821, 36.854744064096266], [-119.88861910520365, 36.85522164996503], [-119.8886716404781, 36.85532657027009], [-119.8886716422747, 36.85532662202289], [-119.88868911630365, 36.85567402143463], [-119.88872372928985, 36.85580331439611], [-119.8888628927004, 36.85610666972812], [-119.8889667936428, 36.85625570758054], [-119.8890358597151, 36.85641968496522], [-119.88915776379412, 36.85676758542693], [-119.8891577619975, 36.856767637897526], [-119.88915736314547, 36.85696572863655], [-119.88919233725443, 36.857088485050674], [-119.88919232377971, 36.85708852961458], [-119.88914053680192, 36.857260573418365], [-119.88908784971218, 36.85734929703249], [-119.8888107059723, 36.857704696470954], [-119.8888106951925, 36.857704748940904], [-119.88875805751012, 36.857982637380225], [-119.88875804313707, 36.85798268841244], [-119.88870614566648, 36.85815479561094], [-119.88861925342569, 36.858276382127706], [-119.88844572765888, 36.85842501899363], [-119.8876648230807, 36.85885964554405], [-119.8870571648933, 36.85910275720371], [-119.88657073615009, 36.859241041708934], [-119.88624062324948, 36.85925710151231], [-119.88528574913673, 36.859214076986795], [-119.88505998453955, 36.85914511622625], [-119.88485225272336, 36.8591192590696], [-119.88471281712327, 36.85906612590936], [-119.88455653900992, 36.85894493668316], [-119.88438352977441, 36.858597895705145], [-119.88417465979275, 36.85844151094321], [-119.88398406693388, 36.858355431480504], [-119.88393190446025, 36.85831123989796], [-119.88361925930035, 36.85813851491576], [-119.88323731989607, 36.858015907534785], [-119.88302923504196, 36.857929387708666], [-119.8828203057715, 36.85787885493277], [-119.88243851728416, 36.857738110499845], [-119.8822127437038, 36.857687137712034], [-119.88176144896968, 36.857549273749775], [-119.8816574420261, 36.8574696737048], [-119.88146642965397, 36.85737466314933], [-119.88137926342701, 36.85731377683584], [-119.88131025305023, 36.85720159822782], [-119.88118840017522, 36.857060828828224], [-119.88110185378581, 36.85701800647919], [-119.88038981495565, 36.85684402862458], [-119.87985201784954, 36.856523531208964], [-119.87964314696957, 36.8564188698698], [-119.87924403626864, 36.85625525403], [-119.87905308498195, 36.85619390824242], [-119.87882749106463, 36.8560888769979], [-119.87797633733292, 36.8559245819199], [-119.87782006281286, 36.85587318096484], [-119.87771630380426, 36.85578704110669], [-119.87754262442554, 36.85568114747876], [-119.8771607703612, 36.85547283871628], [-119.87691752365026, 36.85538753723339], [-119.87641378526985, 36.85512659348761], [-119.87622281062697, 36.855083166269914], [-119.87601469702679, 36.85499670422127], [-119.87601443561702, 36.854969765315765], [-119.87601443561702, 36.85496971356269], [-119.87559812397501, 36.8547965073435], [-119.87519830629995, 36.8546665456367], [-119.874747433774, 36.85448353002449], [-119.87330632675082, 36.853972475004824], [-119.8730453023804, 36.853859733701626], [-119.8729242265481, 36.85371916731927], [-119.87281973541256, 36.853669150018085], [-119.87179565688695, 36.85329523543995], [-119.87148314647435, 36.85320802021326], [-119.87096224128886, 36.85295553950295], [-119.87051061238145, 36.85284237403806], [-119.87040682552511, 36.85284408768741], [-119.87037224218331, 36.85278233734544], [-119.87047594819128, 36.85262746385264], [-119.87047609820992, 36.85253958583498], [-119.87047609820992, 36.8525395340803], [-119.87045898620207, 36.85242642047315], [-119.87035422467365, 36.85220967684975], [-119.87007677820152, 36.85210555662548], [-119.86997278113938, 36.85204429089054], [-119.86974706325458, 36.852026892565895], [-119.869208709193, 36.85232369001836], [-119.86896587301213, 36.852418661566915], [-119.86873977873324, 36.85247787550077], [-119.86801054704682, 36.852488170383744], [-119.8677853456933, 36.85244370657152], [-119.86703841270423, 36.852234886532244], [-119.8665697490441, 36.85250405621499], [-119.866100851822, 36.852505143064526], [-119.86589252711772, 36.852443474393866], [-119.86561460813175, 36.852418136830785], [-119.8655276592971, 36.8524180383529], [-119.86537168391598, 36.85247922256211], [-119.86498997448041, 36.852852159952675], [-119.8643471652159, 36.853130329837974], [-119.86415646725416, 36.85325149881285], [-119.8640699190681, 36.85336407281211], [-119.8640698957119, 36.853364120253424], [-119.8640172750975, 36.85346860104208], [-119.86401727869074, 36.85346865279614], [-119.86403459461617, 36.85371231064385], [-119.86403457485322, 36.853712360241346], [-119.86396556627311, 36.853877128733956], [-119.86372224859527, 36.8541546278427], [-119.86339241147745, 36.85440489644513], [-119.86318406970516, 36.85464946992927], [-119.86278508207342, 36.85504894890862], [-119.86224665165507, 36.85536138841467], [-119.86186467002993, 36.85549997367352], [-119.86172579228365, 36.85558647684252], [-119.86122253180696, 36.85583007043658], [-119.86096209044318, 36.85589070420127], [-119.86070131760103, 36.85599407245427], [-119.86023264765268, 36.85622947855537], [-119.8600417188239, 36.85628984174189], [-119.85981574581753, 36.8562974464362], [-119.85960754148749, 36.85628061116579], [-119.85939940003952, 36.85623010820734], [-119.85903432291143, 36.8560897294735], [-119.85886103429986, 36.85595892755147], [-119.85868757860165, 36.85586425294656], [-119.85807989795637, 36.85523099998816], [-119.85766319285224, 36.854762660033074], [-119.85761077885034, 36.854639618115556], [-119.85761076807059, 36.8546395922389], [-119.85785380457577, 36.85433743291557], [-119.85795785823176, 36.8542410527475], [-119.857968495183, 36.85413662908114], [-119.85797547239784, 36.85406814533603], [-119.85797547778772, 36.85406809358237], [-119.8579234958755, 36.8538842269123], [-119.857836604533, 36.85367691239143], [-119.85736785014302, 36.85306076194379], [-119.85717672907477, 36.852695312019264], [-119.85693376533311, 36.85229690471663], [-119.85669041621422, 36.852044907638216], [-119.85651704944922, 36.851898427049484], [-119.85592688146039, 36.8516101596711], [-119.85570094169171, 36.85148034278143], [-119.85547526962098, 36.85132571320843], [-119.85530164324285, 36.85127151939171], [-119.85514521511085, 36.85125607610211], [-119.8549372155967, 36.851203175407676], [-119.85469363111923, 36.85119451209151], [-119.85386071588273, 36.851341444014665], [-119.85328776141138, 36.85150647567597], [-119.85301012359808, 36.85155997134732], [-119.85259302503185, 36.85173362769537], [-119.85236757215007, 36.85188081160748], [-119.85215905251138, 36.85204425279307], [-119.85193324389672, 36.8522545555562], [-119.85153390592203, 36.85252340026503], [-119.85066611179798, 36.85338109273966], [-119.85047494581396, 36.8536170208341], [-119.85023192997004, 36.85383362389447], [-119.85005878329227, 36.85404075685242], [-119.8500587608344, 36.854040805730925], [-119.84985001841349, 36.854483590403454], [-119.84972819248793, 36.85464938654901], [-119.84972817182668, 36.854649435427085], [-119.84967628154261, 36.8547719037308], [-119.84967627255945, 36.85477195548401], [-119.849658959329, 36.85488399102414], [-119.84950294442201, 36.85513444196784], [-119.84950292915067, 36.85513449300201], [-119.84929427027309, 36.85586552735102], [-119.84929425859501, 36.85586557910345], [-119.84920777598595, 36.85626430347647], [-119.84920776790113, 36.85626435522868], [-119.84918482043719, 36.85643213062253], [-119.84915558925782, 36.856645832628715], [-119.8491555694949, 36.856645882224356], [-119.84908653845692, 36.856810782398234], [-119.84908651330407, 36.85681082839984], [-119.84891281236577, 36.857132831876264], [-119.84891280338265, 36.857132882909106], [-119.84886078913105, 36.85742657126468], [-119.84886077206305, 36.85742662157854], [-119.84870443376259, 36.857886480313205], [-119.84873903147744, 36.85800010910077], [-119.84891235691994, 36.85821639714146], [-119.84898200599885, 36.85836465389968], [-119.84898199521909, 36.858364702775376], [-119.84891447963895, 36.858643815016386], [-119.84891270995784, 36.85865113053574], [-119.84866930963499, 36.8590502687546], [-119.84820074478952, 36.85960550871383], [-119.84785334470959, 36.860109873372465], [-119.8476973872948, 36.860256645847095], [-119.84748905091243, 36.86036152833446], [-119.8473152843971, 36.860413177830466], [-119.84702048516863, 36.860457219418194], [-119.84682905597822, 36.8605264866156], [-119.84594347251662, 36.86067413802661], [-119.84538817173724, 36.860830719466506], [-119.84516243588611, 36.86086521598433], [-119.8449017007732, 36.86088300975881], [-119.84425980509538, 36.860881815217894], [-119.84382551816452, 36.860908443701504], [-119.84363444650361, 36.86102058308805], [-119.84328734286768, 36.86131547619394], [-119.8431655394, 36.86144738513892], [-119.84311388896612, 36.86154298142794], [-119.84311387549138, 36.86154303245783], [-119.8430791349444, 36.86167261520114], [-119.84307911338483, 36.86167266479346], [-119.84300962330774, 36.86182849455391], [-119.84290543310782, 36.861976663088726], [-119.84278378954025, 36.86208833014235], [-119.84255803751947, 36.86212275278254], [-119.84222839084448, 36.862062357547885], [-119.84182864862787, 36.861846602188216], [-119.84149890134158, 36.861445798898], [-119.84115148599031, 36.86113486845171], [-119.84056152820723, 36.86089165113349], [-119.84019669721752, 36.860629616445976], [-119.84004075956567, 36.86048341752408], [-119.8398324115052, 36.86026622597078], [-119.83945059966166, 36.85980552983982], [-119.83938059844313, 36.85961432201398], [-119.83917265282791, 36.85930252161363], [-119.83898150301357, 36.85872076521766], [-119.83873814311488, 36.85848665552561], [-119.83835622167692, 36.85804394938775], [-119.83826945430194, 36.8578524359918], [-119.83828692383925, 36.8574970552096], [-119.83828692653422, 36.85749701208345], [-119.8384083365398, 36.85728842148038], [-119.83858207880057, 36.85713985787506], [-119.83879065143987, 36.85692456804031], [-119.83891239561876, 36.85675892274139], [-119.8389640433577, 36.8566116490307], [-119.83896405952736, 36.8566115987163], [-119.83898135299492, 36.85644544168741], [-119.8389813574865, 36.85644538993538], [-119.83898144102983, 36.85631412213377], [-119.83898145719948, 36.85629003509377], [-119.83898145630117, 36.856289983341576], [-119.83894648937873, 36.856151607243035], [-119.83879061011739, 36.85578702026194], [-119.83870376908055, 36.855631563452064], [-119.83865150958889, 36.855438691251884], [-119.83864211590596, 36.855346296720406], [-119.838617062791, 36.855099905486064], [-119.83861705829942, 36.855099854451865], [-119.83854777483481, 36.854996646717865], [-119.83835664029182, 36.854770759409966], [-119.83823510272545, 36.85467514243021], [-119.83778321779819, 36.85438156138514], [-119.83759234466496, 36.85430215499205], [-119.83722776161024, 36.85405135701548], [-119.83708877337116, 36.853973355537235], [-119.83689787418677, 36.853911942507196], [-119.8367592560536, 36.853824873901225], [-119.83625523111063, 36.853435271403484], [-119.8358563333104, 36.85321745745862], [-119.83573487569409, 36.85308809830535], [-119.83554399896755, 36.85295674566878], [-119.83533533110683, 36.852852077289235], [-119.83497116936203, 36.85262615489116], [-119.83465816307937, 36.8523135669106], [-119.83451945421636, 36.852210681039345], [-119.83431127683578, 36.8521939426281], [-119.83401621440093, 36.85231456534829], [-119.83380753216717, 36.85242842093959], [-119.83325210742024, 36.85255774383078], [-119.83309580774733, 36.852540091881075], [-119.83286986528371, 36.85242815497747], [-119.83271337426964, 36.85229790027922], [-119.8318628233075, 36.85215801534052], [-119.83161976434445, 36.85207051200721], [-119.8313941497659, 36.85191576646009], [-119.8311682567096, 36.851734100680915], [-119.83090826630006, 36.85142973098397], [-119.83062992959748, 36.85119464004294], [-119.83035254690576, 36.85103862398859], [-119.83021361166726, 36.850942551633636], [-119.82998799169883, 36.8508914787095], [-119.82927562318693, 36.85079584465709], [-119.82894633404145, 36.85081195799083], [-119.82877215609776, 36.85075322582182], [-119.82858178152946, 36.850664878408075], [-119.82835588128667, 36.850534798257435], [-119.8281474173435, 36.85043911415922], [-119.8279911589931, 36.850405640151514], [-119.8269492587906, 36.84994527778969], [-119.82660250819261, 36.84977157856184], [-119.82648100655886, 36.8496758791315], [-119.82625492844963, 36.84938153056844], [-119.82615077957222, 36.84920755402253], [-119.82583856380701, 36.84885909582911], [-119.82554291567058, 36.84879040967203], [-119.82521358071102, 36.84877256204385], [-119.82502229075948, 36.84873819018013], [-119.82474475984571, 36.848755561936905], [-119.82446657944999, 36.84875486896447], [-119.8241539944772, 36.84872165084926], [-119.82394608659122, 36.84865084107975], [-119.82359837210093, 36.84841619231484], [-119.82326841820212, 36.84827898879305], [-119.82267868589621, 36.84833982048172], [-119.82240083697884, 36.84829638653303], [-119.82201854274, 36.848304176768366], [-119.82163667699756, 36.84826916059944], [-119.82066434861888, 36.84827907721229], [-119.81990061713398, 36.84859892556716], [-119.81950139953351, 36.84869419072147], [-119.81924093930508, 36.84879086182914], [-119.81899765127163, 36.848860849104476], [-119.81875437222132, 36.84891291180342], [-119.81823396739745, 36.8490588762289], [-119.8180251090939, 36.84909391072623], [-119.81781745992271, 36.8490500121111], [-119.81736573399725, 36.849060421033705], [-119.81707041644086, 36.84899846276356], [-119.8168448072522, 36.8489992384014], [-119.81667098863463, 36.84903277772125], [-119.81648036253807, 36.84910199848335], [-119.81568168928358, 36.84950189391044], [-119.81538657923801, 36.84958866193195], [-119.81507423142045, 36.849701901941195], [-119.81486535874384, 36.84973685922776], [-119.81403231684494, 36.84981589297168], [-119.81354627258067, 36.849910932331426], [-119.81338998099257, 36.84997886557563], [-119.81328575575837, 36.85007520654962], [-119.81328573240219, 36.85007525399297], [-119.8132506451055, 36.85014403531997], [-119.8132506451055, 36.85014408707633], [-119.81325083914159, 36.85047530462938], [-119.8134766684175, 36.85099481203091], [-119.81352868356738, 36.85117876903498], [-119.81358640751091, 36.851401238156804], [-119.8131827198936, 36.85163248347292], [-119.81249167648826, 36.85209450549269], [-119.81164205168916, 36.853214345015076], [-119.81109097658488, 36.8546965610926], [-119.8116318153865, 36.857201885017744], [-119.81121264440695, 36.85962656015139], [-119.80945121791636, 36.86389521533534], [-119.8093962733603, 36.86391622390616], [-119.80938129215633, 36.86392195273134], [-119.80932716237227, 36.863920005750124], [-119.80922297846055, 36.86394661808219], [-119.80884097437755, 36.86398135683544], [-119.80858092467923, 36.86403287882974], [-119.80783448666187, 36.86431921850614], [-119.80752160075347, 36.8644776323573], [-119.80733085338437, 36.86461431449298], [-119.80713994521682, 36.86471950579049], [-119.80675773362297, 36.864894111108505], [-119.80651483815329, 36.864952826662154], [-119.80634091083957, 36.86502247860021], [-119.80559463541731, 36.865135333521195], [-119.80517813243412, 36.865223141717145], [-119.80502183904942, 36.8652932433122], [-119.80479607265558, 36.865327874367594], [-119.8046224956848, 36.86533658495307], [-119.80451813660162, 36.86533620188856], [-119.80427506506214, 36.86530023334468], [-119.80363248486806, 36.86541366927925], [-119.80312887764168, 36.86560514144702], [-119.8026778506055, 36.86583170248674], [-119.80253908694526, 36.86593395123081], [-119.80234776555268, 36.866117998050335], [-119.80234774578976, 36.86611804763977], [-119.8022433193329, 36.86636973743562], [-119.80224330945143, 36.86636978846229], [-119.80219148204944, 36.86665445850535], [-119.80219148384607, 36.86665451025052], [-119.80220924353922, 36.86698603715811], [-119.80220923814936, 36.8669860896217], [-119.80217437812642, 36.867350072670256], [-119.80207011246802, 36.86753194496295], [-119.80182689899475, 36.86780025011061], [-119.80168844525326, 36.86799246658918], [-119.8016884299819, 36.867992518333395], [-119.8016183937291, 36.868227182462014], [-119.80161837127122, 36.8682272313314], [-119.80154916596004, 36.86837396952931], [-119.80142797873664, 36.86853978584755], [-119.80135855872813, 36.868625772629166], [-119.80121956330252, 36.86873005791886], [-119.80094186350546, 36.868902781239704], [-119.80094184014928, 36.868902829389995], [-119.8008549425186, 36.86906935890843], [-119.80085492724723, 36.869069410651974], [-119.80075076220012, 36.86943383868486], [-119.80055963753863, 36.869746228723464], [-119.80033415052081, 36.8699271215386], [-119.80003851855408, 36.870308849815764], [-119.79966376477373, 36.87098747363344], [-119.79958736575378, 36.87112581999345], [-119.79958734599086, 36.871125869579636], [-119.79953568477718, 36.87125506237874], [-119.79953567489571, 36.87125511412079], [-119.79952065865741, 36.8713264146199], [-119.79950077894017, 36.871420812796664], [-119.79950075738059, 36.871420861664014], [-119.79927460560953, 36.871932760096314], [-119.79927458045671, 36.871932806088864], [-119.79901434301046, 36.87239200334294], [-119.7990143223492, 36.872392052209726], [-119.79882331896023, 36.87283512723658], [-119.79882329560404, 36.872835173947166], [-119.79828559461767, 36.87389528087125], [-119.79760851103184, 36.87464972117095], [-119.79740009110616, 36.874954977131374], [-119.79731327073056, 36.87495482909883], [-119.79719139000774, 36.87511818069616], [-119.7967747127514, 36.87536157621331], [-119.79639275987239, 36.875493271917016], [-119.79620154358268, 36.87562318742548], [-119.79595895264193, 36.87567527429147], [-119.7956462185488, 36.87570973751909], [-119.795350936925, 36.87581430848131], [-119.79503882985598, 36.87590050480919], [-119.79479557955175, 36.87595251818934], [-119.79458707069284, 36.875960450762044], [-119.79437872622563, 36.876013436359955], [-119.79356272626593, 36.87602958892972], [-119.79276385358544, 36.87607331826928], [-119.79236495309027, 36.87610762250805], [-119.79210443087808, 36.876152360708055], [-119.79184405419298, 36.87634357816819], [-119.79177467371035, 36.87635976300475], [-119.79161854112407, 36.87643884395101], [-119.79146178690361, 36.87644812742356], [-119.79132339963745, 36.876489493798914], [-119.79111447485857, 36.876472466801914], [-119.79090659392205, 36.87648271318132], [-119.79052470662006, 36.87637780036617], [-119.7901769355359, 36.87619499843459], [-119.78996861442488, 36.87604737629832], [-119.78965617587748, 36.8759262068192], [-119.7893961118061, 36.87589221652535], [-119.78868438199639, 36.876064349495465], [-119.78805890482698, 36.876455227816955], [-119.78762491613682, 36.8768895326409], [-119.78762489727218, 36.87688958366055], [-119.78734726844206, 36.87759395393897], [-119.7873472414926, 36.87759399849093], [-119.7871733680778, 36.87787978289931], [-119.78693064059307, 36.878217994130225], [-119.7866876804447, 36.87844332206109], [-119.78639255602609, 36.87867881708777], [-119.78614953389396, 36.87895594517199], [-119.78597557513919, 36.87925997960822], [-119.78597555357963, 36.879260027752025], [-119.78578461756427, 36.87968487618361], [-119.78578460678452, 36.87968492720134], [-119.78552405313131, 36.880849285401766], [-119.78552404324984, 36.88084933785584], [-119.7854379127804, 36.88128182276609], [-119.78543790739052, 36.88128187521991], [-119.7853854394897, 36.881881776124665], [-119.78538543409981, 36.881881827859466], [-119.78528110016946, 36.88269664583942], [-119.78528110016946, 36.88269669829222], [-119.78526391449975, 36.883574861260996], [-119.7852639162964, 36.88357491371324], [-119.78526643607074, 36.88368689121415], [-119.78528126366284, 36.88434574044217], [-119.7852812672561, 36.88434579289383], [-119.785298476282, 36.88473818943818], [-119.78529848616347, 36.88473823973411], [-119.78536843797465, 36.88510943609049], [-119.78554202303023, 36.885751689994756], [-119.78565474453042, 36.88597818840753], [-119.78566358395283, 36.88599594974835], [-119.78578495892413, 36.88614349301837], [-119.78597612939971, 36.8863332642735], [-119.78601997347381, 36.88635882985033], [-119.78640998154597, 36.88658624038782], [-119.78660076305107, 36.88675126849914], [-119.78682628420482, 36.886908206032224], [-119.78701776280259, 36.88710725468947], [-119.78727792389202, 36.88732364641788], [-119.78745146762512, 36.8875490897405], [-119.78771176076691, 36.887844625510915], [-119.78786861559867, 36.888200281850196], [-119.78793758375461, 36.88846124340441], [-119.78838949832627, 36.88913786880283], [-119.78856255068092, 36.88942424872716], [-119.78866733376893, 36.88968611783088], [-119.78866733556556, 36.88968617027892], [-119.78868424455413, 36.890067248739896], [-119.788684235571, 36.89006730046921], [-119.78867262304931, 36.890132270281896], [-119.78859728224477, 36.89055376552931], [-119.78859727685487, 36.890553817258294], [-119.78852839403888, 36.89116015592864], [-119.78852839673382, 36.891160207657165], [-119.78854529584095, 36.891741886580085], [-119.7885453066207, 36.89174193615293], [-119.78855653286683, 36.89179524272283], [-119.7885774258837, 36.89189444786242], [-119.78861495480133, 36.89207264506602], [-119.78871906864444, 36.892332191704284], [-119.78903193658655, 36.89293082827091], [-119.789518169497, 36.893574686007305], [-119.78976111617065, 36.89421663233531], [-119.78979592319297, 36.89439107898525], [-119.78979591600644, 36.89439113143002], [-119.78976090147331, 36.89465817982135], [-119.7897608888969, 36.89465823226599], [-119.78969176892566, 36.894919878665696], [-119.78969175994253, 36.894919930391715], [-119.78968304897919, 36.89497391939295], [-119.78965666635762, 36.89513742644865], [-119.78965665018796, 36.895137478174526], [-119.78951787395128, 36.89558877922197], [-119.78951786766308, 36.895588830229116], [-119.78948291152042, 36.89595266619151], [-119.78948290163895, 36.895952717916785], [-119.78937886415265, 36.8964985781643], [-119.78937868269297, 36.89649952932841], [-119.78937850033495, 36.89650002071527], [-119.7893784733855, 36.896500094710696], [-119.7891012119663, 36.89724668520161], [-119.7887714691716, 36.897618480221475], [-119.78858033642524, 36.89766284231244], [-119.78825056218948, 36.89780036879717], [-119.78809397056409, 36.89794024200882], [-119.78792048791645, 36.89813160605513], [-119.78792046545855, 36.898131655623786], [-119.78783359208238, 36.898313917254924], [-119.78748644263239, 36.898800106342016], [-119.7871221344622, 36.89902465228048], [-119.78687922461947, 36.89921624205122], [-119.78649673634453, 36.89944244046262], [-119.78623647644042, 36.8995119783351], [-119.78581970396266, 36.89966740404036], [-119.78566345818868, 36.8997982776724], [-119.78545516851868, 36.900015721753626], [-119.78481284434444, 36.90048253145991], [-119.7845174594144, 36.90076975096906], [-119.7842575049375, 36.90110054288671], [-119.7840314420996, 36.901290399797546], [-119.78389274042313, 36.901369922572634], [-119.78370152503174, 36.90151577169978], [-119.78354545712418, 36.90168958819244], [-119.78305928889239, 36.90209763246356], [-119.78128873462023, 36.903529646009424], [-119.78087180763224, 36.90395538013616], [-119.78074993050271, 36.90405123713324], [-119.78052476598012, 36.90430420696605], [-119.78022953735692, 36.904503486097354], [-119.78005606099747, 36.90464282623682], [-119.77989945769399, 36.90481431685752], [-119.77977781053315, 36.904988966272875], [-119.7791356839883, 36.90546713160609], [-119.77873632265737, 36.905875318014786], [-119.77873630019947, 36.905875367578425], [-119.7786716484485, 36.90601274278314], [-119.77865271016566, 36.90605298478505], [-119.77831969480837, 36.90676058343826], [-119.77816333315172, 36.9069589920347], [-119.77797270975012, 36.907089088887204], [-119.77779886687802, 36.90723763148488], [-119.77750325197924, 36.907427695798035], [-119.7766874595304, 36.908234536711426], [-119.77607993609027, 36.90873847466401], [-119.77547227251294, 36.90929421104503], [-119.77540302498096, 36.90937343385627], [-119.77540300881128, 36.9093734848542], [-119.77535049060485, 36.90953865044972], [-119.77535049329977, 36.90953870216585], [-119.77535359967402, 36.90959315057882], [-119.77536824939969, 36.90984991680134], [-119.77547197606891, 36.910084802818304], [-119.77550716667186, 36.91023219178333], [-119.77545490897684, 36.91042221990498], [-119.77543734870966, 36.910622154637366], [-119.77545464666876, 36.910778154591725], [-119.77540279052067, 36.91094351323252], [-119.77529861738876, 36.911170343427266], [-119.77522917941391, 36.91138697794095], [-119.77517748226765, 36.91164694299849], [-119.77503830448404, 36.912003598127264], [-119.77493428945559, 36.912124576033534], [-119.77470858235057, 36.912323551745885], [-119.77453452388282, 36.9125757629702], [-119.77448273151509, 36.912689107850376], [-119.77448279170224, 36.91285358105839], [-119.77451729958555, 36.91314948570434], [-119.77441302853728, 36.91389461328196], [-119.7744131013008, 36.9140252786418], [-119.77436128557689, 36.914138763578734], [-119.77427451550699, 36.91421739025109], [-119.77411840807352, 36.91447680483285], [-119.77403133976291, 36.914729039102816], [-119.77403119693079, 36.914850566441004], [-119.77415313604412, 36.91526619588609], [-119.77444822363178, 36.915754060293864], [-119.7745346649183, 36.91593444118919], [-119.774569951641, 36.91621235477608], [-119.77451742984128, 36.91652636763445], [-119.77427472750938, 36.916943201002844], [-119.77404839068535, 36.91738536750576], [-119.7738925069324, 36.91757484633594], [-119.77371855536416, 36.917741375993316], [-119.77331954707115, 36.91803687384872], [-119.77173951469095, 36.91894686979811], [-119.77134044621084, 36.919111626841755], [-119.77083691623953, 36.91927814883418], [-119.77028099652092, 36.91933723768219], [-119.76996847532853, 36.9193468929859], [-119.76967360333653, 36.91932080484651], [-119.76894438871811, 36.919181551845256], [-119.76838907356566, 36.91904242355474], [-119.76779810338128, 36.91886871123496], [-119.76731266098828, 36.91879023155984], [-119.76682610827756, 36.91876579866316], [-119.76602756707541, 36.91884308688369], [-119.76552409908791, 36.9189217259428], [-119.76463891357997, 36.91917237196138], [-119.76333676694809, 36.91949513736684], [-119.76307605519138, 36.91958936323148], [-119.76283292166816, 36.919650378007674], [-119.76258972616118, 36.919745059726736], [-119.7623123192149, 36.91988395332632], [-119.76189511105424, 36.92001448130688], [-119.76125270692998, 36.9199812087154], [-119.76094033126465, 36.91993657807413], [-119.76040204547503, 36.91989261531558], [-119.76010742141804, 36.91992737386288], [-119.75955118189917, 36.920076589530936], [-119.75929076299326, 36.92017987522316], [-119.75899572211797, 36.92024162063246], [-119.75845734919179, 36.92043198577744], [-119.75784991827811, 36.92059781831128], [-119.75757258679035, 36.92060596672441], [-119.75756017925966, 36.92060090143652], [-119.75701677217462, 36.920379064764404], [-119.75701655208736, 36.9203791057005], [-119.75682589904136, 36.92041437967694], [-119.75668661525656, 36.920491690644575], [-119.75651296372563, 36.92066726292972], [-119.75607891574664, 36.92090991498348], [-119.75587073297616, 36.92109117852407], [-119.75545384731069, 36.92136127545311], [-119.75465509500445, 36.92176981920006], [-119.75427337838235, 36.922072457921146], [-119.7533184090482, 36.923053158786324], [-119.75272869111532, 36.92384364313161], [-119.75260730626256, 36.92406147326195], [-119.75243324420154, 36.924373835831595], [-119.75243322623523, 36.92437388610135], [-119.75229440508281, 36.92475527463975], [-119.75229438981142, 36.92475532490925], [-119.75217282619393, 36.9251551646637], [-119.75217280553267, 36.9251552142148], [-119.75198186412744, 36.92562301765956], [-119.75198184975439, 36.92562306936472], [-119.7519478368428, 36.9257425657155], [-119.75189533031447, 36.92592703855742], [-119.75189533211109, 36.92592709026238], [-119.75191230488007, 36.926369038786525], [-119.75191228601544, 36.92636908833684], [-119.75186008940585, 36.92649151129155], [-119.7518600624564, 36.92649155509684], [-119.7517906900586, 36.92660452669881], [-119.75166917045853, 36.92674308967761], [-119.75151325077297, 36.926846927906325], [-119.75128715649406, 36.926951110688876], [-119.75099249650444, 36.92713457381144], [-119.75099249650444, 36.927134621925056], [-119.75099220994188, 36.9308812680184], [-119.75099218748402, 36.93116904877866], [-119.75144380830656, 36.93178507889059], [-119.75159310651016, 36.931909573392076], [-119.75160022386214, 36.93191550822759], [-119.7516160665505, 36.93192344144683], [-119.75213807217222, 36.93218484946249], [-119.75241617621114, 36.93237703380273], [-119.75267646396301, 36.932740188085376], [-119.75295398589364, 36.93352277895723], [-119.75295399218184, 36.93352282993903], [-119.75298671601101, 36.933841618348985], [-119.75298677799478, 36.93384223299997], [-119.75298876237325, 36.933861565782315], [-119.75298876327153, 36.93386161676387], [-119.75298909834315, 36.934035032837016], [-119.75298908846167, 36.934035085254536], [-119.75291964958852, 36.934330514936754], [-119.75291963341886, 36.934330566636056], [-119.752815588746, 36.93466781684983], [-119.75281556538982, 36.93466786495868], [-119.75278849376042, 36.93472575782852], [-119.75262424848883, 36.9350769800443], [-119.7526242305225, 36.93507703030699], [-119.75252022178229, 36.93536254849138], [-119.75252019842607, 36.93536259588175], [-119.75239870308054, 36.93559796697506], [-119.75229458923741, 36.93573480827925], [-119.75220741402731, 36.93578874613706], [-119.75205124910168, 36.9358476010356], [-119.75153072300525, 36.93601351205111], [-119.75133968997189, 36.93611861215281], [-119.75099254860673, 36.936377382111914], [-119.75099251357244, 36.936362886594395], [-119.75099239768977, 36.93631649560636], [-119.75099239858808, 36.93631644319042], [-119.75073199585184, 36.9365683661139], [-119.75052324624443, 36.936690998865956], [-119.75031544256304, 36.93675965336097], [-119.75005471553497, 36.93696869965608], [-119.74995034836692, 36.93708079697916], [-119.74972478319572, 36.9372210361561], [-119.74951675942704, 36.93726269700899], [-119.74934272701044, 36.93726464929995], [-119.74904759810026, 36.9373241191176], [-119.74868332765928, 36.93755958180296], [-119.74845770499591, 36.93774950951662], [-119.74830127596556, 36.93793213457815], [-119.74811044056156, 36.938080103723934], [-119.747780259389, 36.938271565960534], [-119.74757221046751, 36.93831315443826], [-119.74725948266259, 36.938426211913146], [-119.74719030160593, 36.93843548281967], [-119.74696474721449, 36.93860966464915], [-119.74653011173731, 36.93876435012385], [-119.74590515828575, 36.93887786070713], [-119.74573128666756, 36.93892268201876], [-119.74541958653533, 36.93909442655804], [-119.7452456673064, 36.93922464521857], [-119.74453391144557, 36.94000709196236], [-119.74416942990051, 36.9404927604157], [-119.74376943885059, 36.94097062057982], [-119.74376941908764, 36.94097067083868], [-119.74359058427751, 36.94143247831085], [-119.74356141598024, 36.9415077949603], [-119.74356140609876, 36.94150784593675], [-119.7435121730313, 36.94158166050319], [-119.74349429655713, 36.94161566892748], [-119.74345336302461, 36.94166983452933], [-119.74342274843973, 36.94171573547069], [-119.74328358502918, 36.941968818021785], [-119.74296221632953, 36.94231974766882], [-119.74281477224869, 36.94248075450784], [-119.7426068580745, 36.94274985234808], [-119.74248473929813, 36.94294920117864], [-119.74229442940856, 36.94320083581101], [-119.74203380658506, 36.943488796210374], [-119.74163452969582, 36.943851659900695], [-119.74144094095544, 36.94394861045442], [-119.74114838212529, 36.94409512626623], [-119.74097474406908, 36.944137693007676], [-119.74087196691909, 36.94415175340256], [-119.7407143170783, 36.9441733207108], [-119.7405058252874, 36.94424195625939], [-119.7404092348348, 36.944290599663056], [-119.74031502671433, 36.94433804190301], [-119.74010872771099, 36.94433798590281], [-119.73998570343282, 36.944337951441156], [-119.73998534590336, 36.944337951441156], [-119.7397590611816, 36.94431151933966], [-119.73949893512646, 36.94425928690694], [-119.73925589143475, 36.944182772560175], [-119.73924986643415, 36.94417976003015], [-119.73910201272155, 36.94410583741585], [-119.73901273725028, 36.9440612022313], [-119.73900757463237, 36.94405985606761], [-119.73857832096205, 36.943947926961215], [-119.73833528355854, 36.94392096271953], [-119.7382928210934, 36.9439285543783], [-119.73804051666941, 36.943973658465005], [-119.7376930357411, 36.94400915844897], [-119.73691172781939, 36.94421751357093], [-119.73654766039766, 36.944380894253236], [-119.73628657494183, 36.94452918041526], [-119.73599192124041, 36.94464266948775], [-119.73567886734705, 36.94479842753318], [-119.73562710642038, 36.94482418100608], [-119.73534917485797, 36.944972006102404], [-119.7350364784941, 36.94516368219978], [-119.73479332969953, 36.94533737911517], [-119.7347049732048, 36.94541655442831], [-119.73470480611817, 36.94541666140154], [-119.7346193035711, 36.94549327932843], [-119.73461912480637, 36.94549348178764], [-119.7342031509309, 36.945866228384084], [-119.73399490976996, 36.94612619362769], [-119.73399488910869, 36.94612624172932], [-119.73393257118082, 36.94627321139468], [-119.7337522451673, 36.946698484348985], [-119.73375223259089, 36.94669853603985], [-119.73374298802831, 36.94673552230252], [-119.73369967665518, 36.94690880426198], [-119.7336996658754, 36.94690885667064], [-119.73364762377605, 36.947159681328536], [-119.73364762197943, 36.947159733019134], [-119.73362144237709, 36.94768412499611], [-119.7336159114499, 36.94779490640464], [-119.73361292095832, 36.94785480880563], [-119.73361292455158, 36.94785486049571], [-119.73363027461296, 36.9481412662473], [-119.73373490858064, 36.94856547057175], [-119.73389080401165, 36.948939184235506], [-119.73399488012555, 36.9491470441595], [-119.734116512015, 36.94932155758275], [-119.73427271916145, 36.9496074832869], [-119.73444628894569, 36.949815006846016], [-119.73463788791771, 36.950110851316474], [-119.7347939441472, 36.95028410549702], [-119.73494992851143, 36.95050909068453], [-119.73507163855432, 36.950650006527034], [-119.73531479184048, 36.95113419218196], [-119.7354363913906, 36.95143936689847], [-119.73555771605626, 36.95167242700285], [-119.73597411124159, 36.952715705897376], [-119.73620036631893, 36.95310482404631], [-119.73637361720125, 36.953287603255454], [-119.7369120179752, 36.95366054501987], [-119.73718956865191, 36.953782967925456], [-119.73743304712822, 36.953913749409395], [-119.73764142213814, 36.95398245873613], [-119.73797107510131, 36.95403435644011], [-119.73819666003547, 36.95404279775504], [-119.73845698282169, 36.95400949407396], [-119.73951612798267, 36.953939361971436], [-119.7398807766144, 36.95386151207467], [-119.74008939057619, 36.95379062823404], [-119.74045366461043, 36.95359125106131], [-119.7408360271212, 36.95359271981133], [-119.74147798208786, 36.95367790367495], [-119.7420165005411, 36.95368828541367], [-119.74231179024973, 36.953757246195735], [-119.74258922145053, 36.95380086494924], [-119.74279772941112, 36.953896695899076], [-119.74288459200751, 36.95398242427883], [-119.7430583926588, 36.954234988704556], [-119.74305839535374, 36.95423504110816], [-119.74306152328755, 36.95430322251983], [-119.74307588106075, 36.954616190489006], [-119.7430758783658, 36.95461624289242], [-119.74298865285003, 36.956264922872855], [-119.74298864027361, 36.956264975275126], [-119.742901688744, 36.95657793087557], [-119.74290166718444, 36.95657798040623], [-119.74262418208474, 36.957194305434065], [-119.74262415513529, 36.957194349939485], [-119.74252000805451, 36.95736719463709], [-119.74251999098654, 36.95736724416729], [-119.74229474471723, 36.95799169214947], [-119.74229473214083, 36.95799174311489], [-119.7422075218964, 36.958340754873056], [-119.7422075048284, 36.958340805120415], [-119.74210306310022, 36.95863516935623], [-119.74210304962551, 36.958635220321206], [-119.74194710838037, 36.959216589968584], [-119.74194709580398, 36.95921664236877], [-119.74173885823627, 36.96006688345611], [-119.74173885194807, 36.960066935855764], [-119.74170384010985, 36.96034535250751], [-119.74170384460143, 36.96034540418917], [-119.7417216330407, 36.960571009980704], [-119.74172162585417, 36.96057106238002], [-119.74158293226252, 36.96153363249744], [-119.74158292866925, 36.96153368489603], [-119.74142635770512, 36.96333135758412], [-119.74142635051857, 36.96333140998148], [-119.74128752756953, 36.96423318005866], [-119.74128752846784, 36.964233231737616], [-119.74128747546723, 36.96451242771649], [-119.74128746828073, 36.96451248011304], [-119.74125249417176, 36.964772762127375], [-119.74125248339199, 36.96477281452378], [-119.7411656917625, 36.965162451011395], [-119.74116567289788, 36.96516250197201], [-119.74107917591581, 36.96539652708668], [-119.74107916333936, 36.96539657876491], [-119.741027106867, 36.96559785290856], [-119.74102709788383, 36.96559790530436], [-119.74085371854241, 36.96656848000616], [-119.7408537122542, 36.96656853240129], [-119.7408230015496, 36.966812599394345], [-119.74081869682274, 36.96684680756931], [-119.74076654423062, 36.96709775604889], [-119.74075153158559, 36.96714551639503], [-119.74075151361927, 36.96714557453169], [-119.74071459555604, 36.967263026973555], [-119.74071457399646, 36.96726307506184], [-119.74064515129302, 36.96741195258805], [-119.7406451378183, 36.96741200354716], [-119.74059270135852, 36.967602171918955], [-119.74059269327368, 36.967602223595634], [-119.74050664994083, 36.968174043606396], [-119.74050664634755, 36.968174096000425], [-119.74047187525784, 36.9686101639447], [-119.74047187615616, 36.968610215620735], [-119.7404718078842, 36.9689571676567], [-119.74047180608757, 36.968957220050186], [-119.74043658584026, 36.96948564334728], [-119.74048879053468, 36.96967609218825], [-119.74059303553182, 36.96981640126578], [-119.74059303553182, 36.96981645294101], [-119.7405927893934, 36.969920073140564], [-119.74059276783385, 36.96992012266256], [-119.7405233523169, 36.97006667966361], [-119.74052332357081, 36.97006672416156], [-119.74033246031902, 36.97036343087104], [-119.74017642834407, 36.97050106020763], [-119.73948176203318, 36.971317667445895], [-119.73897828775746, 36.972029192544156], [-119.7387873436573, 36.9722108131931], [-119.73831890996587, 36.972810726018686], [-119.7378498106228, 36.97334070289024], [-119.73764143471456, 36.97361878536504], [-119.7373294507147, 36.97392109832121], [-119.7370684344291, 36.974033258246834], [-119.73689519791985, 36.974129868959466], [-119.73661729330692, 36.974442165512684], [-119.73626996688884, 36.97497999660505], [-119.73588783075351, 36.97543136765756], [-119.73514170085828, 36.97613607823179], [-119.73491595063413, 36.97632583799414], [-119.7338218753816, 36.97743770265341], [-119.73359630212555, 36.9777063920809], [-119.7334056284183, 36.9778970715237], [-119.73319696235419, 36.97808054042779], [-119.73269349975658, 36.978478772020146], [-119.73245031233444, 36.97860066201075], [-119.73220702789426, 36.978774210900255], [-119.73135668983285, 36.979503121673346], [-119.73111380604126, 36.97966760355088], [-119.73071426504728, 36.97999900900125], [-119.73007218880807, 36.98064804537318], [-119.72981159383235, 36.980848118816496], [-119.72915179652753, 36.98142239684433], [-119.7288910075157, 36.98157741373147], [-119.72863104136069, 36.98169862493274], [-119.72838777219185, 36.98183821792879], [-119.7281965864449, 36.98190743379464], [-119.72793647745773, 36.982098437109485], [-119.72767577468419, 36.98233217119417], [-119.72712051971887, 36.982758445451275], [-119.7269468304587, 36.982879780348945], [-119.72640840632853, 36.98315778562832], [-119.72626980077175, 36.983280184784064], [-119.72548848656182, 36.98355825748815], [-119.72484615699769, 36.98388725358561], [-119.72389138080135, 36.984460112994505], [-119.72361499164631, 36.98466760399257], [-119.72361352110418, 36.984668706899406], [-119.72361074171668, 36.98467039893207], [-119.72305786728687, 36.98500703231899], [-119.72250252608329, 36.98531829542779], [-119.72222401331089, 36.98549307755508], [-119.7220156230296, 36.985588669848525], [-119.72151242812997, 36.985944191070104], [-119.72132136275721, 36.98614384516644], [-119.72097414413697, 36.98644736767089], [-119.72078337161504, 36.98665608959159], [-119.72043581702488, 36.98711501030854], [-119.72022778337475, 36.987332266325], [-119.71961982694665, 36.98777496651922], [-119.71944644850356, 36.987871480855475], [-119.71897779023332, 36.988191999246304], [-119.71875206067038, 36.9883143235716], [-119.71830056920525, 36.988626025194336], [-119.71805732429091, 36.98876573678801], [-119.71682488782338, 36.98931285763639], [-119.71663378651805, 36.9893638508503], [-119.71614739370747, 36.98957340427272], [-119.71597367210794, 36.989694652961], [-119.71578324633569, 36.98976377988137], [-119.71557449313501, 36.98986835664267], [-119.71524476651, 36.98994480929856], [-119.71475838358087, 36.9901205501649], [-119.71449816949082, 36.9902935296158], [-119.71428999211027, 36.99048378431437], [-119.71399501950695, 36.990649018085804], [-119.71373466617803, 36.990858052793385], [-119.71373465629658, 36.990858105171796], [-119.7136608022038, 36.991247108728984], [-119.71364744874711, 36.9913174418051], [-119.7136474307808, 36.99131749203068], [-119.71359515511946, 36.99145563882034], [-119.71359512816998, 36.99145568402325], [-119.71352645196652, 36.99156863175421], [-119.71319634715077, 36.9918816603368], [-119.71303961269324, 36.99206423595123], [-119.71277949562126, 36.99244666393046], [-119.71215476944346, 36.9932268684159], [-119.7118592021554, 36.99348677097267], [-119.71166831554743, 36.99367966305492], [-119.71145982195985, 36.99382703743046], [-119.7112866986383, 36.9940002215441], [-119.7109459658544, 36.994280330732536], [-119.71093949528941, 36.99428564941493], [-119.71091510423283, 36.994301327795], [-119.71033140770729, 36.9946765015982], [-119.71000170443844, 36.994946717914985], [-119.71000086271704, 36.99494761619266], [-119.70977574670346, 36.995188159784675], [-119.70972571952527, 36.995227998118104], [-119.70955342534876, 36.99536520078856], [-119.70903194254653, 36.99499497664688], [-119.7087299002019, 36.99460899561933], [-119.70836744884939, 36.99378877898277], [-119.70872489658576, 36.9933605374753], [-119.70872492802683, 36.99336049944838], [-119.7087298993036, 36.99335454357089], [-119.70866949119399, 36.9926308116573], [-119.70818622272398, 36.99210007154803], [-119.70740091370597, 36.99190707357413], [-119.70673642090715, 36.99142457721417], [-119.70589070198291, 36.990749077598544], [-119.7054067292337, 36.99046424203882], [-119.70474294161238, 36.99007357198357], [-119.70377640646899, 36.98925330643378], [-119.70341395601476, 36.988722542038424], [-119.70365559024978, 36.98819177465694], [-119.70383681457857, 36.98751624561323], [-119.70377640646899, 36.98688896368242], [-119.70371599746107, 36.98587565123023], [-119.7037157189833, 36.98587457560816], [-119.70338353007608, 36.98459220373364], [-119.70368214444959, 36.98399586977622], [-119.70375679804292, 36.98322062885873], [-119.70323422288935, 36.9828628230252], [-119.70271164683741, 36.98232611040213], [-119.70271164683741, 36.98184903069194], [-119.70286095402416, 36.98065631509933], [-119.70271164683741, 36.97952321861428], [-119.702487685159, 36.97844974318373], [-119.70221543813572, 36.978183924757275], [-119.70181580281864, 36.97779372268629], [-119.70114391958, 36.977256975023465], [-119.7008453052065, 36.976481665442364], [-119.7008453052065, 36.975050305249546], [-119.70099461239326, 36.97332070837983], [-119.70106926598662, 36.97206821622764], [-119.70159184114021, 36.97099463563337], [-119.70186104197636, 36.97069890171867], [-119.70218906988718, 36.97033855158753], [-119.70223569245046, 36.970273365170655], [-119.70278629953248, 36.96950352663245], [-119.70271164504081, 36.969026365812574], [-119.7030102603126, 36.96825097166533], [-119.70360748905956, 36.96723698466292], [-119.70442867858664, 36.966521219564314], [-119.70524986901206, 36.96562650552149], [-119.70524986991038, 36.96455283407219], [-119.70480194745183, 36.963479147480875], [-119.70465263936678, 36.962822997941906]], [[-119.42732310632633, 36.686779505618155], [-119.42340510601124, 36.68660159102198], [-119.41949028124071, 36.6865957632055], [-119.41920140819819, 36.68664751477668], [-119.41431174246112, 36.687523381064146], [-119.40978085845862, 36.68884381460126], [-119.4056832049682, 36.690502393126465], [-119.40300875777233, 36.69214240706467], [-119.4009671503379, 36.69337275147627], [-119.39922285202485, 36.695287088193695], [-119.39747746944526, 36.697144233602884], [-119.39578521233325, 36.69802604352672], [-119.39508812057107, 36.698837611710054], [-119.3946769949032, 36.69970270897456], [-119.3946769769369, 36.69970275939205], [-119.39498159924301, 36.700788175112834], [-119.39585043451446, 36.70157951161528], [-119.39650464519653, 36.702316302346105], [-119.39816391347637, 36.703498909464], [-119.39960106342072, 36.70422548941658], [-119.40298966587758, 36.706532013659334], [-119.40680771334591, 36.70894769306771], [-119.41131871134299, 36.710322114914845], [-119.41317267418927, 36.7104699523261], [-119.4153155855366, 36.71084320979157], [-119.41831373256028, 36.711262626545285], [-119.41969912966282, 36.71124447969062], [-119.42037794789546, 36.71123558233646], [-119.42184598551258, 36.70978303998127], [-119.42387686975744, 36.70797911967121], [-119.42727078934247, 36.706730588157356], [-119.43023768128246, 36.705487553059754], [-119.43175252471914, 36.70403754666066], [-119.4325453939586, 36.70327859768422], [-119.43420703828234, 36.70079146012704], [-119.43420704996042, 36.70079140754956], [-119.4352602563591, 36.696248620156204], [-119.43526026085068, 36.69624856757561], [-119.43519137623805, 36.695382229994834], [-119.4351913735431, 36.695382178133954], [-119.43488679794942, 36.69155249869339], [-119.43342565939369, 36.689565304808646], [-119.43047355462157, 36.68776971353109], [-119.42732310632633, 36.686779505618155]], [[-119.35544534581032, 36.58760747890558], [-119.35547548338981, 36.585314000253014], [-119.35494939223018, 36.58371529084779], [-119.35392401743565, 36.582008223796215], [-119.35346399826348, 36.58012212303292], [-119.35346400365334, 36.58012207109433], [-119.35356624540744, 36.57788495444238], [-119.35474574325694, 36.57626486240552], [-119.35474575852831, 36.57626481118582], [-119.3554466420793, 36.574534333042116], [-119.35544666184222, 36.574534283264065], [-119.3555204521546, 36.574352052056604], [-119.35552047191754, 36.57435200155701], [-119.35552102797472, 36.57435063446063], [-119.35552104683931, 36.574350582518164], [-119.3555625813448, 36.57424800116282], [-119.35514810585921, 36.570928038899076], [-119.35459159954073, 36.56760989491054], [-119.35355103243809, 36.565043068864604], [-119.35309729159145, 36.56350072010195], [-119.3525570986785, 36.561099595092394], [-119.35255710676334, 36.561099543141026], [-119.35274072959392, 36.559434777031015], [-119.35234878565232, 36.557375761673576], [-119.35175403356057, 36.555892699110515], [-119.35039417825654, 36.555336432274686], [-119.34897442328935, 36.555411514048814], [-119.3489705299909, 36.55542489250793], [-119.34897051471955, 36.55542494446312], [-119.34877353124573, 36.5561019095116], [-119.34877352495751, 36.55610196146629], [-119.34896531796561, 36.558908733285286], [-119.34896531527069, 36.558908785238096], [-119.34846103969772, 36.56252688277784], [-119.34846102801961, 36.56252693400672], [-119.34785720563846, 36.56454116405891], [-119.34785719036712, 36.56454121528645], [-119.34685542689152, 36.568165490425265], [-119.34685541790833, 36.56816554237183], [-119.34674274312057, 36.569829504929636], [-119.34674274312057, 36.56982955687509], [-119.34685033793541, 36.57189212241476], [-119.34685033973203, 36.57189217508034], [-119.34687561293424, 36.5733251105632], [-119.3468756048494, 36.57332516178492], [-119.34657316544944, 36.574247472359154], [-119.34657314927978, 36.57424752430169], [-119.34657270012212, 36.57424889284277], [-119.34657268305415, 36.574248943342425], [-119.34652939773217, 36.57438094720227], [-119.34652937976585, 36.57438099770186], [-119.3464036803048, 36.57476430229631], [-119.34640366593175, 36.57476435351706], [-119.34444445467014, 36.57650879647134], [-119.34220194710723, 36.578314044610224], [-119.34123543801495, 36.57993122764447], [-119.33955326269539, 36.58127081019146], [-119.33866776547207, 36.5834603668871], [-119.33866775109901, 36.58346041810209], [-119.3392927288051, 36.58666316934872], [-119.34061851101043, 36.58928390391884], [-119.34229850791546, 36.591842741196594], [-119.34388842715367, 36.5933135043146], [-119.34575454510406, 36.59432210863789], [-119.34697704620456, 36.5951095309189], [-119.34819751351922, 36.59578208982419], [-119.3496455079257, 36.597254601076145], [-119.35222456661484, 36.59836879005894], [-119.35439904026966, 36.59858452257285], [-119.3547885048611, 36.59862315705647], [-119.35719387788332, 36.59796231432613], [-119.35831569760339, 36.59708823315553], [-119.35831569670506, 36.597088189882925], [-119.35799259874851, 36.59491369177518], [-119.35676073630445, 36.593610665629264], [-119.35579085852987, 36.591042974997556], [-119.35579086122479, 36.5910429237876], [-119.35544534760697, 36.58760753011782], [-119.35544534581032, 36.58760747890558]], [[-119.36923841016105, 36.68649876277325], [-119.36799364251961, 36.68456538990029], [-119.36548970724274, 36.683851842725595], [-119.36376651664395, 36.683013688253766], [-119.36254859695138, 36.682570479244724], [-119.36061506313388, 36.68190695012856], [-119.35917249455171, 36.68083595231217], [-119.35879321236402, 36.67952213900725], [-119.3584230022624, 36.67872412531969], [-119.35628441809978, 36.67852179554565], [-119.3560867797541, 36.67862274688649], [-119.35409810464948, 36.6796385028091], [-119.35349443677856, 36.681709857524815], [-119.35349443049034, 36.68170991011535], [-119.35368578601891, 36.684459271056], [-119.35368578242569, 36.68445932364465], [-119.35480322106207, 36.68725435193748], [-119.35705536664965, 36.68980570303397], [-119.35843602963064, 36.69139367662947], [-119.35981698186914, 36.69298135739797], [-119.36147534824045, 36.69416428388487], [-119.36200632982845, 36.69599221501758], [-119.36223535171689, 36.69684923830783], [-119.36333983395194, 36.69889911381351], [-119.36498700911143, 36.699451529264145], [-119.36650541616481, 36.69960667652807], [-119.36698400531054, 36.69965557291249], [-119.36924496876094, 36.69870968078142], [-119.37029802603926, 36.69789374570899], [-119.37029802603926, 36.69789370177265], [-119.37013087561603, 36.69651996808865], [-119.36911381742439, 36.6953863572598], [-119.36879507539865, 36.69349846913535], [-119.37034525676198, 36.692618918054755], [-119.37034526754174, 36.69261886619199], [-119.37080508549128, 36.690491848843024], [-119.37033579660368, 36.68814738681991], [-119.36923841016105, 36.68649876277325]]]}}]}